datetime,open,high,low,close,volume
2026-02-02T01:00:00+00:00,15025.430000000002,15026.730000000001,14976.220000000001,14989.210000000001,896.3154780771263
2026-02-02T01:15:00+00:00,14989.210000000001,15046.210000000001,14952.720000000001,15013.710000000001,4647
2026-02-02T01:30:00+00:00,15013.710000000001,15090.730000000001,14984.210000000001,15090.210000000001,13635
2026-02-02T01:45:00+00:00,15090.210000000001,15159.730000000001,15082.220000000001,15147.710000000001,10693
2026-02-02T02:00:00+00:00,15147.710000000001,15167.730000000001,15082.710000000001,15083.730000000001,8086
2026-02-02T02:15:00+00:00,15083.730000000001,15110.730000000001,15040.220000000001,15040.220000000001,5947
2026-02-02T02:30:00+00:00,15040.220000000001,15076.730000000001,15038.710000000001,15060.710000000001,4800
2026-02-02T02:45:00+00:00,15060.710000000001,15067.220000000001,15002.210000000001,15007.230000000001,3532
2026-02-02T03:00:00+00:00,15007.230000000001,15036.730000000001,14988.730000000001,15023.720000000001,4240
2026-02-02T03:15:00+00:00,15023.720000000001,15030.210000000001,14961.710000000001,14965.730000000001,3165
2026-02-02T03:30:00+00:00,14965.730000000001,14971.730000000001,14956.220000000001,14959.220000000001,703
2026-02-02T03:45:00+00:00,14959.220000000001,14964.220000000001,14953.710000000001,14963.210000000001,641
2026-02-02T04:00:00+00:00,14963.210000000001,14973.220000000001,14958.710000000001,14972.230000000001,321
2026-02-02T04:15:00+00:00,14972.230000000001,14976.730000000001,14962.720000000001,14967.730000000001,319
2026-02-02T04:30:00+00:00,14967.730000000001,14974.730000000001,14965.730000000001,14971.210000000001,189
2026-02-02T04:45:00+00:00,14971.210000000001,14972.730000000001,14967.710000000001,14967.720000000001,147
2026-02-02T05:00:00+00:00,14967.720000000001,14991.230000000001,14940.230000000001,14951.230000000001,3840
2026-02-02T05:15:00+00:00,14951.230000000001,14954.720000000001,14884.730000000001,14887.730000000001,3982
2026-02-02T05:30:00+00:00,14887.730000000001,14913.220000000001,14831.720000000001,14838.210000000001,5554
2026-02-02T05:45:00+00:00,14838.210000000001,14860.730000000001,14798.220000000001,14854.710000000001,6416
2026-02-02T06:00:00+00:00,14854.710000000001,14910.730000000001,14854.210000000001,14891.710000000001,5147
2026-02-02T06:15:00+00:00,14891.710000000001,14899.210000000001,14838.710000000001,14849.220000000001,4689
2026-02-02T06:30:00+00:00,14849.220000000001,14869.220000000001,14819.230000000001,14821.710000000001,4913
2026-02-02T06:45:00+00:00,14821.710000000001,14847.220000000001,14776.720000000001,14838.210000000001,6041
2026-02-02T07:00:00+00:00,14838.210000000001,14846.720000000001,14823.710000000001,14839.230000000001,1088
2026-02-02T07:15:00+00:00,14839.230000000001,14855.230000000001,14838.710000000001,14848.730000000001,696
2026-02-02T07:30:00+00:00,14848.730000000001,14856.730000000001,14842.220000000001,14854.730000000001,572
2026-02-02T07:45:00+00:00,14854.730000000001,14864.730000000001,14850.730000000001,14864.220000000001,552
2026-02-02T08:00:00+00:00,14864.220000000001,14871.730000000001,14855.720000000001,14867.210000000001,798
2026-02-02T08:15:00+00:00,14867.210000000001,14871.710000000001,14862.710000000001,14869.210000000001,344
2026-02-02T09:00:00+00:00,14869.210000000001,14875.230000000001,14856.710000000001,14869.210000000001,236
2026-02-02T09:15:00+00:00,14869.210000000001,14883.730000000001,14863.720000000001,14882.230000000001,547
2026-02-02T09:30:00+00:00,14882.230000000001,14892.730000000001,14880.710000000001,14892.720000000001,436
2026-02-02T09:45:00+00:00,14892.720000000001,14899.720000000001,14891.220000000001,14895.730000000001,405
2026-02-02T10:00:00+00:00,14895.730000000001,14902.730000000001,14891.710000000001,14896.730000000001,389
2026-02-02T10:15:00+00:00,14896.730000000001,14899.230000000001,14892.210000000001,14896.720000000001,311
2026-02-02T10:30:00+00:00,14896.720000000001,14897.730000000001,14881.210000000001,14881.710000000001,283
2026-02-02T10:45:00+00:00,14881.710000000001,14889.720000000001,14878.710000000001,14885.710000000001,241
2026-02-02T11:00:00+00:00,14885.710000000001,14909.720000000001,14884.720000000001,14906.710000000001,356
2026-02-02T11:15:00+00:00,14906.710000000001,14908.730000000001,14898.710000000001,14903.220000000001,306
2026-02-02T11:30:00+00:00,14903.220000000001,14905.720000000001,14900.710000000001,14901.230000000001,252
2026-02-02T11:45:00+00:00,14901.230000000001,14903.720000000001,14897.720000000001,14898.730000000001,191
2026-02-02T12:00:00+00:00,14898.730000000001,14907.730000000001,14896.710000000001,14902.720000000001,316
2026-02-02T12:15:00+00:00,14902.720000000001,14905.720000000001,14899.230000000001,14903.730000000001,215
2026-02-02T12:30:00+00:00,14903.730000000001,14905.710000000001,14895.720000000001,14899.720000000001,175
2026-02-02T12:45:00+00:00,14899.720000000001,14902.220000000001,14894.710000000001,14897.710000000001,181
2026-02-02T13:00:00+00:00,14897.710000000001,14900.720000000001,14886.710000000001,14895.220000000001,382
2026-02-02T13:15:00+00:00,14895.220000000001,14897.710000000001,14888.220000000001,14889.710000000001,299
2026-02-02T13:30:00+00:00,14889.710000000001,14893.720000000001,14885.710000000001,14889.220000000001,359
2026-02-02T13:45:00+00:00,14889.220000000001,14904.730000000001,14888.720000000001,14901.730000000001,311
2026-02-02T14:00:00+00:00,14901.730000000001,14908.730000000001,14901.730000000001,14906.230000000001,313
2026-02-02T14:15:00+00:00,14906.230000000001,14913.720000000001,14904.720000000001,14909.720000000001,346
2026-02-02T14:30:00+00:00,14909.720000000001,14935.730000000001,14908.220000000001,14932.730000000001,1475
2026-02-02T14:45:00+00:00,14932.730000000001,14944.730000000001,14930.220000000001,14934.210000000001,818
2026-02-02T15:00:00+00:00,14934.210000000001,14947.730000000001,14920.710000000001,14944.710000000001,1196
2026-02-02T15:15:00+00:00,14944.710000000001,14955.730000000001,14938.710000000001,14939.210000000001,738
2026-02-02T15:30:00+00:00,14939.210000000001,14943.720000000001,14923.710000000001,14923.710000000001,781
2026-02-02T15:45:00+00:00,14923.710000000001,14924.230000000001,14913.730000000001,14919.730000000001,732
2026-02-02T16:00:00+00:00,14919.730000000001,14925.230000000001,14909.710000000001,14923.220000000001,588
2026-02-02T16:15:00+00:00,14923.220000000001,14929.710000000001,14920.720000000001,14926.230000000001,434
2026-02-02T16:30:00+00:00,14926.230000000001,14926.720000000001,14918.710000000001,14921.720000000001,417
2026-02-02T16:45:00+00:00,14921.720000000001,14933.720000000001,14916.710000000001,14928.710000000001,299
2026-02-02T17:00:00+00:00,14928.710000000001,14936.730000000001,14924.720000000001,14935.710000000001,380
2026-02-02T17:15:00+00:00,14935.710000000001,14935.710000000001,14927.710000000001,14930.710000000001,202
2026-02-02T17:30:00+00:00,14930.710000000001,14934.730000000001,14926.720000000001,14933.230000000001,210
2026-02-02T17:45:00+00:00,14933.230000000001,14933.730000000001,14929.710000000001,14930.730000000001,167
2026-02-02T18:00:00+00:00,14930.730000000001,14933.210000000001,14922.720000000001,14923.730000000001,195
2026-02-02T18:15:00+00:00,14923.730000000001,14924.730000000001,14918.210000000001,14918.710000000001,243.18911719939118
2026-02-02T18:30:00+00:00,14918.710000000001,14922.730000000001,14918.710000000001,14922.220000000001,135.1827731092437
2026-02-02T18:45:00+00:00,14922.220000000001,14927.720000000001,14921.730000000001,14923.720000000001,181
2026-02-02T19:00:00+00:00,14923.720000000001,14924.730000000001,14922.710000000001,14923.220000000001,63.28843264897346
2026-02-02T19:15:00+00:00,14923.220000000001,14926.730000000001,14922.710000000001,14925.730000000001,104
2026-02-02T19:30:00+00:00,14925.730000000001,14926.730000000001,14920.710000000001,14926.730000000001,129
2026-02-02T19:45:00+00:00,14926.730000000001,14928.220000000001,14918.210000000001,14918.730000000001,194
2026-02-02T20:00:00+00:00,14918.730000000001,14926.210000000001,14916.710000000001,14921.210000000001,378
2026-02-02T20:15:00+00:00,14921.210000000001,14921.230000000001,14917.710000000001,14919.210000000001,134.05181347150258
2026-02-02T20:30:00+00:00,14919.210000000001,14921.230000000001,14917.720000000001,14918.710000000001,76.89233511098644
2026-02-03T01:00:00+00:00,14918.710000000001,14959.710000000001,14917.710000000001,14946.210000000001,635.5282331511839
2026-02-03T01:15:00+00:00,14946.210000000001,15000.210000000001,14938.7,14998.2,1634
2026-02-03T01:30:00+00:00,14998.2,15010.710000000001,14886.220000000001,14899.220000000001,10952
2026-02-03T01:45:00+00:00,14899.220000000001,14947.720000000001,14875.7,14908.220000000001,7068
2026-02-03T02:00:00+00:00,14908.220000000001,14912.710000000001,14782.710000000001,14785.2,6156
2026-02-03T02:15:00+00:00,14785.2,14796.710000000001,14723.7,14725.2,6517
2026-02-03T02:30:00+00:00,14725.2,14736.720000000001,14673.210000000001,14694.210000000001,6705
2026-02-03T02:45:00+00:00,14694.210000000001,14729.2,14657.2,14702.2,7659
2026-02-03T03:00:00+00:00,14702.2,14744.220000000001,14685.210000000001,14689.220000000001,5512
2026-02-03T03:15:00+00:00,14689.220000000001,14754.7,14683.220000000001,14739.7,4644
2026-02-03T03:30:00+00:00,14739.7,14752.220000000001,14728.210000000001,14741.720000000001,1154
2026-02-03T03:45:00+00:00,14741.720000000001,14770.710000000001,14739.2,14755.220000000001,1080
2026-02-03T04:00:00+00:00,14755.220000000001,14774.220000000001,14754.220000000001,14770.2,375
2026-02-03T04:15:00+00:00,14770.2,14775.720000000001,14765.2,14767.2,222
2026-02-03T04:30:00+00:00,14767.2,14775.220000000001,14766.2,14774.220000000001,187.322731316726
2026-02-03T04:45:00+00:00,14774.220000000001,14774.220000000001,14762.2,14767.2,301
2026-02-03T05:00:00+00:00,14767.2,14796.720000000001,14736.7,14743.710000000001,4379
2026-02-03T05:15:00+00:00,14743.710000000001,14773.7,14741.2,14773.210000000001,2867
2026-02-03T05:30:00+00:00,14773.210000000001,14813.220000000001,14769.2,14810.210000000001,2811
2026-02-03T05:45:00+00:00,14810.210000000001,14839.220000000001,14791.7,14814.720000000001,2416
2026-02-03T06:00:00+00:00,14814.720000000001,14830.210000000001,14783.220000000001,14822.220000000001,2867
2026-02-03T06:15:00+00:00,14822.220000000001,14846.2,14817.7,14834.220000000001,2623
2026-02-03T06:30:00+00:00,14834.220000000001,14856.2,14823.2,14833.220000000001,2912
2026-02-03T06:45:00+00:00,14833.220000000001,14852.7,14817.210000000001,14844.220000000001,2330
2026-02-03T07:00:00+00:00,14844.220000000001,14849.220000000001,14829.2,14845.220000000001,826
2026-02-03T07:15:00+00:00,14845.220000000001,14845.220000000001,14831.720000000001,14836.220000000001,324
2026-02-03T07:30:00+00:00,14836.220000000001,14850.220000000001,14834.2,14847.2,339
2026-02-03T07:45:00+00:00,14847.2,14847.2,14832.2,14834.220000000001,408
2026-02-03T08:00:00+00:00,14834.220000000001,14850.220000000001,14830.7,14849.2,511
2026-02-03T08:15:00+00:00,14849.2,14852.220000000001,14843.2,14848.7,212
2026-02-03T09:00:00+00:00,14848.7,14850.2,14838.710000000001,14840.7,166
2026-02-03T09:15:00+00:00,14840.7,14844.2,14827.2,14828.2,375
2026-02-03T09:30:00+00:00,14828.2,14832.7,14824.2,14830.220000000001,315
2026-02-03T09:45:00+00:00,14830.220000000001,14832.220000000001,14826.2,14831.2,240
2026-02-03T10:00:00+00:00,14831.2,14842.720000000001,14831.2,14838.720000000001,191
2026-02-03T10:15:00+00:00,14838.720000000001,14840.220000000001,14835.2,14838.2,91
2026-02-03T10:30:00+00:00,14838.2,14838.220000000001,14830.2,14833.210000000001,182
2026-02-03T10:45:00+00:00,14833.210000000001,14833.210000000001,14826.2,14827.2,190
2026-02-03T11:00:00+00:00,14827.2,14829.220000000001,14821.210000000001,14829.2,180
2026-02-03T11:15:00+00:00,14829.2,14829.220000000001,14818.220000000001,14828.710000000001,236
2026-02-03T11:30:00+00:00,14828.710000000001,14831.2,14824.2,14824.210000000001,136
2026-02-03T11:45:00+00:00,14824.210000000001,14827.7,14818.7,14821.720000000001,165.02979902979902
2026-02-03T12:00:00+00:00,14821.720000000001,14836.210000000001,14821.720000000001,14833.210000000001,198
2026-02-03T12:15:00+00:00,14833.210000000001,14833.220000000001,14823.2,14826.220000000001,167
2026-02-03T12:30:00+00:00,14826.220000000001,14840.210000000001,14826.220000000001,14838.220000000001,225
2026-02-03T12:45:00+00:00,14838.220000000001,14839.220000000001,14835.2,14837.2,129
2026-02-03T13:00:00+00:00,14837.2,14841.220000000001,14834.220000000001,14837.210000000001,152.96251018744906
2026-02-03T13:15:00+00:00,14837.210000000001,14838.220000000001,14833.2,14836.210000000001,142
2026-02-03T13:30:00+00:00,14836.210000000001,14838.220000000001,14834.2,14836.2,187
2026-02-03T13:45:00+00:00,14836.2,14838.220000000001,14832.710000000001,14838.2,175
2026-02-03T14:00:00+00:00,14838.2,14838.220000000001,14831.2,14836.2,265
2026-02-03T14:15:00+00:00,14836.2,14837.220000000001,14831.710000000001,14834.2,220
2026-02-03T14:30:00+00:00,14834.2,14845.220000000001,14829.2,14839.210000000001,1671
2026-02-03T14:45:00+00:00,14839.210000000001,14854.220000000001,14824.2,14827.210000000001,898
2026-02-03T15:00:00+00:00,14827.210000000001,14844.210000000001,14823.2,14833.7,1330
2026-02-03T15:15:00+00:00,14833.7,14858.710000000001,14832.210000000001,14857.2,1247
2026-02-03T15:30:00+00:00,14857.2,14861.220000000001,14847.2,14850.720000000001,1149
2026-02-03T15:45:00+00:00,14850.720000000001,14869.2,14846.2,14864.220000000001,779
2026-02-03T16:00:00+00:00,14864.220000000001,14865.220000000001,14851.2,14853.210000000001,573
2026-02-03T16:15:00+00:00,14853.210000000001,14863.220000000001,14846.220000000001,14846.220000000001,578
2026-02-03T16:30:00+00:00,14846.220000000001,14853.710000000001,14843.710000000001,14849.210000000001,490
2026-02-03T16:45:00+00:00,14849.210000000001,14852.220000000001,14839.210000000001,14842.220000000001,570
2026-02-03T17:00:00+00:00,14842.220000000001,14845.220000000001,14825.2,14834.210000000001,762
2026-02-03T17:15:00+00:00,14834.210000000001,14855.220000000001,14830.210000000001,14838.210000000001,923
2026-02-03T17:30:00+00:00,14838.210000000001,14839.220000000001,14822.210000000001,14825.2,681
2026-02-03T17:45:00+00:00,14825.2,14833.720000000001,14822.2,14823.220000000001,675
2026-02-03T18:00:00+00:00,14823.220000000001,14830.210000000001,14815.2,14817.220000000001,668
2026-02-03T18:15:00+00:00,14817.220000000001,14819.220000000001,14808.2,14809.720000000001,600
2026-02-03T18:30:00+00:00,14809.720000000001,14810.210000000001,14792.2,14792.720000000001,623
2026-02-03T18:45:00+00:00,14792.720000000001,14797.2,14789.220000000001,14790.2,487
2026-02-03T19:00:00+00:00,14790.2,14806.220000000001,14782.2,14805.710000000001,327
2026-02-03T19:15:00+00:00,14805.710000000001,14812.720000000001,14795.2,14799.710000000001,645
2026-02-03T19:30:00+00:00,14799.710000000001,14804.220000000001,14794.220000000001,14798.210000000001,711
2026-02-03T19:45:00+00:00,14798.210000000001,14802.720000000001,14791.2,14800.210000000001,420
2026-02-03T20:00:00+00:00,14800.210000000001,14803.2,14795.2,14802.2,367
2026-02-03T20:15:00+00:00,14802.2,14809.210000000001,14800.2,14807.2,192
2026-02-03T20:30:00+00:00,14807.2,14824.220000000001,14807.2,14817.220000000001,295
2026-02-04T01:00:00+00:00,14817.220000000001,14846.910000000002,14816.720000000001,14844.900000000001,577.4720585893966
2026-02-04T01:15:00+00:00,14844.900000000001,14870.390000000001,14839.390000000001,14847.910000000002,1434
2026-02-04T01:30:00+00:00,14847.910000000002,14882.410000000002,14817.900000000001,14848.890000000001,9347
2026-02-04T01:45:00+00:00,14848.890000000001,14898.890000000001,14840.890000000001,14871.890000000001,7172
2026-02-04T02:00:00+00:00,14871.890000000001,14909.890000000001,14859.890000000001,14885.410000000002,5297
2026-02-04T02:15:00+00:00,14885.410000000002,14896.390000000001,14857.390000000001,14881.900000000001,4159
2026-02-04T02:30:00+00:00,14881.900000000001,14906.900000000001,14869.910000000002,14896.890000000001,3511
2026-02-04T02:45:00+00:00,14896.890000000001,14900.910000000002,14858.890000000001,14875.910000000002,2577
2026-02-04T03:00:00+00:00,14875.910000000002,14880.390000000001,14846.890000000001,14858.890000000001,2533
2026-02-04T03:15:00+00:00,14858.890000000001,14894.410000000002,14842.890000000001,14878.890000000001,2911
2026-02-04T03:30:00+00:00,14878.890000000001,14896.910000000002,14875.890000000001,14888.910000000002,491
2026-02-04T03:45:00+00:00,14888.910000000002,14889.900000000001,14877.890000000001,14879.900000000001,293
2026-02-04T04:00:00+00:00,14879.900000000001,14886.400000000001,14879.890000000001,14884.910000000002,110
2026-02-04T04:15:00+00:00,14884.910000000002,14885.910000000002,14880.900000000001,14883.410000000002,112
2026-02-04T04:30:00+00:00,14883.410000000002,14888.910000000002,14882.400000000001,14887.400000000001,101
2026-02-04T04:45:00+00:00,14887.400000000001,14889.900000000001,14884.890000000001,14888.410000000002,150
2026-02-04T05:00:00+00:00,14888.410000000002,14942.410000000002,14886.910000000002,14901.890000000001,4000
2026-02-04T05:15:00+00:00,14901.890000000001,14928.910000000002,14891.890000000001,14916.390000000001,3032
2026-02-04T05:30:00+00:00,14916.390000000001,14951.910000000002,14911.910000000002,14945.900000000001,2310
2026-02-04T05:45:00+00:00,14945.900000000001,14973.910000000002,14924.390000000001,14946.400000000001,2395
2026-02-04T06:00:00+00:00,14946.400000000001,15033.910000000002,14938.900000000001,15030.890000000001,2741
2026-02-04T06:15:00+00:00,15030.890000000001,15070.910000000002,15023.890000000001,15036.890000000001,4762
2026-02-04T06:30:00+00:00,15036.890000000001,15061.390000000001,15028.890000000001,15039.910000000002,3588
2026-02-04T06:45:00+00:00,15039.910000000002,15066.390000000001,15038.900000000001,15053.900000000001,2737
2026-02-04T07:00:00+00:00,15053.900000000001,15056.910000000002,15034.890000000001,15037.400000000001,703
2026-02-04T07:15:00+00:00,15037.400000000001,15047.900000000001,15034.890000000001,15046.410000000002,573
2026-02-04T07:30:00+00:00,15046.410000000002,15047.910000000002,15038.890000000001,15045.890000000001,424
2026-02-04T07:45:00+00:00,15045.890000000001,15048.910000000002,15038.910000000002,15041.910000000002,258
2026-02-04T08:00:00+00:00,15041.910000000002,15061.410000000002,15039.900000000001,15054.910000000002,875
2026-02-04T08:15:00+00:00,15054.910000000002,15054.910000000002,15045.900000000001,15051.400000000001,462
2026-02-04T09:00:00+00:00,15051.400000000001,15052.900000000001,15041.900000000001,15043.890000000001,126.82270497547302
2026-02-04T09:15:00+00:00,15043.890000000001,15045.410000000002,15030.410000000002,15037.410000000002,439
2026-02-04T09:30:00+00:00,15037.410000000002,15039.900000000001,15028.890000000001,15034.400000000001,295
2026-02-04T09:45:00+00:00,15034.400000000001,15054.410000000002,15034.400000000001,15051.910000000002,311
2026-02-04T10:00:00+00:00,15051.910000000002,15052.910000000002,15045.890000000001,15046.410000000002,180
2026-02-04T10:15:00+00:00,15046.410000000002,15052.910000000002,15042.890000000001,15048.910000000002,254
2026-02-04T10:30:00+00:00,15048.910000000002,15051.910000000002,15048.390000000001,15051.390000000001,97.66284722222223
2026-02-04T10:45:00+00:00,15051.390000000001,15056.410000000002,15048.900000000001,15050.390000000001,168
2026-02-04T11:00:00+00:00,15050.390000000001,15052.910000000002,15040.890000000001,15047.410000000002,153
2026-02-04T11:15:00+00:00,15047.410000000002,15049.890000000001,15043.900000000001,15049.390000000001,153
2026-02-04T11:30:00+00:00,15049.390000000001,15051.400000000001,15043.900000000001,15044.890000000001,148
2026-02-04T11:45:00+00:00,15044.890000000001,15047.910000000002,15042.400000000001,15047.390000000001,170
2026-02-04T12:00:00+00:00,15047.390000000001,15048.410000000002,15041.890000000001,15043.900000000001,190
2026-02-04T12:15:00+00:00,15043.900000000001,15045.890000000001,15038.890000000001,15038.910000000002,172
2026-02-04T12:30:00+00:00,15038.910000000002,15041.910000000002,15036.890000000001,15041.890000000001,167
2026-02-04T12:45:00+00:00,15041.890000000001,15051.900000000001,15041.400000000001,15048.890000000001,118
2026-02-04T13:00:00+00:00,15048.890000000001,15052.900000000001,15043.900000000001,15046.400000000001,241
2026-02-04T13:15:00+00:00,15046.400000000001,15049.910000000002,15044.900000000001,15044.900000000001,195
2026-02-04T13:30:00+00:00,15044.900000000001,15067.900000000001,15043.410000000002,15059.890000000001,535
2026-02-04T13:45:00+00:00,15059.890000000001,15071.890000000001,15055.890000000001,15059.390000000001,294
2026-02-04T14:00:00+00:00,15059.390000000001,15060.390000000001,15045.890000000001,15050.390000000001,391
2026-02-04T14:15:00+00:00,15050.390000000001,15060.890000000001,15049.890000000001,15056.400000000001,329
2026-02-04T14:30:00+00:00,15056.400000000001,15060.410000000002,15042.900000000001,15054.890000000001,2516
2026-02-04T14:45:00+00:00,15054.890000000001,15058.900000000001,15037.900000000001,15040.410000000002,1614
2026-02-04T15:00:00+00:00,15040.410000000002,15052.900000000001,15030.900000000001,15049.910000000002,1863
2026-02-04T15:15:00+00:00,15049.910000000002,15060.910000000002,15043.890000000001,15052.890000000001,1493
2026-02-04T15:30:00+00:00,15052.890000000001,15076.900000000001,15030.890000000001,15066.910000000002,2449
2026-02-04T15:45:00+00:00,15066.910000000002,15068.910000000002,15043.900000000001,15045.900000000001,1433
2026-02-04T16:00:00+00:00,15045.900000000001,15048.900000000001,15018.910000000002,15021.900000000001,1368
2026-02-04T16:15:00+00:00,15021.900000000001,15025.910000000002,15002.890000000001,15020.890000000001,1190
2026-02-04T16:30:00+00:00,15020.890000000001,15029.390000000001,15005.400000000001,15005.400000000001,973
2026-02-04T16:45:00+00:00,15005.400000000001,15021.400000000001,14997.890000000001,15018.900000000001,913
2026-02-04T17:00:00+00:00,15018.900000000001,15023.910000000002,15010.890000000001,15023.390000000001,981
2026-02-04T17:15:00+00:00,15023.390000000001,15024.900000000001,14991.890000000001,14992.910000000002,1244
2026-02-04T17:30:00+00:00,14992.910000000002,15001.910000000002,14976.390000000001,14983.390000000001,1482
2026-02-04T17:45:00+00:00,14983.390000000001,14986.910000000002,14974.390000000001,14978.910000000002,1089
2026-02-04T18:00:00+00:00,14978.910000000002,14987.900000000001,14972.890000000001,14976.890000000001,995
2026-02-04T18:15:00+00:00,14976.890000000001,14991.910000000002,14970.890000000001,14988.900000000001,917
2026-02-04T18:30:00+00:00,14988.900000000001,14988.900000000001,14975.890000000001,14979.890000000001,1031
2026-02-04T18:45:00+00:00,14979.890000000001,14992.900000000001,14972.890000000001,14986.390000000001,604
2026-02-04T19:00:00+00:00,14986.390000000001,14986.910000000002,14973.910000000002,14980.890000000001,955
2026-02-04T19:15:00+00:00,14980.890000000001,14983.410000000002,14974.890000000001,14981.900000000001,457
2026-02-04T19:30:00+00:00,14981.900000000001,14990.890000000001,14981.890000000001,14988.910000000002,445
2026-02-04T19:45:00+00:00,14988.910000000002,15006.910000000002,14987.890000000001,15006.910000000002,638
2026-02-04T20:00:00+00:00,15006.910000000002,15007.910000000002,14995.890000000001,15001.390000000001,310
2026-02-04T20:15:00+00:00,15001.390000000001,15001.910000000002,14992.890000000001,14993.890000000001,320
2026-02-04T20:30:00+00:00,14993.890000000001,15000.410000000002,14989.890000000001,14992.900000000001,289
2026-02-05T01:00:00+00:00,14992.900000000001,14997.27,14970.78,14977.77,411.0725486096592
2026-02-05T01:15:00+00:00,14977.77,14990.760000000002,14940.760000000002,14967.28,1547
2026-02-05T01:30:00+00:00,14967.28,15039.760000000002,14966.260000000002,14988.28,10144
2026-02-05T01:45:00+00:00,14988.28,14992.28,14934.77,14941.28,6481
2026-02-05T02:00:00+00:00,14941.28,15005.77,14936.260000000002,14970.28,5732
2026-02-05T02:15:00+00:00,14970.28,14990.77,14941.260000000002,14974.28,5002
2026-02-05T02:30:00+00:00,14974.28,14995.28,14953.760000000002,14979.760000000002,5453
2026-02-05T02:45:00+00:00,14979.760000000002,14985.78,14899.260000000002,14906.27,4495
2026-02-05T03:00:00+00:00,14906.27,14949.28,14901.760000000002,14941.27,4659
2026-02-05T03:15:00+00:00,14941.27,14983.28,14934.27,14950.760000000002,4432
2026-02-05T03:30:00+00:00,14950.760000000002,14951.27,14923.77,14928.77,1023
2026-02-05T03:45:00+00:00,14928.77,14928.78,14922.760000000002,14924.27,408
2026-02-05T04:00:00+00:00,14924.27,14928.28,14922.27,14925.760000000002,127
2026-02-05T04:15:00+00:00,14925.760000000002,14927.260000000002,14923.760000000002,14926.78,105
2026-02-05T04:30:00+00:00,14926.78,14934.28,14926.27,14934.28,147
2026-02-05T04:45:00+00:00,14934.28,14940.77,14932.760000000002,14935.27,121.30736564650755
2026-02-05T05:00:00+00:00,14935.27,14968.760000000002,14927.760000000002,14937.78,3562
2026-02-05T05:15:00+00:00,14937.78,14985.28,14926.77,14978.28,3004
2026-02-05T05:30:00+00:00,14978.28,15049.27,14960.77,15040.77,3436
2026-02-05T05:45:00+00:00,15040.77,15062.77,15020.260000000002,15035.28,3141
2026-02-05T06:00:00+00:00,15035.28,15038.78,14997.760000000002,15005.760000000002,3815
2026-02-05T06:15:00+00:00,15005.760000000002,15031.28,14994.260000000002,15030.78,2849
2026-02-05T06:30:00+00:00,15030.78,15050.78,15015.760000000002,15035.760000000002,3336
2026-02-05T06:45:00+00:00,15035.760000000002,15053.77,15030.760000000002,15047.78,2420
2026-02-05T07:00:00+00:00,15047.78,15051.78,15023.78,15026.27,1199
2026-02-05T07:15:00+00:00,15026.27,15049.78,15025.77,15046.77,525
2026-02-05T07:30:00+00:00,15046.77,15052.28,15035.760000000002,15036.260000000002,447
2026-02-05T07:45:00+00:00,15036.260000000002,15044.78,15033.28,15037.760000000002,300
2026-02-05T08:00:00+00:00,15037.760000000002,15054.760000000002,15037.760000000002,15051.77,594
2026-02-05T08:15:00+00:00,15051.77,15058.78,15045.760000000002,15049.77,467
2026-02-05T09:00:00+00:00,15049.77,15049.77,15039.760000000002,15041.78,219
2026-02-05T09:15:00+00:00,15041.78,15045.78,15028.78,15041.27,558
2026-02-05T09:30:00+00:00,15041.27,15048.78,15032.260000000002,15033.260000000002,373
2026-02-05T09:45:00+00:00,15033.260000000002,15039.27,15031.760000000002,15036.78,359
2026-02-05T10:00:00+00:00,15036.78,15044.78,15032.77,15044.260000000002,284
2026-02-05T10:15:00+00:00,15044.260000000002,15046.78,15041.77,15046.78,237
2026-02-05T10:30:00+00:00,15046.78,15048.78,15040.760000000002,15043.77,265
2026-02-05T10:45:00+00:00,15043.77,15050.78,15043.260000000002,15046.27,193
2026-02-05T11:00:00+00:00,15046.27,15046.760000000002,15038.760000000002,15043.260000000002,278
2026-02-05T11:15:00+00:00,15043.260000000002,15047.78,15041.760000000002,15043.760000000002,308
2026-02-05T11:30:00+00:00,15043.760000000002,15044.78,15037.760000000002,15039.78,298
2026-02-05T11:45:00+00:00,15039.78,15044.78,15039.760000000002,15040.760000000002,154
2026-02-05T12:00:00+00:00,15040.760000000002,15045.78,15035.77,15038.260000000002,316
2026-02-05T12:15:00+00:00,15038.260000000002,15040.78,15016.260000000002,15024.27,673
2026-02-05T12:30:00+00:00,15024.27,15026.78,15007.760000000002,15013.78,892
2026-02-05T12:45:00+00:00,15013.78,15014.78,15003.27,15008.78,985
2026-02-05T13:00:00+00:00,15008.78,15009.78,15001.760000000002,15001.78,757
2026-02-05T13:15:00+00:00,15001.78,15004.760000000002,14996.760000000002,15000.28,570
2026-02-05T13:30:00+00:00,15000.28,15015.28,14998.77,15001.760000000002,889
2026-02-05T13:45:00+00:00,15001.760000000002,15007.77,14998.760000000002,15000.77,717
2026-02-05T14:00:00+00:00,15000.77,15010.760000000002,14993.28,14997.78,1006
2026-02-05T14:15:00+00:00,14997.78,15006.78,14991.77,15000.78,592
2026-02-05T14:30:00+00:00,15000.78,15025.78,14988.760000000002,15022.760000000002,4021
2026-02-05T14:45:00+00:00,15022.760000000002,15025.77,14997.760000000002,15000.760000000002,2845
2026-02-05T15:00:00+00:00,15000.760000000002,15013.77,14978.78,14979.760000000002,2451
2026-02-05T15:15:00+00:00,14979.760000000002,14986.78,14964.760000000002,14967.760000000002,2350
2026-02-05T15:30:00+00:00,14967.760000000002,14975.78,14952.77,14965.78,2188
2026-02-05T15:45:00+00:00,14965.78,14968.78,14951.760000000002,14965.260000000002,1892
2026-02-05T16:00:00+00:00,14965.260000000002,14968.78,14951.760000000002,14952.78,1295
2026-02-05T16:15:00+00:00,14952.78,14993.78,14952.260000000002,14993.78,1667
2026-02-05T16:30:00+00:00,14993.78,15001.27,14989.77,14995.760000000002,1420
2026-02-05T16:45:00+00:00,14995.760000000002,15004.28,14985.77,15003.760000000002,1235
2026-02-05T17:00:00+00:00,15003.760000000002,15004.28,14984.760000000002,14987.78,972
2026-02-05T17:15:00+00:00,14987.78,15003.28,14981.78,14999.78,901
2026-02-05T17:30:00+00:00,14999.78,15002.78,14989.77,14996.760000000002,1080
2026-02-05T17:45:00+00:00,14996.760000000002,15005.78,14981.760000000002,14983.77,1050
2026-02-05T18:00:00+00:00,14983.77,14991.78,14973.760000000002,14975.78,872
2026-02-05T18:15:00+00:00,14975.78,14977.78,14963.27,14966.77,785
2026-02-05T18:30:00+00:00,14966.77,14972.28,14958.77,14960.78,583
2026-02-05T18:45:00+00:00,14960.78,14962.78,14951.760000000002,14958.760000000002,447
2026-02-05T19:00:00+00:00,14958.760000000002,14977.28,14958.260000000002,14977.28,421
2026-02-05T19:15:00+00:00,14977.28,14980.78,14971.77,14972.78,398.81405344795365
2026-02-05T19:30:00+00:00,14972.78,14972.78,14960.760000000002,14960.760000000002,466
2026-02-05T19:45:00+00:00,14960.760000000002,14968.28,14960.760000000002,14965.27,375
2026-02-05T20:00:00+00:00,14965.27,14973.760000000002,14962.260000000002,14966.27,330
2026-02-05T20:15:00+00:00,14966.27,14966.27,14953.760000000002,14954.28,334
2026-02-05T20:30:00+00:00,14954.28,14954.77,14947.760000000002,14951.27,182
2026-02-06T01:00:00+00:00,14951.27,14953.77,14917.03,14922.54,654.1500400106695
2026-02-06T01:15:00+00:00,14922.54,14923.53,14859.03,14880.03,1836
2026-02-06T01:30:00+00:00,14880.03,14933.550000000001,14763.54,14785.04,13243
2026-02-06T01:45:00+00:00,14785.04,14862.54,14779.53,14838.550000000001,8150
2026-02-06T02:00:00+00:00,14838.550000000001,14880.04,14828.04,14858.53,6207
2026-02-06T02:15:00+00:00,14858.53,14924.04,14851.03,14909.54,5837
2026-02-06T02:30:00+00:00,14909.54,14929.550000000001,14875.04,14897.03,5294
2026-02-06T02:45:00+00:00,14897.03,14915.53,14886.53,14906.550000000001,4497
2026-02-06T03:00:00+00:00,14906.550000000001,14960.54,14894.050000000001,14922.04,3848
2026-02-06T03:15:00+00:00,14922.04,14953.03,14909.54,14946.54,3518
2026-02-06T03:30:00+00:00,14946.54,14947.550000000001,14918.53,14922.54,1007
2026-02-06T03:45:00+00:00,14922.54,14943.53,14921.54,14941.54,442
2026-02-06T04:00:00+00:00,14941.54,14942.03,14934.53,14938.54,172
2026-02-06T04:15:00+00:00,14938.54,14939.550000000001,14933.53,14933.550000000001,62.681592344967186
2026-02-06T04:30:00+00:00,14933.550000000001,14935.550000000001,14930.03,14930.03,84
2026-02-06T04:45:00+00:00,14930.03,14931.53,14920.550000000001,14923.050000000001,140
2026-02-06T05:00:00+00:00,14923.050000000001,14965.54,14917.04,14951.050000000001,4363
2026-02-06T05:15:00+00:00,14951.050000000001,14964.550000000001,14937.53,14944.53,3325
2026-02-06T05:30:00+00:00,14944.53,14973.53,14941.03,14960.53,3239
2026-02-06T05:45:00+00:00,14960.53,14985.54,14946.550000000001,14984.550000000001,2369
2026-02-06T06:00:00+00:00,14984.550000000001,15011.050000000001,14930.050000000001,14936.53,2594
2026-02-06T06:15:00+00:00,14936.53,14952.04,14926.53,14943.53,2274
2026-02-06T06:30:00+00:00,14943.53,14946.550000000001,14904.53,14915.04,2299
2026-02-06T06:45:00+00:00,14915.04,14922.550000000001,14889.53,14889.53,2283
2026-02-06T07:00:00+00:00,14889.53,14895.04,14874.54,14881.03,1021
2026-02-06T07:15:00+00:00,14881.03,14897.54,14880.54,14895.53,440
2026-02-06T07:30:00+00:00,14895.53,14903.54,14895.53,14902.550000000001,321
2026-02-06T07:45:00+00:00,14902.550000000001,14904.550000000001,14891.53,14894.550000000001,305
2026-02-06T08:00:00+00:00,14894.550000000001,14909.54,14889.53,14906.53,736
2026-02-06T08:15:00+00:00,14906.53,14911.550000000001,14902.03,14907.050000000001,417
2026-02-06T09:00:00+00:00,14907.050000000001,14915.54,14901.54,14909.550000000001,200
2026-02-06T09:15:00+00:00,14909.550000000001,14928.550000000001,14906.050000000001,14927.03,365
2026-02-06T09:30:00+00:00,14927.03,14936.550000000001,14927.03,14936.03,447
2026-02-06T09:45:00+00:00,14936.03,14936.550000000001,14928.53,14932.54,317
2026-02-06T10:00:00+00:00,14932.54,14938.550000000001,14929.53,14933.050000000001,197
2026-02-06T10:15:00+00:00,14933.050000000001,14934.550000000001,14924.53,14927.050000000001,250
2026-02-06T10:30:00+00:00,14927.050000000001,14935.54,14926.53,14932.550000000001,176
2026-02-06T10:45:00+00:00,14932.550000000001,14937.54,14930.53,14935.050000000001,190
2026-02-06T11:00:00+00:00,14935.050000000001,14939.050000000001,14933.53,14937.04,186
2026-02-06T11:15:00+00:00,14937.04,14941.54,14936.04,14937.54,130
2026-02-06T11:30:00+00:00,14937.54,14939.550000000001,14934.53,14936.53,173
2026-02-06T11:45:00+00:00,14936.53,14954.54,14936.03,14953.54,492
2026-02-06T12:00:00+00:00,14953.54,14955.03,14942.53,14943.050000000001,314
2026-02-06T12:15:00+00:00,14943.050000000001,14946.04,14940.53,14945.550000000001,220
2026-02-06T12:30:00+00:00,14945.550000000001,14948.550000000001,14943.53,14943.53,192
2026-02-06T12:45:00+00:00,14943.53,14946.550000000001,14939.53,14943.53,177
2026-02-06T13:00:00+00:00,14943.53,14949.550000000001,14942.54,14949.550000000001,220
2026-02-06T13:15:00+00:00,14949.550000000001,14960.550000000001,14945.53,14960.050000000001,327
2026-02-06T13:30:00+00:00,14960.050000000001,14972.550000000001,14954.53,14967.04,572
2026-02-06T13:45:00+00:00,14967.04,14972.550000000001,14963.53,14970.54,359
2026-02-06T14:00:00+00:00,14970.54,14976.04,14968.53,14973.54,214
2026-02-06T14:15:00+00:00,14973.54,14978.550000000001,14969.03,14974.550000000001,264
2026-02-06T14:30:00+00:00,14974.550000000001,15002.550000000001,14974.03,14998.550000000001,2423
2026-02-06T14:45:00+00:00,14998.550000000001,15009.550000000001,14988.03,15000.03,1119
2026-02-06T15:00:00+00:00,15000.03,15007.550000000001,14986.53,14999.54,2162
2026-02-06T15:15:00+00:00,14999.54,15017.550000000001,14996.53,15014.050000000001,1506
2026-02-06T15:30:00+00:00,15014.050000000001,15021.550000000001,15011.53,15019.550000000001,958
2026-02-06T15:45:00+00:00,15019.550000000001,15020.54,15002.53,15010.550000000001,837
2026-02-06T16:00:00+00:00,15010.550000000001,15011.53,15005.53,15008.54,449
2026-02-06T16:15:00+00:00,15008.54,15012.53,15001.53,15004.050000000001,386
2026-02-06T16:30:00+00:00,15004.050000000001,15018.54,15003.54,15016.550000000001,385
2026-02-06T16:45:00+00:00,15016.550000000001,15025.03,15016.53,15024.53,268
2026-02-06T17:00:00+00:00,15024.53,15031.03,15021.53,15027.550000000001,285
2026-02-06T17:15:00+00:00,15027.550000000001,15032.550000000001,15026.53,15032.53,261
2026-02-06T17:30:00+00:00,15032.53,15035.53,15029.04,15034.53,206
2026-02-06T17:45:00+00:00,15034.53,15040.550000000001,15033.53,15038.550000000001,230
2026-02-06T18:00:00+00:00,15038.550000000001,15042.550000000001,15035.53,15042.050000000001,154
2026-02-06T18:15:00+00:00,15042.050000000001,15045.550000000001,15038.53,15044.050000000001,203
2026-02-06T18:30:00+00:00,15044.050000000001,15047.550000000001,15044.050000000001,15047.54,137
2026-02-06T18:45:00+00:00,15047.54,15049.550000000001,15042.550000000001,15042.550000000001,118
2026-02-06T19:00:00+00:00,15042.550000000001,15047.04,15039.53,15041.54,81.68264840182648
2026-02-06T19:15:00+00:00,15041.54,15046.550000000001,15039.53,15045.53,78
2026-02-06T19:30:00+00:00,15045.53,15045.550000000001,15042.53,15043.550000000001,53.45775624223599
2026-02-06T19:45:00+00:00,15043.550000000001,15046.550000000001,15041.54,15042.53,55.997725354954696
2026-02-06T20:00:00+00:00,15042.53,15046.550000000001,15041.550000000001,15045.550000000001,59
2026-02-06T20:15:00+00:00,15045.550000000001,15047.550000000001,15045.53,15047.53,70
2026-02-06T20:30:00+00:00,15047.53,15048.550000000001,15044.550000000001,15048.550000000001,45.97690531177829
2026-02-09T01:00:00+00:00,15048.550000000001,15072.890000000001,15046.37,15063.880000000001,834.978898007034
2026-02-09T01:15:00+00:00,15063.880000000001,15068.390000000001,15035.37,15036.380000000001,1623
2026-02-09T01:30:00+00:00,15036.380000000001,15039.390000000001,14986.380000000001,14990.380000000001,8846
2026-02-09T01:45:00+00:00,14990.380000000001,15047.380000000001,14986.87,15032.880000000001,5085
2026-02-09T02:00:00+00:00,15032.880000000001,15086.390000000001,15031.390000000001,15076.380000000001,4328
2026-02-09T02:15:00+00:00,15076.380000000001,15092.390000000001,15062.890000000001,15079.390000000001,3193
2026-02-09T02:30:00+00:00,15079.390000000001,15094.390000000001,15064.380000000001,15092.880000000001,2718
2026-02-09T02:45:00+00:00,15092.880000000001,15097.37,15071.37,15072.390000000001,2888
2026-02-09T03:00:00+00:00,15072.390000000001,15097.880000000001,15070.37,15088.37,2663
2026-02-09T03:15:00+00:00,15088.37,15098.380000000001,15077.37,15090.37,2214
2026-02-09T03:30:00+00:00,15090.37,15090.390000000001,15064.37,15069.37,451
2026-02-09T03:45:00+00:00,15069.37,15069.390000000001,15064.87,15066.37,268
2026-02-09T04:00:00+00:00,15066.37,15071.390000000001,15064.37,15065.87,218
2026-02-09T04:15:00+00:00,15065.87,15067.380000000001,15063.37,15065.890000000001,120
2026-02-09T04:30:00+00:00,15065.890000000001,15070.380000000001,15064.37,15067.390000000001,137
2026-02-09T04:45:00+00:00,15067.390000000001,15070.390000000001,15065.37,15068.37,163
2026-02-09T05:00:00+00:00,15068.37,15089.390000000001,15063.37,15081.390000000001,2509
2026-02-09T05:15:00+00:00,15081.390000000001,15110.37,15080.380000000001,15100.390000000001,1574
2026-02-09T05:30:00+00:00,15100.390000000001,15125.390000000001,15098.37,15115.380000000001,1463
2026-02-09T05:45:00+00:00,15115.380000000001,15116.390000000001,15090.37,15095.390000000001,1392
2026-02-09T06:00:00+00:00,15095.390000000001,15103.390000000001,15079.380000000001,15095.37,1887
2026-02-09T06:15:00+00:00,15095.37,15100.390000000001,15085.37,15100.380000000001,1093
2026-02-09T06:30:00+00:00,15100.380000000001,15103.890000000001,15088.37,15089.880000000001,1502
2026-02-09T06:45:00+00:00,15089.880000000001,15099.390000000001,15083.37,15088.880000000001,1922
2026-02-09T07:00:00+00:00,15088.880000000001,15096.390000000001,15075.87,15079.37,475
2026-02-09T07:15:00+00:00,15079.37,15080.390000000001,15070.380000000001,15072.37,264
2026-02-09T07:30:00+00:00,15072.37,15072.390000000001,15067.37,15067.87,202
2026-02-09T07:45:00+00:00,15067.87,15076.390000000001,15064.37,15072.390000000001,270
2026-02-09T08:00:00+00:00,15072.390000000001,15073.380000000001,15061.890000000001,15069.380000000001,496
2026-02-09T08:15:00+00:00,15069.380000000001,15087.390000000001,15069.380000000001,15083.37,393
2026-02-09T09:00:00+00:00,15083.37,15083.390000000001,15076.380000000001,15080.87,158
2026-02-09T09:15:00+00:00,15080.87,15087.390000000001,15078.87,15087.390000000001,247
2026-02-09T09:30:00+00:00,15087.390000000001,15088.390000000001,15080.87,15083.380000000001,173
2026-02-09T09:45:00+00:00,15083.380000000001,15083.390000000001,15071.390000000001,15073.380000000001,141
2026-02-09T10:00:00+00:00,15073.380000000001,15079.390000000001,15070.87,15074.37,171
2026-02-09T10:15:00+00:00,15074.37,15076.390000000001,15066.890000000001,15066.890000000001,149
2026-02-09T10:30:00+00:00,15066.890000000001,15067.380000000001,15047.37,15052.890000000001,469
2026-02-09T10:45:00+00:00,15052.890000000001,15068.390000000001,15052.37,15067.37,302
2026-02-09T11:00:00+00:00,15067.37,15073.390000000001,15065.380000000001,15070.380000000001,224
2026-02-09T11:15:00+00:00,15070.380000000001,15078.380000000001,15069.380000000001,15077.37,168
2026-02-09T11:30:00+00:00,15077.37,15078.390000000001,15071.37,15077.390000000001,163
2026-02-09T11:45:00+00:00,15077.390000000001,15080.390000000001,15071.380000000001,15077.390000000001,184
2026-02-09T12:00:00+00:00,15077.390000000001,15082.390000000001,15072.37,15079.37,282
2026-02-09T12:15:00+00:00,15079.37,15089.37,15075.37,15085.880000000001,151
2026-02-09T12:30:00+00:00,15085.880000000001,15088.390000000001,15079.380000000001,15085.880000000001,168
2026-02-09T12:45:00+00:00,15085.880000000001,15087.390000000001,15081.37,15086.87,163
2026-02-09T13:00:00+00:00,15086.87,15097.390000000001,15086.380000000001,15096.37,208
2026-02-09T13:15:00+00:00,15096.37,15102.380000000001,15093.880000000001,15099.380000000001,229
2026-02-09T13:30:00+00:00,15099.380000000001,15100.37,15093.37,15095.380000000001,212
2026-02-09T13:45:00+00:00,15095.380000000001,15099.390000000001,15093.37,15095.87,186
2026-02-09T14:00:00+00:00,15095.87,15102.390000000001,15095.390000000001,15102.380000000001,227
2026-02-09T14:15:00+00:00,15102.380000000001,15103.390000000001,15097.37,15102.890000000001,153
2026-02-09T14:30:00+00:00,15102.890000000001,15124.390000000001,15093.37,15123.380000000001,2045
2026-02-09T14:45:00+00:00,15123.380000000001,15131.390000000001,15110.37,15120.880000000001,1338
2026-02-09T15:00:00+00:00,15120.880000000001,15137.390000000001,15118.87,15134.380000000001,750
2026-02-09T15:15:00+00:00,15134.380000000001,15140.380000000001,15132.37,15138.380000000001,369
2026-02-09T15:30:00+00:00,15138.380000000001,15153.390000000001,15138.380000000001,15146.37,356
2026-02-09T15:45:00+00:00,15146.37,15152.390000000001,15139.37,15150.37,241
2026-02-09T16:00:00+00:00,15150.37,15150.890000000001,15141.390000000001,15147.380000000001,270
2026-02-09T16:15:00+00:00,15147.380000000001,15151.390000000001,15143.37,15148.390000000001,194
2026-02-09T16:30:00+00:00,15148.390000000001,15149.390000000001,15142.380000000001,15148.390000000001,147
2026-02-09T16:45:00+00:00,15148.390000000001,15149.390000000001,15139.87,15139.87,174
2026-02-09T17:00:00+00:00,15139.87,15144.890000000001,15138.390000000001,15142.390000000001,133
2026-02-09T17:15:00+00:00,15142.390000000001,15144.390000000001,15140.37,15141.390000000001,135.25765645805592
2026-02-09T17:30:00+00:00,15141.390000000001,15146.390000000001,15141.37,15145.390000000001,88
2026-02-09T17:45:00+00:00,15145.390000000001,15147.390000000001,15141.37,15143.390000000001,96
2026-02-09T18:00:00+00:00,15143.390000000001,15146.890000000001,15140.87,15145.880000000001,128
2026-02-09T18:15:00+00:00,15145.880000000001,15146.890000000001,15133.37,15145.37,592
2026-02-09T18:30:00+00:00,15145.37,15147.390000000001,15141.390000000001,15145.87,219
2026-02-09T18:45:00+00:00,15145.87,15147.390000000001,15144.37,15144.390000000001,121.98087818696884
2026-02-09T19:00:00+00:00,15144.390000000001,15149.37,15142.380000000001,15148.380000000001,65.96417197452229
2026-02-09T19:15:00+00:00,15148.380000000001,15158.380000000001,15148.380000000001,15158.380000000001,61
2026-02-09T19:30:00+00:00,15158.380000000001,15159.390000000001,15155.87,15159.390000000001,115
2026-02-09T19:45:00+00:00,15159.390000000001,15162.380000000001,15158.87,15159.390000000001,78
2026-02-09T20:00:00+00:00,15159.390000000001,15160.390000000001,15156.380000000001,15156.390000000001,63.8623595505618
2026-02-09T20:15:00+00:00,15156.390000000001,15157.390000000001,15152.380000000001,15153.37,65.8515625
2026-02-09T20:30:00+00:00,15153.37,15155.880000000001,15147.380000000001,15155.880000000001,59
2026-02-10T01:00:00+00:00,15155.880000000001,15156.880000000001,15121.080000000002,15127.080000000002,274.0873949579832
2026-02-10T01:15:00+00:00,15127.080000000002,15145.590000000002,15114.070000000002,15119.570000000002,638
2026-02-10T01:30:00+00:00,15119.570000000002,15185.090000000002,15086.080000000002,15155.590000000002,7033
2026-02-10T01:45:00+00:00,15155.590000000002,15182.580000000002,15132.090000000002,15164.580000000002,4891
2026-02-10T02:00:00+00:00,15164.580000000002,15181.090000000002,15145.070000000002,15166.090000000002,3873
2026-02-10T02:15:00+00:00,15166.090000000002,15174.090000000002,15145.570000000002,15153.570000000002,2598
2026-02-10T02:30:00+00:00,15153.570000000002,15164.090000000002,15134.580000000002,15160.080000000002,2558
2026-02-10T02:45:00+00:00,15160.080000000002,15165.090000000002,15140.570000000002,15145.080000000002,1963
2026-02-10T03:00:00+00:00,15145.080000000002,15156.090000000002,15106.080000000002,15112.580000000002,1802
2026-02-10T03:15:00+00:00,15112.580000000002,15132.580000000002,15107.080000000002,15117.080000000002,1466
2026-02-10T03:30:00+00:00,15117.080000000002,15117.590000000002,15101.070000000002,15109.090000000002,535
2026-02-10T03:45:00+00:00,15109.090000000002,15110.090000000002,15104.080000000002,15108.090000000002,301
2026-02-10T04:00:00+00:00,15108.090000000002,15115.070000000002,15108.090000000002,15108.570000000002,110
2026-02-10T04:15:00+00:00,15108.570000000002,15112.080000000002,15107.070000000002,15112.070000000002,90.32124551510195
2026-02-10T04:30:00+00:00,15112.070000000002,15114.580000000002,15110.070000000002,15114.580000000002,77.37872589129164
2026-02-10T04:45:00+00:00,15114.580000000002,15116.090000000002,15112.070000000002,15115.090000000002,122.35746827137913
2026-02-10T05:00:00+00:00,15115.090000000002,15135.090000000002,15098.570000000002,15135.090000000002,1865
2026-02-10T05:15:00+00:00,15135.090000000002,15135.090000000002,15109.070000000002,15112.590000000002,1518
2026-02-10T05:30:00+00:00,15112.590000000002,15125.590000000002,15103.070000000002,15105.590000000002,1418
2026-02-10T05:45:00+00:00,15105.590000000002,15110.090000000002,15093.070000000002,15107.070000000002,980
2026-02-10T06:00:00+00:00,15107.070000000002,15111.080000000002,15081.590000000002,15085.080000000002,1530
2026-02-10T06:15:00+00:00,15085.080000000002,15105.090000000002,15083.070000000002,15097.590000000002,1157
2026-02-10T06:30:00+00:00,15097.590000000002,15106.590000000002,15086.580000000002,15102.070000000002,1213
2026-02-10T06:45:00+00:00,15102.070000000002,15112.070000000002,15100.080000000002,15103.580000000002,961
2026-02-10T07:00:00+00:00,15103.580000000002,15105.590000000002,15083.070000000002,15094.070000000002,632
2026-02-10T07:15:00+00:00,15094.070000000002,15098.580000000002,15091.570000000002,15093.090000000002,228
2026-02-10T07:30:00+00:00,15093.090000000002,15093.590000000002,15085.070000000002,15089.570000000002,264
2026-02-10T07:45:00+00:00,15089.570000000002,15090.090000000002,15085.070000000002,15086.080000000002,331
2026-02-10T08:00:00+00:00,15086.080000000002,15093.590000000002,15069.080000000002,15090.080000000002,526
2026-02-10T08:15:00+00:00,15090.080000000002,15096.080000000002,15082.070000000002,15090.590000000002,366
2026-02-10T09:00:00+00:00,15090.590000000002,15097.080000000002,15090.070000000002,15095.570000000002,179
2026-02-10T09:15:00+00:00,15095.570000000002,15101.090000000002,15093.590000000002,15099.080000000002,324
2026-02-10T09:30:00+00:00,15099.080000000002,15102.590000000002,15097.080000000002,15100.570000000002,231
2026-02-10T09:45:00+00:00,15100.570000000002,15101.090000000002,15090.080000000002,15091.090000000002,123
2026-02-10T10:00:00+00:00,15091.090000000002,15092.580000000002,15081.570000000002,15091.080000000002,122
2026-02-10T10:15:00+00:00,15091.080000000002,15091.590000000002,15087.070000000002,15087.070000000002,125
2026-02-10T10:30:00+00:00,15087.070000000002,15091.080000000002,15085.070000000002,15088.090000000002,113
2026-02-10T10:45:00+00:00,15088.090000000002,15090.080000000002,15085.070000000002,15086.570000000002,105
2026-02-10T11:00:00+00:00,15086.570000000002,15087.080000000002,15083.070000000002,15084.070000000002,178
2026-02-10T11:15:00+00:00,15084.070000000002,15087.090000000002,15083.070000000002,15085.580000000002,128
2026-02-10T11:30:00+00:00,15085.580000000002,15098.090000000002,15085.580000000002,15097.070000000002,121
2026-02-10T11:45:00+00:00,15097.070000000002,15099.080000000002,15093.070000000002,15094.080000000002,106
2026-02-10T12:00:00+00:00,15094.080000000002,15100.070000000002,15094.070000000002,15095.070000000002,143
2026-02-10T12:15:00+00:00,15095.070000000002,15097.090000000002,15088.070000000002,15091.580000000002,153
2026-02-10T12:30:00+00:00,15091.580000000002,15097.090000000002,15090.070000000002,15091.070000000002,168
2026-02-10T12:45:00+00:00,15091.070000000002,15091.070000000002,15082.080000000002,15086.080000000002,274
2026-02-10T13:00:00+00:00,15086.080000000002,15089.090000000002,15084.070000000002,15088.090000000002,216
2026-02-10T13:15:00+00:00,15088.090000000002,15088.090000000002,15083.590000000002,15085.570000000002,164
2026-02-10T13:30:00+00:00,15085.570000000002,15089.080000000002,15083.070000000002,15086.080000000002,321
2026-02-10T13:45:00+00:00,15086.080000000002,15086.090000000002,15082.070000000002,15083.070000000002,297
2026-02-10T14:00:00+00:00,15083.070000000002,15088.090000000002,15081.070000000002,15088.090000000002,312
2026-02-10T14:15:00+00:00,15088.090000000002,15090.080000000002,15086.070000000002,15087.090000000002,213
2026-02-10T14:30:00+00:00,15087.090000000002,15095.090000000002,15079.070000000002,15087.590000000002,1625
2026-02-10T14:45:00+00:00,15087.590000000002,15102.090000000002,15082.080000000002,15100.580000000002,794
2026-02-10T15:00:00+00:00,15100.580000000002,15102.090000000002,15093.070000000002,15096.080000000002,757
2026-02-10T15:15:00+00:00,15096.080000000002,15102.090000000002,15092.080000000002,15096.070000000002,660
2026-02-10T15:30:00+00:00,15096.070000000002,15102.080000000002,15094.070000000002,15100.080000000002,440
2026-02-10T15:45:00+00:00,15100.080000000002,15103.090000000002,15093.070000000002,15096.070000000002,395
2026-02-10T16:00:00+00:00,15096.070000000002,15103.090000000002,15092.070000000002,15099.070000000002,451
2026-02-10T16:15:00+00:00,15099.070000000002,15104.080000000002,15092.570000000002,15101.080000000002,537
2026-02-10T16:30:00+00:00,15101.080000000002,15110.070000000002,15100.070000000002,15105.580000000002,400
2026-02-10T16:45:00+00:00,15105.580000000002,15112.090000000002,15102.580000000002,15110.090000000002,376
2026-02-10T17:00:00+00:00,15110.090000000002,15119.090000000002,15108.070000000002,15117.070000000002,172
2026-02-10T17:15:00+00:00,15117.070000000002,15120.090000000002,15116.090000000002,15118.590000000002,175
2026-02-10T17:30:00+00:00,15118.590000000002,15121.070000000002,15116.070000000002,15120.090000000002,141
2026-02-10T17:45:00+00:00,15120.090000000002,15122.080000000002,15117.070000000002,15118.070000000002,170
2026-02-10T18:00:00+00:00,15118.070000000002,15118.070000000002,15109.070000000002,15111.570000000002,157.2800894854586
2026-02-10T18:15:00+00:00,15111.570000000002,15114.070000000002,15105.070000000002,15105.070000000002,450
2026-02-10T18:30:00+00:00,15105.070000000002,15108.080000000002,15102.070000000002,15105.070000000002,352
2026-02-10T18:45:00+00:00,15105.070000000002,15105.090000000002,15098.070000000002,15102.080000000002,330
2026-02-10T19:00:00+00:00,15102.080000000002,15108.590000000002,15100.090000000002,15108.090000000002,184
2026-02-10T19:15:00+00:00,15108.090000000002,15111.090000000002,15105.070000000002,15111.090000000002,88.38569032979318
2026-02-10T19:30:00+00:00,15111.090000000002,15116.580000000002,15109.570000000002,15116.070000000002,222
2026-02-10T19:45:00+00:00,15116.070000000002,15119.090000000002,15115.590000000002,15118.070000000002,80.1194234728895
2026-02-10T20:00:00+00:00,15118.070000000002,15118.090000000002,15114.090000000002,15114.090000000002,87
2026-02-10T20:15:00+00:00,15114.090000000002,15115.080000000002,15111.070000000002,15112.070000000002,60.13099041533546
2026-02-10T20:30:00+00:00,15112.070000000002,15117.570000000002,15112.070000000002,15117.570000000002,97
2026-02-11T01:00:00+00:00,15117.570000000002,15123.210000000001,15110.220000000001,15120.2,231.05183052241875
2026-02-11T01:15:00+00:00,15120.2,15121.720000000001,15088.2,15098.2,824
2026-02-11T01:30:00+00:00,15098.2,15103.210000000001,15032.2,15044.710000000001,6605
2026-02-11T01:45:00+00:00,15044.710000000001,15054.720000000001,15013.7,15029.2,4763
2026-02-11T02:00:00+00:00,15029.2,15038.2,14995.2,15010.210000000001,3523
2026-02-11T02:15:00+00:00,15010.210000000001,15036.220000000001,15009.7,15033.2,2514
2026-02-11T02:30:00+00:00,15033.2,15043.710000000001,15024.7,15034.7,1794
2026-02-11T02:45:00+00:00,15034.7,15046.220000000001,15026.2,15040.210000000001,1428
2026-02-11T03:00:00+00:00,15040.210000000001,15046.2,15025.710000000001,15030.710000000001,1316
2026-02-11T03:15:00+00:00,15030.710000000001,15034.220000000001,15018.2,15021.710000000001,1467
2026-02-11T03:30:00+00:00,15021.710000000001,15043.2,15017.7,15041.210000000001,322
2026-02-11T03:45:00+00:00,15041.210000000001,15045.220000000001,15039.2,15041.7,335
2026-02-11T04:00:00+00:00,15041.7,15042.720000000001,15032.2,15033.7,194
2026-02-11T04:15:00+00:00,15033.7,15033.7,15021.2,15021.220000000001,176
2026-02-11T04:30:00+00:00,15021.220000000001,15021.7,15012.2,15013.720000000001,148
2026-02-11T04:45:00+00:00,15013.720000000001,15023.210000000001,15013.720000000001,15021.210000000001,141
2026-02-11T05:00:00+00:00,15021.210000000001,15055.220000000001,15019.210000000001,15047.7,1830
2026-02-11T05:15:00+00:00,15047.7,15061.220000000001,15040.710000000001,15053.720000000001,1030
2026-02-11T05:30:00+00:00,15053.720000000001,15059.220000000001,15045.2,15054.720000000001,883
2026-02-11T05:45:00+00:00,15054.720000000001,15060.220000000001,15038.2,15057.210000000001,822
2026-02-11T06:00:00+00:00,15057.210000000001,15069.220000000001,15052.2,15058.210000000001,799
2026-02-11T06:15:00+00:00,15058.210000000001,15060.220000000001,15039.2,15039.2,760
2026-02-11T06:30:00+00:00,15039.2,15050.2,15036.720000000001,15042.210000000001,934
2026-02-11T06:45:00+00:00,15042.210000000001,15049.220000000001,15035.720000000001,15046.710000000001,1551
2026-02-11T07:00:00+00:00,15046.710000000001,15047.2,15024.2,15026.210000000001,645
2026-02-11T07:15:00+00:00,15026.210000000001,15046.220000000001,15026.210000000001,15042.7,277
2026-02-11T07:30:00+00:00,15042.7,15045.220000000001,15040.2,15041.220000000001,148
2026-02-11T07:45:00+00:00,15041.220000000001,15043.2,15035.2,15036.210000000001,127
2026-02-11T08:00:00+00:00,15036.210000000001,15041.220000000001,15029.7,15030.2,354
2026-02-11T08:15:00+00:00,15030.2,15035.720000000001,15027.2,15035.220000000001,402
2026-02-11T09:00:00+00:00,15035.220000000001,15035.220000000001,15010.2,15011.7,165
2026-02-11T09:15:00+00:00,15011.7,15022.220000000001,15005.2,15020.210000000001,295
2026-02-11T09:30:00+00:00,15020.210000000001,15021.220000000001,15010.7,15013.7,132
2026-02-11T09:45:00+00:00,15013.7,15014.720000000001,15007.2,15008.2,196
2026-02-11T10:00:00+00:00,15008.2,15010.2,15001.2,15004.720000000001,366
2026-02-11T10:15:00+00:00,15004.720000000001,15010.720000000001,15004.2,15010.2,179
2026-02-11T10:30:00+00:00,15010.2,15016.210000000001,15008.2,15014.720000000001,141
2026-02-11T10:45:00+00:00,15014.720000000001,15018.220000000001,15006.220000000001,15010.720000000001,187
2026-02-11T11:00:00+00:00,15010.720000000001,15018.220000000001,15009.2,15018.220000000001,130
2026-02-11T11:15:00+00:00,15018.220000000001,15020.220000000001,15016.2,15018.220000000001,82
2026-02-11T11:30:00+00:00,15018.220000000001,15018.220000000001,14999.220000000001,15004.220000000001,234
2026-02-11T11:45:00+00:00,15004.220000000001,15016.220000000001,15003.220000000001,15011.210000000001,213
2026-02-11T12:00:00+00:00,15011.210000000001,15017.220000000001,15010.2,15017.210000000001,207
2026-02-11T12:15:00+00:00,15017.210000000001,15017.220000000001,15011.2,15011.7,109.96586501163694
2026-02-11T12:30:00+00:00,15011.7,15011.7,15004.210000000001,15008.2,193
2026-02-11T12:45:00+00:00,15008.2,15009.220000000001,15004.2,15008.210000000001,148
2026-02-11T13:00:00+00:00,15008.210000000001,15017.210000000001,15007.220000000001,15011.2,193
2026-02-11T13:15:00+00:00,15011.2,15013.220000000001,15001.2,15001.7,164
2026-02-11T13:30:00+00:00,15001.7,15003.2,14980.7,14996.210000000001,1298
2026-02-11T13:45:00+00:00,14996.210000000001,15011.7,14996.2,15004.2,622
2026-02-11T14:00:00+00:00,15004.2,15012.220000000001,14994.2,15010.220000000001,509
2026-02-11T14:15:00+00:00,15010.220000000001,15013.220000000001,15000.2,15005.220000000001,254
2026-02-11T14:30:00+00:00,15005.220000000001,15022.220000000001,15002.2,15011.7,1975
2026-02-11T14:45:00+00:00,15011.7,15024.210000000001,15008.2,15014.720000000001,1154
2026-02-11T15:00:00+00:00,15014.720000000001,15022.210000000001,14992.720000000001,15000.2,1313
2026-02-11T15:15:00+00:00,15000.2,15004.720000000001,14980.2,14987.220000000001,1600
2026-02-11T15:30:00+00:00,14987.220000000001,14995.220000000001,14982.210000000001,14990.2,1503
2026-02-11T15:45:00+00:00,14990.2,14993.220000000001,14982.2,14992.220000000001,1108
2026-02-11T16:00:00+00:00,14992.220000000001,15001.220000000001,14985.2,14999.2,619
2026-02-11T16:15:00+00:00,14999.2,15012.210000000001,14996.2,14999.710000000001,476
2026-02-11T16:30:00+00:00,14999.710000000001,15013.220000000001,14998.2,15012.220000000001,540
2026-02-11T16:45:00+00:00,15012.220000000001,15016.220000000001,15009.2,15010.220000000001,413
2026-02-11T17:00:00+00:00,15010.220000000001,15020.210000000001,15006.2,15018.2,538
2026-02-11T17:15:00+00:00,15018.2,15035.220000000001,15016.720000000001,15034.210000000001,386
2026-02-11T17:30:00+00:00,15034.210000000001,15035.7,15027.7,15033.210000000001,346
2026-02-11T17:45:00+00:00,15033.210000000001,15036.220000000001,15024.2,15024.720000000001,363
2026-02-11T18:00:00+00:00,15024.720000000001,15031.220000000001,15022.210000000001,15029.220000000001,504
2026-02-11T18:15:00+00:00,15029.220000000001,15045.7,15026.2,15045.210000000001,415
2026-02-11T18:30:00+00:00,15045.210000000001,15047.220000000001,15040.2,15042.2,310
2026-02-11T18:45:00+00:00,15042.2,15048.210000000001,15041.2,15043.220000000001,380
2026-02-11T19:00:00+00:00,15043.220000000001,15052.210000000001,15042.2,15051.210000000001,222
2026-02-11T19:15:00+00:00,15051.210000000001,15055.210000000001,15049.2,15049.710000000001,125
2026-02-11T19:30:00+00:00,15049.710000000001,15059.720000000001,15045.710000000001,15056.210000000001,178
2026-02-11T19:45:00+00:00,15056.210000000001,15057.2,15050.2,15050.710000000001,232
2026-02-11T20:00:00+00:00,15050.710000000001,15053.720000000001,15050.2,15052.7,109
2026-02-11T20:15:00+00:00,15052.7,15055.220000000001,15051.7,15053.2,130
2026-02-11T20:30:00+00:00,15053.2,15057.7,15051.2,15054.220000000001,114
2026-02-12T01:00:00+00:00,15054.220000000001,15058.79,15038.27,15049.29,191.1136231884058
2026-02-12T01:15:00+00:00,15049.29,15060.29,15027.77,15053.77,634
2026-02-12T01:30:00+00:00,15053.77,15086.29,15031.77,15063.77,5585
2026-02-12T01:45:00+00:00,15063.77,15069.28,15019.27,15032.28,3628
2026-02-12T02:00:00+00:00,15032.28,15039.29,14996.77,15001.78,2876
2026-02-12T02:15:00+00:00,15001.78,15015.29,14993.27,15000.27,2289
2026-02-12T02:30:00+00:00,15000.27,15000.29,14968.77,14971.28,1974
2026-02-12T02:45:00+00:00,14971.28,14984.29,14966.27,14978.27,1748
2026-02-12T03:00:00+00:00,14978.27,14994.28,14966.27,14967.78,1469
2026-02-12T03:15:00+00:00,14967.78,14991.29,14961.27,14980.28,1425
2026-02-12T03:30:00+00:00,14980.28,14991.29,14979.29,14986.28,311
2026-02-12T03:45:00+00:00,14986.28,14987.29,14978.77,14981.29,148
2026-02-12T04:00:00+00:00,14981.29,14982.27,14973.28,14974.28,84.63769923015117
2026-02-12T04:15:00+00:00,14974.28,14979.29,14973.27,14977.28,81
2026-02-12T04:30:00+00:00,14977.28,14978.29,14968.27,14969.78,149
2026-02-12T04:45:00+00:00,14969.78,14971.29,14967.77,14968.29,121
2026-02-12T05:00:00+00:00,14968.29,14994.28,14966.29,14980.78,1540
2026-02-12T05:15:00+00:00,14980.78,14991.29,14972.28,14976.29,1070
2026-02-12T05:30:00+00:00,14976.29,14976.29,14959.27,14961.28,1107
2026-02-12T05:45:00+00:00,14961.28,14981.28,14958.78,14980.27,1189
2026-02-12T06:00:00+00:00,14980.27,14985.28,14975.27,14982.27,1070
2026-02-12T06:15:00+00:00,14982.27,14984.29,14968.27,14971.79,861
2026-02-12T06:30:00+00:00,14971.79,14974.29,14962.27,14972.28,856
2026-02-12T06:45:00+00:00,14972.28,14975.29,14965.27,14970.77,1245
2026-02-12T07:00:00+00:00,14970.77,14973.27,14958.27,14965.27,739
2026-02-12T07:15:00+00:00,14965.27,14972.28,14965.27,14969.28,157
2026-02-12T07:30:00+00:00,14969.28,14972.27,14968.28,14969.27,97
2026-02-12T07:45:00+00:00,14969.27,14972.29,14964.77,14969.78,209
2026-02-12T08:00:00+00:00,14969.78,14970.28,14960.27,14964.29,374
2026-02-12T08:15:00+00:00,14964.29,14965.29,14961.27,14962.79,159
2026-02-12T09:00:00+00:00,14962.79,14975.29,14960.79,14974.79,169
2026-02-12T09:15:00+00:00,14974.79,14977.28,14972.27,14975.29,289
2026-02-12T09:30:00+00:00,14975.29,14979.29,14973.28,14978.27,185
2026-02-12T09:45:00+00:00,14978.27,14980.77,14977.27,14979.79,111
2026-02-12T10:00:00+00:00,14979.79,14980.29,14975.28,14977.27,146
2026-02-12T10:15:00+00:00,14977.27,14980.29,14965.27,14965.78,204
2026-02-12T10:30:00+00:00,14965.78,14972.29,14964.29,14971.78,230
2026-02-12T10:45:00+00:00,14971.78,14978.27,14971.29,14976.28,64
2026-02-12T11:00:00+00:00,14976.28,14980.29,14972.28,14978.28,161
2026-02-12T11:15:00+00:00,14978.28,14981.29,14977.27,14979.77,114
2026-02-12T11:30:00+00:00,14979.77,14979.77,14974.29,14976.29,91
2026-02-12T11:45:00+00:00,14976.29,14980.29,14966.78,14973.78,189
2026-02-12T12:00:00+00:00,14973.78,14973.78,14964.27,14969.29,190
2026-02-12T12:15:00+00:00,14969.29,14970.28,14966.27,14967.27,59.90573012939002
2026-02-12T12:30:00+00:00,14967.27,14968.28,14958.28,14959.29,85
2026-02-12T12:45:00+00:00,14959.29,14963.78,14957.27,14959.77,128
2026-02-12T13:00:00+00:00,14959.77,14960.27,14955.29,14955.77,123
2026-02-12T13:15:00+00:00,14955.77,14962.29,14955.27,14960.29,163
2026-02-12T13:30:00+00:00,14960.29,14970.27,14959.27,14967.79,225
2026-02-12T13:45:00+00:00,14967.79,14968.29,14964.27,14964.78,149
2026-02-12T14:00:00+00:00,14964.78,14982.29,14964.78,14976.27,207
2026-02-12T14:15:00+00:00,14976.27,14980.29,14972.27,14973.79,129
2026-02-12T14:30:00+00:00,14973.79,14976.29,14960.77,14961.28,968
2026-02-12T14:45:00+00:00,14961.28,14964.29,14935.27,14942.28,845
2026-02-12T15:00:00+00:00,14942.28,14958.29,14937.29,14956.78,839
2026-02-12T15:15:00+00:00,14956.78,14959.29,14951.27,14959.28,716
2026-02-12T15:30:00+00:00,14959.28,14963.29,14947.28,14952.28,747
2026-02-12T15:45:00+00:00,14952.28,14961.29,14943.78,14944.27,816
2026-02-12T16:00:00+00:00,14944.27,14944.28,14902.78,14905.29,1050
2026-02-12T16:15:00+00:00,14905.29,14906.77,14865.78,14869.28,1658
2026-02-12T16:30:00+00:00,14869.28,14900.78,14868.27,14888.27,1729
2026-02-12T16:45:00+00:00,14888.27,14893.28,14876.28,14885.77,1338
2026-02-12T17:00:00+00:00,14885.77,14885.79,14870.77,14872.79,1034
2026-02-12T17:15:00+00:00,14872.79,14895.29,14871.27,14883.79,1047
2026-02-12T17:30:00+00:00,14883.79,14894.29,14880.27,14890.29,957
2026-02-12T17:45:00+00:00,14890.29,14891.77,14869.27,14869.28,622
2026-02-12T18:00:00+00:00,14869.28,14875.29,14863.28,14870.29,795
2026-02-12T18:15:00+00:00,14870.29,14876.29,14862.27,14869.27,798
2026-02-12T18:30:00+00:00,14869.27,14881.29,14866.28,14880.27,741
2026-02-12T18:45:00+00:00,14880.27,14891.29,14878.27,14883.77,511
2026-02-12T19:00:00+00:00,14883.77,14888.29,14874.78,14876.28,391
2026-02-12T19:15:00+00:00,14876.28,14884.28,14868.28,14872.29,382
2026-02-12T19:30:00+00:00,14872.29,14881.77,14872.29,14877.28,345
2026-02-12T19:45:00+00:00,14877.28,14883.29,14873.28,14875.27,394
2026-02-12T20:00:00+00:00,14875.27,14879.29,14867.27,14870.77,374
2026-02-12T20:15:00+00:00,14870.77,14871.29,14866.29,14867.77,297
2026-02-12T20:30:00+00:00,14867.77,14876.29,14866.79,14875.28,196
2026-02-13T01:00:00+00:00,14875.28,14887.62,14865.1,14877.12,459.1088634959852
2026-02-13T01:15:00+00:00,14877.12,14888.12,14867.1,14878.12,986
2026-02-13T01:30:00+00:00,14878.12,14892.62,14739.12,14881.61,9050
2026-02-13T01:45:00+00:00,14881.61,14912.11,14863.1,14879.12,5049
2026-02-13T02:00:00+00:00,14879.12,14893.6,14854.1,14891.6,3517
2026-02-13T02:15:00+00:00,14891.6,14910.6,14887.61,14905.12,2586
2026-02-13T02:30:00+00:00,14905.12,14909.12,14881.11,14885.62,2211
2026-02-13T02:45:00+00:00,14885.62,14908.12,14883.1,14894.1,1361
2026-02-13T03:00:00+00:00,14894.1,14898.62,14849.1,14857.6,1589
2026-02-13T03:15:00+00:00,14857.6,14860.1,14815.61,14823.11,2511
2026-02-13T03:30:00+00:00,14823.11,14837.62,14821.61,14830.11,458
2026-02-13T03:45:00+00:00,14830.11,14833.12,14821.1,14825.12,218
2026-02-13T04:00:00+00:00,14825.12,14825.12,14817.11,14820.11,145
2026-02-13T04:15:00+00:00,14820.11,14831.1,14820.11,14829.12,104
2026-02-13T04:30:00+00:00,14829.12,14829.12,14819.1,14826.6,154
2026-02-13T04:45:00+00:00,14826.6,14829.11,14823.1,14823.11,165.5727636849132
2026-02-13T05:00:00+00:00,14823.11,14854.12,14821.11,14838.11,2592
2026-02-13T05:15:00+00:00,14838.11,14838.62,14803.61,14803.61,2132
2026-02-13T05:30:00+00:00,14803.61,14836.12,14792.1,14830.62,2420
2026-02-13T05:45:00+00:00,14830.62,14831.12,14795.1,14806.61,1619
2026-02-13T06:00:00+00:00,14806.61,14809.12,14760.1,14761.11,1791
2026-02-13T06:15:00+00:00,14761.11,14783.12,14756.1,14771.11,2132
2026-02-13T06:30:00+00:00,14771.11,14796.62,14752.12,14753.11,2648
2026-02-13T06:45:00+00:00,14753.11,14780.12,14743.1,14770.12,2948
2026-02-13T07:00:00+00:00,14770.12,14775.62,14735.11,14745.6,1506
2026-02-13T07:15:00+00:00,14745.6,14760.6,14743.11,14758.1,512
2026-02-13T07:30:00+00:00,14758.1,14759.62,14749.1,14756.11,402
2026-02-13T07:45:00+00:00,14756.11,14765.12,14748.11,14762.11,469
2026-02-13T08:00:00+00:00,14762.11,14772.11,14753.62,14759.1,670
2026-02-13T08:15:00+00:00,14759.1,14766.61,14748.1,14766.12,721
2026-02-13T09:00:00+00:00,14766.12,14776.61,14759.1,14764.11,444
2026-02-13T09:15:00+00:00,14764.11,14774.12,14762.61,14766.62,485
2026-02-13T09:30:00+00:00,14766.62,14766.62,14752.62,14753.1,315
2026-02-13T09:45:00+00:00,14753.1,14759.1,14745.11,14754.61,412
2026-02-13T10:00:00+00:00,14754.61,14759.12,14749.1,14753.11,284
2026-02-13T10:15:00+00:00,14753.11,14767.12,14753.1,14766.62,269
2026-02-13T10:30:00+00:00,14766.62,14767.11,14759.1,14760.61,219
2026-02-13T10:45:00+00:00,14760.61,14761.12,14753.1,14755.1,255
2026-02-13T11:00:00+00:00,14755.1,14757.11,14743.1,14746.11,371
2026-02-13T11:15:00+00:00,14746.11,14750.12,14733.11,14743.12,657
2026-02-13T11:30:00+00:00,14743.12,14746.12,14735.1,14743.61,591
2026-02-13T11:45:00+00:00,14743.61,14750.1,14733.1,14749.1,456
2026-02-13T12:00:00+00:00,14749.1,14751.12,14733.1,14742.62,900
2026-02-13T12:15:00+00:00,14742.62,14755.12,14740.11,14750.1,512
2026-02-13T12:30:00+00:00,14750.1,14755.12,14746.1,14748.62,481
2026-02-13T12:45:00+00:00,14748.62,14757.12,14720.11,14739.11,1490
2026-02-13T13:00:00+00:00,14739.11,14751.12,14724.6,14726.1,1280
2026-02-13T13:15:00+00:00,14726.1,14739.12,14720.1,14738.12,1175
2026-02-13T13:30:00+00:00,14738.12,14772.6,14738.12,14760.12,2310
2026-02-13T13:45:00+00:00,14760.12,14778.12,14744.62,14766.1,1510
2026-02-13T14:00:00+00:00,14766.1,14779.6,14759.1,14764.11,519
2026-02-13T14:15:00+00:00,14764.11,14772.11,14761.11,14769.1,389
2026-02-13T14:30:00+00:00,14769.1,14781.1,14739.6,14769.11,3658
2026-02-13T14:45:00+00:00,14769.11,14798.61,14749.1,14770.11,5120
2026-02-13T15:00:00+00:00,14770.11,14802.1,14767.1,14785.1,3541
2026-02-13T15:15:00+00:00,14785.1,14800.11,14777.1,14795.11,2207
2026-02-13T15:30:00+00:00,14795.11,14807.12,14786.6,14787.12,1374
2026-02-13T15:45:00+00:00,14787.12,14801.1,14779.1,14790.11,1395
2026-02-13T16:00:00+00:00,14790.11,14809.12,14790.1,14805.12,1002
2026-02-13T16:15:00+00:00,14805.12,14812.6,14794.6,14808.1,966
2026-02-13T16:30:00+00:00,14808.1,14810.12,14800.1,14805.11,726
2026-02-13T16:45:00+00:00,14805.11,14812.12,14800.1,14800.1,646
2026-02-13T17:00:00+00:00,14800.1,14816.11,14800.1,14815.12,461
2026-02-13T17:15:00+00:00,14815.12,14821.12,14806.1,14814.11,586
2026-02-13T17:30:00+00:00,14814.11,14819.12,14813.6,14816.61,415
2026-02-13T17:45:00+00:00,14816.61,14820.12,14812.1,14814.12,456
2026-02-13T18:00:00+00:00,14814.12,14818.12,14807.1,14816.1,530
2026-02-13T18:15:00+00:00,14816.1,14826.12,14814.1,14820.1,510
2026-02-13T18:30:00+00:00,14820.1,14822.61,14815.1,14816.11,464
2026-02-13T18:45:00+00:00,14816.11,14820.6,14807.11,14812.12,362
2026-02-13T19:00:00+00:00,14812.12,14821.12,14811.1,14817.12,307
2026-02-13T19:15:00+00:00,14817.12,14821.12,14812.6,14814.11,344
2026-02-13T19:30:00+00:00,14814.11,14820.12,14807.6,14812.12,468
2026-02-13T19:45:00+00:00,14812.12,14817.61,14797.12,14797.61,408
2026-02-13T20:00:00+00:00,14797.61,14809.12,14797.12,14804.61,378
2026-02-13T20:15:00+00:00,14804.61,14807.12,14793.11,14795.62,416
2026-02-13T20:30:00+00:00,14795.62,14802.62,14793.6,14800.1,525
2026-02-16T01:00:00+00:00,14800.1,14826.330000000002,14798.1,14811.820000000002,334.28566275924254
2026-02-16T01:15:00+00:00,14811.820000000002,14845.330000000002,14806.320000000002,14834.830000000002,972
2026-02-16T01:30:00+00:00,14834.830000000002,14839.340000000002,14779.340000000002,14823.830000000002,2660
2026-02-16T01:45:00+00:00,14823.830000000002,14849.320000000002,14780.820000000002,14841.340000000002,1848
2026-02-16T02:00:00+00:00,14841.340000000002,14866.320000000002,14800.340000000002,14816.320000000002,1401
2026-02-16T02:15:00+00:00,14816.320000000002,14842.840000000002,14816.320000000002,14837.340000000002,878
2026-02-16T02:30:00+00:00,14837.340000000002,14854.340000000002,14827.340000000002,14853.320000000002,741
2026-02-16T02:45:00+00:00,14853.320000000002,14864.330000000002,14846.840000000002,14854.330000000002,607
2026-02-16T03:00:00+00:00,14854.330000000002,14872.340000000002,14852.320000000002,14867.330000000002,600
2026-02-16T03:15:00+00:00,14867.330000000002,14882.340000000002,14861.320000000002,14877.340000000002,581
2026-02-16T03:30:00+00:00,14877.340000000002,14881.340000000002,14861.320000000002,14866.320000000002,569
2026-02-16T03:45:00+00:00,14866.320000000002,14897.340000000002,14865.330000000002,14894.820000000002,509
2026-02-16T04:00:00+00:00,14894.820000000002,14912.330000000002,14891.820000000002,14898.840000000002,684
2026-02-16T04:15:00+00:00,14898.840000000002,14920.340000000002,14895.320000000002,14912.830000000002,415
2026-02-16T04:30:00+00:00,14912.830000000002,14913.340000000002,14907.320000000002,14909.320000000002,270
2026-02-16T04:45:00+00:00,14909.320000000002,14917.340000000002,14901.330000000002,14914.820000000002,333
2026-02-16T05:00:00+00:00,14914.820000000002,14926.840000000002,14911.330000000002,14920.320000000002,423
2026-02-16T05:15:00+00:00,14920.320000000002,14937.340000000002,14919.820000000002,14933.820000000002,303
2026-02-16T05:30:00+00:00,14933.820000000002,14942.330000000002,14929.830000000002,14937.320000000002,246
2026-02-16T05:45:00+00:00,14937.320000000002,14961.330000000002,14934.320000000002,14945.340000000002,415
2026-02-16T06:00:00+00:00,14945.340000000002,14954.840000000002,14942.330000000002,14953.830000000002,258
2026-02-16T06:15:00+00:00,14953.830000000002,14968.820000000002,14952.340000000002,14966.320000000002,302
2026-02-16T06:30:00+00:00,14966.320000000002,14971.330000000002,14963.820000000002,14969.320000000002,217
2026-02-16T06:45:00+00:00,14969.320000000002,14973.840000000002,14959.330000000002,14968.320000000002,323
2026-02-16T07:00:00+00:00,14968.320000000002,14974.320000000002,14964.330000000002,14967.830000000002,212
2026-02-16T07:15:00+00:00,14967.830000000002,14971.330000000002,14962.330000000002,14969.340000000002,172
2026-02-16T07:30:00+00:00,14969.340000000002,14976.820000000002,14967.320000000002,14973.320000000002,216
2026-02-16T07:45:00+00:00,14973.320000000002,14982.330000000002,14972.830000000002,14980.330000000002,248
2026-02-16T08:00:00+00:00,14980.330000000002,15008.330000000002,14980.330000000002,14992.830000000002,487
2026-02-16T08:15:00+00:00,14992.830000000002,14996.330000000002,14987.320000000002,14991.340000000002,258
2026-02-16T09:00:00+00:00,14991.340000000002,15001.840000000002,14991.330000000002,14991.330000000002,217
2026-02-16T09:15:00+00:00,14991.330000000002,15002.340000000002,14990.820000000002,14996.840000000002,261
2026-02-16T09:30:00+00:00,14996.840000000002,14999.340000000002,14989.330000000002,14990.840000000002,153
2026-02-16T09:45:00+00:00,14990.840000000002,14990.840000000002,14981.820000000002,14982.820000000002,110
2026-02-16T10:00:00+00:00,14982.820000000002,14984.340000000002,14978.320000000002,14980.840000000002,203
2026-02-16T10:15:00+00:00,14980.840000000002,14983.340000000002,14976.320000000002,14976.320000000002,126.61376896149358
2026-02-16T10:30:00+00:00,14976.320000000002,14979.820000000002,14974.830000000002,14978.330000000002,116
2026-02-16T10:45:00+00:00,14978.330000000002,14978.830000000002,14971.330000000002,14973.320000000002,183
2026-02-16T11:00:00+00:00,14973.320000000002,14974.340000000002,14965.320000000002,14969.340000000002,191
2026-02-16T11:15:00+00:00,14969.340000000002,14972.330000000002,14968.820000000002,14971.340000000002,92
2026-02-16T11:30:00+00:00,14971.340000000002,14973.340000000002,14968.330000000002,14972.340000000002,91
2026-02-16T11:45:00+00:00,14972.340000000002,14974.330000000002,14970.320000000002,14972.320000000002,110.78502080443828
2026-02-16T12:00:00+00:00,14972.320000000002,14972.840000000002,14970.320000000002,14971.340000000002,95
2026-02-16T12:15:00+00:00,14971.340000000002,14973.340000000002,14969.320000000002,14972.320000000002,94.8782315045338
2026-02-16T12:30:00+00:00,14972.320000000002,14972.840000000002,14968.320000000002,14968.320000000002,114
2026-02-16T12:45:00+00:00,14968.320000000002,14972.840000000002,14966.320000000002,14971.840000000002,122
2026-02-16T13:00:00+00:00,14971.840000000002,14972.330000000002,14967.320000000002,14967.840000000002,105
2026-02-16T13:15:00+00:00,14967.840000000002,14971.340000000002,14966.820000000002,14969.830000000002,109
2026-02-16T13:30:00+00:00,14969.830000000002,14975.340000000002,14969.340000000002,14970.820000000002,128
2026-02-16T13:45:00+00:00,14970.820000000002,14973.820000000002,14969.330000000002,14970.830000000002,71
2026-02-16T14:00:00+00:00,14970.830000000002,14970.830000000002,14967.320000000002,14967.320000000002,132
2026-02-16T14:15:00+00:00,14967.320000000002,14976.330000000002,14965.320000000002,14974.340000000002,173.76847290640393
2026-02-16T14:30:00+00:00,14974.340000000002,14996.330000000002,14972.320000000002,14982.830000000002,477
2026-02-16T14:45:00+00:00,14982.830000000002,14983.840000000002,14977.320000000002,14981.320000000002,277
2026-02-16T15:00:00+00:00,14981.320000000002,14984.330000000002,14973.340000000002,14975.340000000002,162
2026-02-16T15:15:00+00:00,14975.340000000002,14976.820000000002,14967.330000000002,14969.340000000002,125
2026-02-16T15:30:00+00:00,14969.340000000002,14970.840000000002,14958.320000000002,14959.820000000002,222
2026-02-16T15:45:00+00:00,14959.820000000002,14964.330000000002,14956.320000000002,14956.830000000002,140
2026-02-16T16:00:00+00:00,14956.830000000002,14963.330000000002,14952.830000000002,14961.330000000002,125
2026-02-16T16:15:00+00:00,14961.330000000002,14961.820000000002,14951.320000000002,14953.320000000002,151
2026-02-16T16:30:00+00:00,14953.320000000002,14958.830000000002,14950.320000000002,14957.320000000002,159
2026-02-16T16:45:00+00:00,14957.320000000002,14958.830000000002,14954.840000000002,14955.830000000002,95
2026-02-16T17:00:00+00:00,14955.830000000002,14960.340000000002,14955.330000000002,14958.340000000002,121
2026-02-16T17:15:00+00:00,14958.340000000002,14965.340000000002,14956.320000000002,14962.820000000002,87.81861958266452
2026-02-16T17:30:00+00:00,14962.820000000002,14965.320000000002,14957.320000000002,14964.330000000002,83
2026-02-16T17:45:00+00:00,14964.330000000002,14966.330000000002,14960.820000000002,14961.340000000002,61
2026-02-16T18:00:00+00:00,14961.340000000002,14967.340000000002,14961.340000000002,14967.340000000002,53.58333333333333
2026-02-16T18:15:00+00:00,14967.340000000002,14972.340000000002,14966.320000000002,14971.340000000002,49.76741573033708
2026-02-16T18:30:00+00:00,14971.340000000002,14974.340000000002,14971.330000000002,14973.330000000002,46.58675799086758
2026-02-16T18:45:00+00:00,14973.330000000002,14977.340000000002,14973.330000000002,14976.820000000002,37.39782345828295
2026-02-16T19:00:00+00:00,14976.820000000002,14978.830000000002,14976.820000000002,14978.830000000002,32.243967828418235
2026-02-16T19:15:00+00:00,14978.830000000002,14979.840000000002,14978.320000000002,14979.830000000002,26
2026-02-16T19:30:00+00:00,14979.830000000002,14981.330000000002,14979.820000000002,14980.320000000002,24.34969298059419
2026-02-16T19:45:00+00:00,14980.320000000002,14983.340000000002,14980.320000000002,14982.840000000002,32.43596880593154
2026-02-16T20:00:00+00:00,14982.840000000002,14986.330000000002,14982.320000000002,14985.840000000002,47.76019813519814
2026-02-16T20:15:00+00:00,14985.840000000002,14987.840000000002,14985.340000000002,14987.330000000002,51.55354142072132
2026-02-16T20:30:00+00:00,14987.330000000002,14987.330000000002,14977.820000000002,14979.330000000002,76
2026-02-17T01:00:00+00:00,14979.330000000002,14981.330000000002,14956.03,14962.550000000001,604.6007640878702
2026-02-17T01:15:00+00:00,14962.550000000001,14967.54,14953.53,14954.54,235
2026-02-17T01:30:00+00:00,14954.54,14965.050000000001,14953.53,14954.53,405
2026-02-17T01:45:00+00:00,14954.53,14958.550000000001,14935.03,14940.03,378
2026-02-17T02:00:00+00:00,14940.03,14942.04,14928.050000000001,14931.53,346
2026-02-17T02:15:00+00:00,14931.53,14933.050000000001,14918.04,14918.050000000001,242
2026-02-17T02:30:00+00:00,14918.050000000001,14921.050000000001,14913.53,14917.54,192
2026-02-17T02:45:00+00:00,14917.54,14917.54,14909.53,14909.550000000001,130
2026-02-17T03:00:00+00:00,14909.550000000001,14910.04,14895.050000000001,14899.050000000001,225.05882352941177
2026-02-17T03:15:00+00:00,14899.050000000001,14904.050000000001,14895.03,14897.03,141.0509383378016
2026-02-17T03:30:00+00:00,14897.03,14897.03,14881.03,14886.550000000001,261
2026-02-17T03:45:00+00:00,14886.550000000001,14888.050000000001,14881.03,14882.550000000001,134
2026-02-17T04:00:00+00:00,14882.550000000001,14888.03,14881.54,14884.550000000001,106
2026-02-17T04:15:00+00:00,14884.550000000001,14888.050000000001,14882.050000000001,14886.54,98
2026-02-17T04:30:00+00:00,14886.54,14886.54,14882.550000000001,14883.54,66
2026-02-17T04:45:00+00:00,14883.54,14886.050000000001,14883.03,14883.53,106
2026-02-17T05:00:00+00:00,14883.53,14883.53,14873.03,14873.54,176
2026-02-17T05:15:00+00:00,14873.54,14874.53,14863.550000000001,14873.050000000001,194
2026-02-17T05:30:00+00:00,14873.050000000001,14873.050000000001,14865.03,14868.54,152.0421631530706
2026-02-17T05:45:00+00:00,14868.54,14874.04,14865.050000000001,14868.54,159
2026-02-17T06:00:00+00:00,14868.54,14880.550000000001,14868.050000000001,14877.550000000001,132
2026-02-17T06:15:00+00:00,14877.550000000001,14878.54,14870.03,14870.53,77
2026-02-17T06:30:00+00:00,14870.53,14877.04,14868.53,14875.050000000001,91
2026-02-17T06:45:00+00:00,14875.050000000001,14878.03,14873.03,14873.54,69.88210075026795
2026-02-17T07:00:00+00:00,14873.54,14875.04,14867.03,14870.04,135
2026-02-17T07:15:00+00:00,14870.04,14870.04,14864.03,14864.53,108
2026-02-17T07:30:00+00:00,14864.53,14869.53,14861.04,14868.53,136
2026-02-17T07:45:00+00:00,14868.53,14875.53,14868.050000000001,14875.53,119
2026-02-17T08:00:00+00:00,14875.53,14893.53,14875.53,14889.04,310
2026-02-17T08:15:00+00:00,14889.04,14889.050000000001,14874.03,14878.550000000001,263
2026-02-17T09:00:00+00:00,14878.550000000001,14882.53,14871.03,14872.550000000001,208
2026-02-17T09:15:00+00:00,14872.550000000001,14881.550000000001,14872.550000000001,14881.550000000001,100
2026-02-17T09:30:00+00:00,14881.550000000001,14891.04,14880.53,14888.53,110
2026-02-17T09:45:00+00:00,14888.53,14890.050000000001,14885.54,14889.03,79.48698884758365
2026-02-17T10:00:00+00:00,14889.03,14890.050000000001,14884.53,14885.050000000001,97
2026-02-17T10:15:00+00:00,14885.050000000001,14888.54,14882.53,14883.04,126
2026-02-17T10:30:00+00:00,14883.04,14883.04,14859.03,14868.050000000001,186
2026-02-17T10:45:00+00:00,14868.050000000001,14873.550000000001,14865.04,14865.04,191
2026-02-17T11:00:00+00:00,14865.04,14868.550000000001,14856.04,14862.050000000001,242
2026-02-17T11:15:00+00:00,14862.050000000001,14868.03,14861.03,14867.04,169
2026-02-17T11:30:00+00:00,14867.04,14869.53,14863.53,14868.03,210
2026-02-17T11:45:00+00:00,14868.03,14868.050000000001,14864.03,14867.54,157
2026-02-17T12:00:00+00:00,14867.54,14875.050000000001,14865.03,14872.550000000001,186
2026-02-17T12:15:00+00:00,14872.550000000001,14873.050000000001,14861.050000000001,14861.53,145
2026-02-17T12:30:00+00:00,14861.53,14864.03,14856.03,14857.550000000001,178
2026-02-17T12:45:00+00:00,14857.550000000001,14858.04,14845.04,14848.550000000001,236
2026-02-17T13:00:00+00:00,14848.550000000001,14850.050000000001,14836.050000000001,14842.03,345
2026-02-17T13:15:00+00:00,14842.03,14854.04,14839.54,14852.54,350
2026-02-17T13:30:00+00:00,14852.54,14855.04,14850.04,14852.03,191
2026-02-17T13:45:00+00:00,14852.03,14868.53,14840.050000000001,14843.54,761
2026-02-17T14:00:00+00:00,14843.54,14849.050000000001,14838.03,14840.03,293
2026-02-17T14:15:00+00:00,14840.03,14842.54,14837.03,14841.04,200
2026-02-17T14:30:00+00:00,14841.04,14886.050000000001,14841.04,14855.050000000001,1689
2026-02-17T14:45:00+00:00,14855.050000000001,14857.050000000001,14827.54,14832.54,1392
2026-02-17T15:00:00+00:00,14832.54,14850.050000000001,14825.03,14826.03,1292
2026-02-17T15:15:00+00:00,14826.03,14851.050000000001,14824.04,14827.04,1136
2026-02-17T15:30:00+00:00,14827.04,14833.550000000001,14814.04,14828.03,951
2026-02-17T15:45:00+00:00,14828.03,14848.050000000001,14827.54,14847.550000000001,1175
2026-02-17T16:00:00+00:00,14847.550000000001,14870.050000000001,14845.03,14869.050000000001,679
2026-02-17T16:15:00+00:00,14869.050000000001,14876.03,14864.53,14869.03,589
2026-02-17T16:30:00+00:00,14869.03,14877.550000000001,14862.03,14870.03,620
2026-02-17T16:45:00+00:00,14870.03,14875.050000000001,14864.04,14868.54,573
2026-02-17T17:00:00+00:00,14868.54,14868.54,14851.03,14855.54,514
2026-02-17T17:15:00+00:00,14855.54,14864.03,14848.53,14864.03,580
2026-02-17T17:30:00+00:00,14864.03,14865.050000000001,14841.050000000001,14842.03,506
2026-02-17T17:45:00+00:00,14842.03,14859.54,14838.04,14858.050000000001,671
2026-02-17T18:00:00+00:00,14858.050000000001,14859.53,14850.03,14854.04,554
2026-02-17T18:15:00+00:00,14854.04,14875.54,14852.53,14874.03,579
2026-02-17T18:30:00+00:00,14874.03,14891.050000000001,14871.550000000001,14886.53,387
2026-02-17T18:45:00+00:00,14886.53,14900.050000000001,14886.53,14895.53,382
2026-02-17T19:00:00+00:00,14895.53,14900.050000000001,14895.03,14897.53,314
2026-02-17T19:15:00+00:00,14897.53,14897.54,14886.03,14887.03,330
2026-02-17T19:30:00+00:00,14887.03,14893.03,14886.04,14893.03,285
2026-02-17T19:45:00+00:00,14893.03,14895.04,14884.04,14885.04,356
2026-02-17T20:00:00+00:00,14885.04,14890.050000000001,14883.03,14883.53,263
2026-02-17T20:15:00+00:00,14883.53,14885.04,14880.03,14882.03,215
2026-02-17T20:30:00+00:00,14882.03,14885.050000000001,14878.03,14881.03,341
2026-02-18T01:00:00+00:00,14881.03,14884.960000000001,14869.45,14876.45,384.0387822377351
2026-02-18T01:15:00+00:00,14876.45,14877.95,14862.44,14873.45,287
2026-02-18T01:30:00+00:00,14873.45,14875.44,14865.45,14873.95,293
2026-02-18T01:45:00+00:00,14873.95,14886.44,14872.44,14883.95,203
2026-02-18T02:00:00+00:00,14883.95,14898.460000000001,14879.960000000001,14883.95,273
2026-02-18T02:15:00+00:00,14883.95,14884.460000000001,14878.44,14879.95,94
2026-02-18T02:30:00+00:00,14879.95,14884.45,14879.94,14879.960000000001,56
2026-02-18T02:45:00+00:00,14879.960000000001,14883.45,14878.94,14879.95,69
2026-02-18T03:00:00+00:00,14879.95,14885.460000000001,14879.94,14881.44,90.9388122375525
2026-02-18T03:15:00+00:00,14881.44,14883.45,14878.45,14882.95,64
2026-02-18T03:30:00+00:00,14882.95,14893.460000000001,14882.95,14889.95,112.92132352941177
2026-02-18T03:45:00+00:00,14889.95,14896.960000000001,14888.94,14896.95,101.98703279938978
2026-02-18T04:00:00+00:00,14896.95,14902.95,14893.44,14902.95,83
2026-02-18T04:15:00+00:00,14902.95,14904.460000000001,14901.45,14903.94,68
2026-02-18T04:30:00+00:00,14903.94,14912.94,14903.94,14910.94,116.9613428280773
2026-02-18T04:45:00+00:00,14910.94,14911.45,14906.44,14908.94,71
2026-02-18T05:00:00+00:00,14908.94,14919.45,14907.960000000001,14916.45,117
2026-02-18T05:15:00+00:00,14916.45,14919.95,14912.45,14918.94,118.48866498740554
2026-02-18T05:30:00+00:00,14918.94,14922.44,14916.45,14917.95,85
2026-02-18T05:45:00+00:00,14917.95,14919.460000000001,14916.44,14918.95,71
2026-02-18T06:00:00+00:00,14918.95,14921.460000000001,14916.44,14916.460000000001,53
2026-02-18T06:15:00+00:00,14916.460000000001,14922.94,14916.460000000001,14922.94,53
2026-02-18T06:30:00+00:00,14922.94,14925.44,14917.960000000001,14919.960000000001,79
2026-02-18T06:45:00+00:00,14919.960000000001,14926.44,14919.960000000001,14925.45,98
2026-02-18T07:00:00+00:00,14925.45,14927.960000000001,14923.94,14924.45,94
2026-02-18T07:15:00+00:00,14924.45,14926.460000000001,14919.460000000001,14922.44,58.832751033632334
2026-02-18T07:30:00+00:00,14922.44,14926.45,14921.44,14925.94,42.73140390075874
2026-02-18T07:45:00+00:00,14925.94,14928.94,14920.960000000001,14923.460000000001,84.21649484536083
2026-02-18T08:00:00+00:00,14923.460000000001,14935.460000000001,14923.460000000001,14931.94,242
2026-02-18T08:15:00+00:00,14931.94,14944.45,14931.45,14932.95,231
2026-02-18T09:00:00+00:00,14932.95,14939.460000000001,14931.94,14938.45,198
2026-02-18T09:15:00+00:00,14938.45,14943.460000000001,14934.95,14940.44,190
2026-02-18T09:30:00+00:00,14940.44,14960.45,14940.44,14957.45,229
2026-02-18T09:45:00+00:00,14957.45,14958.460000000001,14948.44,14950.94,113
2026-02-18T10:00:00+00:00,14950.94,14957.45,14950.94,14952.960000000001,99
2026-02-18T10:15:00+00:00,14952.960000000001,14955.45,14951.44,14953.45,94.35969868173258
2026-02-18T10:30:00+00:00,14953.45,14954.45,14950.45,14951.460000000001,108
2026-02-18T10:45:00+00:00,14951.460000000001,14953.460000000001,14948.94,14950.44,102
2026-02-18T11:00:00+00:00,14950.44,14952.460000000001,14946.45,14947.95,87
2026-02-18T11:15:00+00:00,14947.95,14951.460000000001,14945.45,14948.960000000001,76.02918755859932
2026-02-18T11:30:00+00:00,14948.960000000001,14949.460000000001,14942.94,14945.460000000001,99
2026-02-18T11:45:00+00:00,14945.460000000001,14948.45,14940.44,14943.44,106
2026-02-18T12:00:00+00:00,14943.44,14952.44,14941.44,14950.45,257
2026-02-18T12:15:00+00:00,14950.45,14950.460000000001,14945.44,14945.44,101
2026-02-18T12:30:00+00:00,14945.44,14945.44,14936.45,14940.460000000001,173
2026-02-18T12:45:00+00:00,14940.460000000001,14941.460000000001,14935.95,14939.460000000001,92
2026-02-18T13:00:00+00:00,14939.460000000001,14947.460000000001,14939.460000000001,14946.960000000001,118
2026-02-18T13:15:00+00:00,14946.960000000001,14947.44,14941.44,14942.45,82
2026-02-18T13:30:00+00:00,14942.45,14946.45,14940.94,14943.960000000001,162
2026-02-18T13:45:00+00:00,14943.960000000001,14944.460000000001,14939.44,14943.460000000001,171
2026-02-18T14:00:00+00:00,14943.460000000001,14944.45,14941.460000000001,14942.44,94
2026-02-18T14:15:00+00:00,14942.44,14943.44,14937.95,14941.95,141
2026-02-18T14:30:00+00:00,14941.95,14966.460000000001,14925.44,14957.44,1950
2026-02-18T14:45:00+00:00,14957.44,14958.94,14936.94,14944.460000000001,1019
2026-02-18T15:00:00+00:00,14944.460000000001,14970.460000000001,14944.44,14968.95,500
2026-02-18T15:15:00+00:00,14968.95,14969.44,14958.44,14964.44,253
2026-02-18T15:30:00+00:00,14964.44,14969.460000000001,14961.44,14969.460000000001,391
2026-02-18T15:45:00+00:00,14969.460000000001,14971.460000000001,14962.960000000001,14971.44,289
2026-02-18T16:00:00+00:00,14971.44,14973.45,14963.44,14967.460000000001,316
2026-02-18T16:15:00+00:00,14967.460000000001,14970.460000000001,14962.44,14965.44,234
2026-02-18T16:30:00+00:00,14965.44,14972.45,14962.44,14969.94,249
2026-02-18T16:45:00+00:00,14969.94,14969.960000000001,14961.45,14962.44,258
2026-02-18T17:00:00+00:00,14962.44,14970.460000000001,14961.44,14968.960000000001,239
2026-02-18T17:15:00+00:00,14968.960000000001,14973.45,14965.460000000001,14966.44,167
2026-02-18T17:30:00+00:00,14966.44,14968.460000000001,14962.960000000001,14965.45,200
2026-02-18T17:45:00+00:00,14965.45,14970.45,14964.94,14968.45,171
2026-02-18T18:00:00+00:00,14968.45,14972.460000000001,14965.44,14966.44,182
2026-02-18T18:15:00+00:00,14966.44,14968.45,14959.460000000001,14962.94,165
2026-02-18T18:30:00+00:00,14962.94,14964.960000000001,14957.44,14960.460000000001,287
2026-02-18T18:45:00+00:00,14960.460000000001,14963.470000000001,14955.960000000001,14962.470000000001,276
2026-02-18T19:00:00+00:00,14962.470000000001,14964.480000000001,14955.970000000001,14956.470000000001,327
2026-02-18T19:15:00+00:00,14956.470000000001,14958.970000000001,14952.460000000001,14952.460000000001,291
2026-02-18T19:30:00+00:00,14952.460000000001,14954.480000000001,14944.480000000001,14946.960000000001,408
2026-02-18T19:45:00+00:00,14946.960000000001,14952.470000000001,14937.460000000001,14942.460000000001,294
2026-02-18T20:00:00+00:00,14942.460000000001,14947.970000000001,14938.480000000001,14940.460000000001,235
2026-02-18T20:15:00+00:00,14940.460000000001,14943.480000000001,14937.470000000001,14941.460000000001,274
2026-02-18T20:30:00+00:00,14941.460000000001,14949.980000000001,14940.960000000001,14949.460000000001,157
2026-02-19T01:00:00+00:00,14949.460000000001,14952.200000000003,14939.680000000002,14949.180000000002,316.0347394540943
2026-02-19T01:15:00+00:00,14949.180000000002,14951.200000000003,14929.700000000003,14929.700000000003,269
2026-02-19T01:30:00+00:00,14929.700000000003,14965.700000000003,14929.680000000002,14949.190000000002,726
2026-02-19T01:45:00+00:00,14949.190000000002,14962.700000000003,14944.190000000002,14955.200000000003,403
2026-02-19T02:00:00+00:00,14955.200000000003,14960.180000000002,14953.190000000002,14955.200000000003,282
2026-02-19T02:15:00+00:00,14955.200000000003,14957.680000000002,14949.190000000002,14954.690000000002,137
2026-02-19T02:30:00+00:00,14954.690000000002,14957.700000000003,14952.200000000003,14952.200000000003,78
2026-02-19T02:45:00+00:00,14952.200000000003,14953.690000000002,14945.180000000002,14947.190000000002,169
2026-02-19T03:00:00+00:00,14947.190000000002,14949.700000000003,14940.200000000003,14941.680000000002,179
2026-02-19T03:15:00+00:00,14941.680000000002,14953.200000000003,14940.690000000002,14953.200000000003,178
2026-02-19T03:30:00+00:00,14953.200000000003,14955.680000000002,14951.690000000002,14952.680000000002,138
2026-02-19T03:45:00+00:00,14952.680000000002,14964.190000000002,14952.190000000002,14960.680000000002,144
2026-02-19T04:00:00+00:00,14960.680000000002,14960.680000000002,14952.680000000002,14953.700000000003,143
2026-02-19T04:15:00+00:00,14953.700000000003,14954.700000000003,14951.680000000002,14951.690000000002,88
2026-02-19T04:30:00+00:00,14951.690000000002,14955.190000000002,14951.180000000002,14951.190000000002,81
2026-02-19T04:45:00+00:00,14951.190000000002,14951.200000000003,14947.200000000003,14949.680000000002,132.12509419743782
2026-02-19T05:00:00+00:00,14949.680000000002,14953.680000000002,14948.680000000002,14950.180000000002,109
2026-02-19T05:15:00+00:00,14950.180000000002,14955.200000000003,14948.680000000002,14954.700000000003,87
2026-02-19T05:30:00+00:00,14954.700000000003,14964.700000000003,14954.680000000002,14957.680000000002,171
2026-02-19T05:45:00+00:00,14957.680000000002,14959.180000000002,14954.180000000002,14955.700000000003,98
2026-02-19T06:00:00+00:00,14955.700000000003,14958.190000000002,14950.190000000002,14950.190000000002,103
2026-02-19T06:15:00+00:00,14950.190000000002,14956.200000000003,14947.200000000003,14953.680000000002,136
2026-02-19T06:30:00+00:00,14953.680000000002,14959.190000000002,14953.680000000002,14956.180000000002,126
2026-02-19T06:45:00+00:00,14956.180000000002,14962.200000000003,14954.180000000002,14959.190000000002,102
2026-02-19T07:00:00+00:00,14959.190000000002,14962.690000000002,14957.690000000002,14960.190000000002,74.7758405977584
2026-02-19T07:15:00+00:00,14960.190000000002,14964.190000000002,14960.180000000002,14963.700000000003,58.41583276921551
2026-02-19T07:30:00+00:00,14963.700000000003,14967.180000000002,14963.690000000002,14965.680000000002,46.82368421052632
2026-02-19T07:45:00+00:00,14965.680000000002,14965.690000000002,14957.180000000002,14959.200000000003,118.56084656084656
2026-02-19T08:00:00+00:00,14959.200000000003,14964.190000000002,14958.690000000002,14962.200000000003,149.80555555555554
2026-02-19T08:15:00+00:00,14962.200000000003,14966.200000000003,14957.680000000002,14960.690000000002,165
2026-02-19T09:00:00+00:00,14960.690000000002,14960.690000000002,14939.190000000002,14945.190000000002,219
2026-02-19T09:15:00+00:00,14945.190000000002,14949.200000000003,14939.180000000002,14939.200000000003,252
2026-02-19T09:30:00+00:00,14939.200000000003,14944.700000000003,14933.180000000002,14936.700000000003,371
2026-02-19T09:45:00+00:00,14936.700000000003,14940.200000000003,14932.200000000003,14937.190000000002,273
2026-02-19T10:00:00+00:00,14937.190000000002,14939.180000000002,14926.190000000002,14927.680000000002,577
2026-02-19T10:15:00+00:00,14927.680000000002,14931.200000000003,14925.180000000002,14925.680000000002,236
2026-02-19T10:30:00+00:00,14925.680000000002,14929.200000000003,14916.680000000002,14927.190000000002,231
2026-02-19T10:45:00+00:00,14927.190000000002,14932.200000000003,14925.690000000002,14928.180000000002,209
2026-02-19T11:00:00+00:00,14928.180000000002,14935.690000000002,14926.180000000002,14932.200000000003,151
2026-02-19T11:15:00+00:00,14932.200000000003,14934.200000000003,14928.190000000002,14928.190000000002,137
2026-02-19T11:30:00+00:00,14928.190000000002,14929.180000000002,14923.180000000002,14923.680000000002,141
2026-02-19T11:45:00+00:00,14923.680000000002,14925.200000000003,14915.190000000002,14920.200000000003,251
2026-02-19T12:00:00+00:00,14920.200000000003,14922.680000000002,14913.180000000002,14921.200000000003,344
2026-02-19T12:15:00+00:00,14921.200000000003,14926.200000000003,14918.680000000002,14923.190000000002,156
2026-02-19T12:30:00+00:00,14923.190000000002,14926.700000000003,14920.180000000002,14925.190000000002,149
2026-02-19T12:45:00+00:00,14925.190000000002,14925.690000000002,14920.180000000002,14921.180000000002,109
2026-02-19T13:00:00+00:00,14921.180000000002,14921.200000000003,14906.180000000002,14914.180000000002,223
2026-02-19T13:15:00+00:00,14914.180000000002,14917.200000000003,14906.190000000002,14910.700000000003,189
2026-02-19T13:30:00+00:00,14910.700000000003,14921.190000000002,14907.180000000002,14908.200000000003,279
2026-02-19T13:45:00+00:00,14908.200000000003,14910.700000000003,14894.190000000002,14899.700000000003,219
2026-02-19T14:00:00+00:00,14899.700000000003,14901.180000000002,14884.190000000002,14891.190000000002,262
2026-02-19T14:15:00+00:00,14891.190000000002,14895.190000000002,14884.700000000003,14885.180000000002,203
2026-02-19T14:30:00+00:00,14885.180000000002,14898.700000000003,14859.180000000002,14880.200000000003,1854
2026-02-19T14:45:00+00:00,14880.200000000003,14893.690000000002,14863.180000000002,14885.700000000003,1176
2026-02-19T15:00:00+00:00,14885.700000000003,14908.200000000003,14880.180000000002,14896.200000000003,1231
2026-02-19T15:15:00+00:00,14896.200000000003,14907.190000000002,14890.190000000002,14899.690000000002,963
2026-02-19T15:30:00+00:00,14899.690000000002,14913.190000000002,14897.190000000002,14902.680000000002,642
2026-02-19T15:45:00+00:00,14902.680000000002,14906.690000000002,14892.180000000002,14900.180000000002,720
2026-02-19T16:00:00+00:00,14900.180000000002,14902.200000000003,14890.180000000002,14896.200000000003,601
2026-02-19T16:15:00+00:00,14896.200000000003,14911.690000000002,14893.190000000002,14893.700000000003,615
2026-02-19T16:30:00+00:00,14893.700000000003,14910.180000000002,14893.700000000003,14902.180000000002,754
2026-02-19T16:45:00+00:00,14902.180000000002,14907.200000000003,14893.180000000002,14899.180000000002,691
2026-02-19T17:00:00+00:00,14899.180000000002,14901.190000000002,14890.180000000002,14894.680000000002,517
2026-02-19T17:15:00+00:00,14894.680000000002,14905.700000000003,14892.180000000002,14900.200000000003,609
2026-02-19T17:30:00+00:00,14900.200000000003,14901.200000000003,14894.180000000002,14896.700000000003,411
2026-02-19T17:45:00+00:00,14896.700000000003,14897.200000000003,14876.200000000003,14879.690000000002,650
2026-02-19T18:00:00+00:00,14879.690000000002,14890.200000000003,14876.180000000002,14888.190000000002,435
2026-02-19T18:15:00+00:00,14888.190000000002,14889.180000000002,14876.180000000002,14883.180000000002,496
2026-02-19T18:30:00+00:00,14883.180000000002,14885.700000000003,14877.180000000002,14885.700000000003,410
2026-02-19T18:45:00+00:00,14885.700000000003,14894.690000000002,14884.700000000003,14894.190000000002,374
2026-02-19T19:00:00+00:00,14894.190000000002,14898.200000000003,14891.180000000002,14895.680000000002,337
2026-02-19T19:15:00+00:00,14895.680000000002,14896.690000000002,14888.180000000002,14891.190000000002,243
2026-02-19T19:30:00+00:00,14891.190000000002,14893.200000000003,14881.180000000002,14885.200000000003,384
2026-02-19T19:45:00+00:00,14885.200000000003,14889.200000000003,14882.690000000002,14887.200000000003,303
2026-02-19T20:00:00+00:00,14887.200000000003,14895.200000000003,14887.200000000003,14893.690000000002,124
2026-02-19T20:15:00+00:00,14893.690000000002,14897.190000000002,14889.200000000003,14894.680000000002,177
2026-02-19T20:30:00+00:00,14894.680000000002,14898.200000000003,14894.180000000002,14898.180000000002,83
2026-02-20T01:00:00+00:00,14898.180000000002,14928.410000000002,14896.680000000002,14910.910000000002,489.0042744176106
2026-02-20T01:15:00+00:00,14910.910000000002,14933.390000000001,14869.390000000001,14910.900000000001,2728
2026-02-20T01:30:00+00:00,14910.900000000001,14912.910000000002,14800.890000000001,14800.890000000001,5164
2026-02-20T01:45:00+00:00,14800.890000000001,14835.390000000001,14767.890000000001,14819.910000000002,3153
2026-02-20T02:00:00+00:00,14819.910000000002,14886.890000000001,14798.410000000002,14806.390000000001,4212
2026-02-20T02:15:00+00:00,14806.390000000001,14830.900000000001,14802.890000000001,14825.890000000001,1637
2026-02-20T02:30:00+00:00,14825.890000000001,14861.910000000002,14816.890000000001,14841.890000000001,1294
2026-02-20T02:45:00+00:00,14841.890000000001,14842.890000000001,14809.910000000002,14838.390000000001,902
2026-02-20T03:00:00+00:00,14838.390000000001,14855.400000000001,14824.390000000001,14855.400000000001,951
2026-02-20T03:15:00+00:00,14855.400000000001,14863.400000000001,14829.890000000001,14830.890000000001,967
2026-02-20T03:30:00+00:00,14830.890000000001,14843.900000000001,14828.890000000001,14829.910000000002,773
2026-02-20T03:45:00+00:00,14829.910000000002,14845.910000000002,14829.410000000002,14840.390000000001,494
2026-02-20T04:00:00+00:00,14840.390000000001,14842.900000000001,14838.410000000002,14842.390000000001,141.14285714285714
2026-02-20T04:15:00+00:00,14842.390000000001,14845.410000000002,14841.410000000002,14844.910000000002,102
2026-02-20T04:30:00+00:00,14844.910000000002,14846.400000000001,14840.890000000001,14842.900000000001,84.23099703849951
2026-02-20T04:45:00+00:00,14842.900000000001,14852.400000000001,14842.900000000001,14848.410000000002,121
2026-02-20T05:00:00+00:00,14848.410000000002,14866.410000000002,14833.890000000001,14836.410000000002,1300
2026-02-20T05:15:00+00:00,14836.410000000002,14849.900000000001,14828.390000000001,14844.890000000001,823
2026-02-20T05:30:00+00:00,14844.890000000001,14846.410000000002,14825.900000000001,14837.910000000002,371
2026-02-20T05:45:00+00:00,14837.910000000002,14844.890000000001,14831.890000000001,14843.410000000002,291
2026-02-20T06:00:00+00:00,14843.410000000002,14844.400000000001,14836.400000000001,14842.410000000002,250
2026-02-20T06:15:00+00:00,14842.410000000002,14846.900000000001,14828.900000000001,14846.890000000001,432
2026-02-20T06:30:00+00:00,14846.890000000001,14848.410000000002,14831.400000000001,14841.900000000001,368
2026-02-20T06:45:00+00:00,14841.900000000001,14846.390000000001,14832.900000000001,14834.400000000001,344
2026-02-20T07:00:00+00:00,14834.400000000001,14836.400000000001,14824.400000000001,14832.390000000001,360
2026-02-20T07:15:00+00:00,14832.390000000001,14834.390000000001,14814.910000000002,14818.410000000002,163
2026-02-20T07:30:00+00:00,14818.410000000002,14820.900000000001,14812.390000000001,14816.400000000001,347
2026-02-20T07:45:00+00:00,14816.400000000001,14816.890000000001,14803.910000000002,14807.400000000001,227
2026-02-20T08:00:00+00:00,14807.400000000001,14815.410000000002,14800.390000000001,14800.890000000001,578
2026-02-20T08:15:00+00:00,14800.890000000001,14809.890000000001,14793.910000000002,14809.890000000001,444
2026-02-20T09:00:00+00:00,14809.890000000001,14823.390000000001,14809.890000000001,14821.910000000002,281.86849574266796
2026-02-20T09:15:00+00:00,14821.910000000002,14828.390000000001,14819.890000000001,14824.390000000001,266
2026-02-20T09:30:00+00:00,14824.390000000001,14826.400000000001,14811.400000000001,14818.390000000001,252
2026-02-20T09:45:00+00:00,14818.390000000001,14820.890000000001,14811.390000000001,14812.390000000001,199
2026-02-20T10:00:00+00:00,14812.390000000001,14816.410000000002,14809.390000000001,14812.400000000001,164
2026-02-20T10:15:00+00:00,14812.400000000001,14813.900000000001,14807.890000000001,14809.390000000001,102
2026-02-20T10:30:00+00:00,14809.390000000001,14811.390000000001,14807.400000000001,14808.890000000001,82
2026-02-20T10:45:00+00:00,14808.890000000001,14812.400000000001,14806.900000000001,14808.390000000001,143
2026-02-20T11:00:00+00:00,14808.390000000001,14808.390000000001,14797.400000000001,14804.400000000001,291
2026-02-20T11:15:00+00:00,14804.400000000001,14807.410000000002,14802.890000000001,14805.400000000001,141
2026-02-20T11:30:00+00:00,14805.400000000001,14806.910000000002,14803.410000000002,14806.390000000001,124
2026-02-20T11:45:00+00:00,14806.390000000001,14806.400000000001,14802.390000000001,14803.400000000001,162
2026-02-20T12:00:00+00:00,14803.400000000001,14805.400000000001,14798.390000000001,14802.400000000001,203
2026-02-20T12:15:00+00:00,14802.400000000001,14803.900000000001,14797.390000000001,14801.410000000002,182
2026-02-20T12:30:00+00:00,14801.410000000002,14802.410000000002,14797.400000000001,14798.390000000001,210
2026-02-20T12:45:00+00:00,14798.390000000001,14801.910000000002,14797.390000000001,14799.410000000002,161.91811846689896
2026-02-20T13:00:00+00:00,14799.410000000002,14800.910000000002,14796.410000000002,14799.400000000001,173
2026-02-20T13:15:00+00:00,14799.400000000001,14803.410000000002,14797.390000000001,14798.900000000001,178
2026-02-20T13:30:00+00:00,14798.900000000001,14799.410000000002,14782.390000000001,14784.400000000001,541
2026-02-20T13:45:00+00:00,14784.400000000001,14797.410000000002,14773.390000000001,14795.910000000002,399
2026-02-20T14:00:00+00:00,14795.910000000002,14798.900000000001,14788.390000000001,14790.390000000001,298
2026-02-20T14:15:00+00:00,14790.390000000001,14792.910000000002,14785.390000000001,14789.400000000001,370
2026-02-20T14:30:00+00:00,14789.400000000001,14822.400000000001,14787.390000000001,14818.400000000001,2004
2026-02-20T14:45:00+00:00,14818.400000000001,14824.400000000001,14797.400000000001,14805.390000000001,1543
2026-02-20T15:00:00+00:00,14805.390000000001,14867.390000000001,14802.400000000001,14852.400000000001,5550
2026-02-20T15:15:00+00:00,14852.400000000001,14891.390000000001,14834.890000000001,14878.900000000001,3055
2026-02-20T15:30:00+00:00,14878.900000000001,14896.400000000001,14864.390000000001,14894.900000000001,2652
2026-02-20T15:45:00+00:00,14894.900000000001,14930.410000000002,14893.890000000001,14921.390000000001,1523
2026-02-20T16:00:00+00:00,14921.390000000001,14941.410000000002,14918.890000000001,14931.900000000001,1330
2026-02-20T16:15:00+00:00,14931.900000000001,14934.390000000001,14919.390000000001,14922.390000000001,1509
2026-02-20T16:30:00+00:00,14922.390000000001,14947.410000000002,14919.400000000001,14937.910000000002,1096
2026-02-20T16:45:00+00:00,14937.910000000002,14950.910000000002,14936.400000000001,14942.400000000001,803
2026-02-20T17:00:00+00:00,14942.400000000001,14950.410000000002,14923.390000000001,14923.890000000001,1065
2026-02-20T17:15:00+00:00,14923.890000000001,14924.890000000001,14906.390000000001,14914.410000000002,1389
2026-02-20T17:30:00+00:00,14914.410000000002,14928.410000000002,14912.410000000002,14927.410000000002,1225
2026-02-20T17:45:00+00:00,14927.410000000002,14941.410000000002,14924.400000000001,14938.400000000001,1153
2026-02-20T18:00:00+00:00,14938.400000000001,14946.390000000001,14936.400000000001,14940.890000000001,837
2026-02-20T18:15:00+00:00,14940.890000000001,14945.410000000002,14932.410000000002,14942.410000000002,1163
2026-02-20T18:30:00+00:00,14942.410000000002,14975.400000000001,14934.410000000002,14972.400000000001,1851
2026-02-20T18:45:00+00:00,14972.400000000001,14981.890000000001,14963.410000000002,14974.910000000002,874
2026-02-20T19:00:00+00:00,14974.910000000002,14979.390000000001,14970.890000000001,14973.390000000001,417
2026-02-20T19:15:00+00:00,14973.390000000001,14976.390000000001,14968.890000000001,14971.390000000001,331
2026-02-20T19:30:00+00:00,14971.390000000001,14975.910000000002,14965.410000000002,14966.390000000001,362
2026-02-20T19:45:00+00:00,14966.390000000001,14974.410000000002,14966.390000000001,14967.900000000001,354
2026-02-20T20:00:00+00:00,14967.900000000001,14979.410000000002,14966.400000000001,14976.900000000001,346
2026-02-20T20:15:00+00:00,14976.900000000001,14977.910000000002,14970.390000000001,14971.400000000001,248
2026-02-20T20:30:00+00:00,14971.400000000001,14982.910000000002,14971.400000000001,14982.400000000001,286
2026-02-23T01:00:00+00:00,14982.400000000001,14983.400000000001,14916.890000000001,14958.410000000002,1066.7543756722403
2026-02-23T01:15:00+00:00,14958.410000000002,15006.910000000002,14951.390000000001,14966.910000000002,1993
2026-02-23T01:30:00+00:00,14966.910000000002,15036.910000000002,14946.890000000001,15021.400000000001,5272
2026-02-23T01:45:00+00:00,15021.400000000001,15031.910000000002,14999.390000000001,15011.900000000001,4051
2026-02-23T02:00:00+00:00,15011.900000000001,15051.410000000002,15009.390000000001,15037.890000000001,2367
2026-02-23T02:15:00+00:00,15037.890000000001,15052.900000000001,15033.900000000001,15047.400000000001,1819
2026-02-23T02:30:00+00:00,15047.400000000001,15063.910000000002,15046.890000000001,15054.410000000002,1656
2026-02-23T02:45:00+00:00,15054.410000000002,15064.910000000002,15048.890000000001,15054.890000000001,997
2026-02-23T03:00:00+00:00,15054.890000000001,15068.900000000001,15029.890000000001,15037.890000000001,1320
2026-02-23T03:15:00+00:00,15037.890000000001,15040.400000000001,14988.400000000001,15009.900000000001,1528
2026-02-23T03:30:00+00:00,15009.900000000001,15022.910000000002,14997.890000000001,15002.410000000002,1707
2026-02-23T03:45:00+00:00,15002.410000000002,15006.910000000002,14996.910000000002,14999.900000000001,935
2026-02-23T04:00:00+00:00,14999.900000000001,15001.400000000001,14992.900000000001,14993.910000000002,395
2026-02-23T04:15:00+00:00,14993.910000000002,14994.910000000002,14988.890000000001,14990.900000000001,366
2026-02-23T04:30:00+00:00,14990.900000000001,14994.910000000002,14983.890000000001,14985.900000000001,331
2026-02-23T04:45:00+00:00,14985.900000000001,14987.910000000002,14982.890000000001,14984.900000000001,355
2026-02-23T05:00:00+00:00,14984.900000000001,14989.890000000001,14974.410000000002,14980.910000000002,1372
2026-02-23T05:15:00+00:00,14980.910000000002,14988.910000000002,14976.910000000002,14982.910000000002,804
2026-02-23T05:30:00+00:00,14982.910000000002,14988.400000000001,14978.890000000001,14985.900000000001,641
2026-02-23T05:45:00+00:00,14985.900000000001,15000.900000000001,14985.410000000002,14997.890000000001,530
2026-02-23T06:00:00+00:00,14997.890000000001,15013.910000000002,14993.890000000001,15013.890000000001,570
2026-02-23T06:15:00+00:00,15013.890000000001,15014.910000000002,15004.890000000001,15005.900000000001,430
2026-02-23T06:30:00+00:00,15005.900000000001,15011.910000000002,15004.900000000001,15007.890000000001,451
2026-02-23T06:45:00+00:00,15007.890000000001,15014.410000000002,15005.400000000001,15005.910000000002,427
2026-02-23T07:00:00+00:00,15005.910000000002,15013.900000000001,15005.890000000001,15010.410000000002,826
2026-02-23T07:15:00+00:00,15010.410000000002,15013.890000000001,14999.890000000001,15000.900000000001,431
2026-02-23T07:30:00+00:00,15000.900000000001,15001.910000000002,14989.900000000001,14996.400000000001,266
2026-02-23T07:45:00+00:00,14996.400000000001,15001.890000000001,14988.910000000002,14997.400000000001,226.62911126662001
2026-02-23T08:00:00+00:00,14997.400000000001,15000.910000000002,14991.390000000001,14995.390000000001,329
2026-02-23T08:15:00+00:00,14995.390000000001,14996.910000000002,14988.900000000001,14993.910000000002,215
2026-02-23T09:00:00+00:00,14993.910000000002,15015.910000000002,14993.400000000001,15010.390000000001,242
2026-02-23T09:15:00+00:00,15010.390000000001,15012.910000000002,15002.890000000001,15010.390000000001,289
2026-02-23T09:30:00+00:00,15010.390000000001,15017.910000000002,15007.890000000001,15012.900000000001,238
2026-02-23T09:45:00+00:00,15012.900000000001,15015.400000000001,15007.890000000001,15008.900000000001,245
2026-02-23T10:00:00+00:00,15008.900000000001,15010.390000000001,15006.400000000001,15008.900000000001,158.77744209466263
2026-02-23T10:15:00+00:00,15008.900000000001,15008.900000000001,14991.890000000001,15001.910000000002,579
2026-02-23T10:30:00+00:00,15001.910000000002,15005.910000000002,14999.910000000002,15003.900000000001,204
2026-02-23T10:45:00+00:00,15003.900000000001,15004.410000000002,14998.390000000001,14998.400000000001,148
2026-02-23T11:00:00+00:00,14998.400000000001,14999.890000000001,14995.890000000001,14996.390000000001,123
2026-02-23T11:15:00+00:00,14996.390000000001,14999.910000000002,14991.910000000002,14993.390000000001,132
2026-02-23T11:30:00+00:00,14993.390000000001,14996.410000000002,14987.890000000001,14994.890000000001,114
2026-02-23T11:45:00+00:00,14994.890000000001,14995.400000000001,14988.890000000001,14993.390000000001,155
2026-02-23T12:00:00+00:00,14993.390000000001,14994.900000000001,14985.390000000001,14985.910000000002,208
2026-02-23T12:15:00+00:00,14985.910000000002,14985.910000000002,14979.900000000001,14981.910000000002,166
2026-02-23T12:30:00+00:00,14981.910000000002,14985.910000000002,14980.890000000001,14983.410000000002,251
2026-02-23T12:45:00+00:00,14983.410000000002,14985.910000000002,14979.900000000001,14984.900000000001,164
2026-02-23T13:00:00+00:00,14984.900000000001,14994.910000000002,14979.400000000001,14987.400000000001,383
2026-02-23T13:15:00+00:00,14987.400000000001,14991.400000000001,14984.890000000001,14989.890000000001,210
2026-02-23T13:30:00+00:00,14989.890000000001,15001.890000000001,14987.900000000001,15001.400000000001,228
2026-02-23T13:45:00+00:00,15001.400000000001,15001.910000000002,14989.890000000001,14991.900000000001,191
2026-02-23T14:00:00+00:00,14991.900000000001,14998.390000000001,14990.890000000001,14994.910000000002,160
2026-02-23T14:15:00+00:00,14994.910000000002,14999.910000000002,14994.390000000001,14997.910000000002,179
2026-02-23T14:30:00+00:00,14997.910000000002,15018.910000000002,14997.890000000001,15005.400000000001,1923
2026-02-23T14:45:00+00:00,15005.400000000001,15016.890000000001,15001.910000000002,15005.390000000001,1238
2026-02-23T15:00:00+00:00,15005.390000000001,15008.910000000002,14982.910000000002,14991.890000000001,1161
2026-02-23T15:15:00+00:00,14991.890000000001,14992.410000000002,14980.900000000001,14986.910000000002,990
2026-02-23T15:30:00+00:00,14986.910000000002,14988.890000000001,14974.890000000001,14977.890000000001,889
2026-02-23T15:45:00+00:00,14977.890000000001,14978.390000000001,14959.900000000001,14963.400000000001,706
2026-02-23T16:00:00+00:00,14963.400000000001,14964.910000000002,14941.890000000001,14946.890000000001,1039
2026-02-23T16:15:00+00:00,14946.890000000001,14972.910000000002,14944.390000000001,14971.890000000001,947
2026-02-23T16:30:00+00:00,14971.890000000001,14972.900000000001,14962.900000000001,14963.900000000001,835
2026-02-23T16:45:00+00:00,14963.900000000001,14965.910000000002,14956.400000000001,14957.910000000002,729
2026-02-23T17:00:00+00:00,14957.910000000002,14963.910000000002,14955.900000000001,14959.390000000001,563
2026-02-23T17:15:00+00:00,14959.390000000001,14961.910000000002,14954.890000000001,14956.410000000002,344
2026-02-23T17:30:00+00:00,14956.410000000002,14958.890000000001,14945.890000000001,14950.910000000002,480
2026-02-23T17:45:00+00:00,14950.910000000002,14960.910000000002,14948.890000000001,14956.890000000001,537
2026-02-23T18:00:00+00:00,14956.890000000001,14963.910000000002,14956.890000000001,14962.900000000001,370
2026-02-23T18:15:00+00:00,14962.900000000001,14968.910000000002,14962.390000000001,14967.390000000001,333
2026-02-23T18:30:00+00:00,14967.390000000001,14969.910000000002,14960.890000000001,14962.910000000002,242
2026-02-23T18:45:00+00:00,14962.910000000002,14965.410000000002,14955.400000000001,14956.910000000002,297
2026-02-23T19:00:00+00:00,14956.910000000002,14961.900000000001,14953.910000000002,14957.910000000002,161
2026-02-23T19:15:00+00:00,14957.910000000002,14959.900000000001,14953.900000000001,14954.900000000001,148
2026-02-23T19:30:00+00:00,14954.900000000001,14956.400000000001,14941.890000000001,14944.900000000001,187
2026-02-23T19:45:00+00:00,14944.900000000001,14957.390000000001,14943.410000000002,14951.390000000001,276
2026-02-23T20:00:00+00:00,14951.390000000001,14954.910000000002,14948.890000000001,14949.390000000001,283
2026-02-23T20:15:00+00:00,14949.390000000001,14958.910000000002,14949.390000000001,14957.910000000002,230
2026-02-23T20:30:00+00:00,14957.910000000002,14964.900000000001,14955.890000000001,14961.400000000001,281
2026-02-24T01:00:00+00:00,14961.400000000001,14978.890000000001,14951.400000000001,14970.410000000002,495.72168641499036
2026-02-24T01:15:00+00:00,14970.410000000002,15031.890000000001,14958.410000000002,14973.400000000001,2264
2026-02-24T01:30:00+00:00,14973.400000000001,14993.890000000001,14870.400000000001,14915.900000000001,12372
2026-02-24T01:45:00+00:00,14915.900000000001,14934.410000000002,14818.390000000001,14836.410000000002,8560
2026-02-24T02:00:00+00:00,14836.410000000002,14876.400000000001,14807.910000000002,14859.910000000002,6174
2026-02-24T02:15:00+00:00,14859.910000000002,14875.900000000001,14841.890000000001,14855.900000000001,4275
2026-02-24T02:30:00+00:00,14855.900000000001,14880.400000000001,14851.390000000001,14874.400000000001,3141
2026-02-24T02:45:00+00:00,14874.400000000001,14892.410000000002,14874.390000000001,14887.390000000001,2657
2026-02-24T03:00:00+00:00,14887.390000000001,14899.410000000002,14877.410000000002,14894.890000000001,2131
2026-02-24T03:15:00+00:00,14894.890000000001,14904.400000000001,14878.390000000001,14882.400000000001,1982
2026-02-24T03:30:00+00:00,14882.400000000001,14882.900000000001,14858.400000000001,14860.900000000001,433
2026-02-24T03:45:00+00:00,14860.900000000001,14867.400000000001,14858.400000000001,14862.400000000001,250
2026-02-24T04:00:00+00:00,14862.400000000001,14862.400000000001,14858.390000000001,14858.410000000002,126.32278880549904
2026-02-24T04:15:00+00:00,14858.410000000002,14863.410000000002,14858.410000000002,14862.890000000001,151.32707322219878
2026-02-24T04:30:00+00:00,14862.890000000001,14865.410000000002,14859.890000000001,14864.410000000002,138
2026-02-24T04:45:00+00:00,14864.410000000002,14869.400000000001,14863.900000000001,14868.390000000001,132.2588790022055
2026-02-24T05:00:00+00:00,14868.390000000001,14884.410000000002,14854.390000000001,14880.910000000002,2055
2026-02-24T05:15:00+00:00,14880.910000000002,14882.410000000002,14853.390000000001,14857.400000000001,1649
2026-02-24T05:30:00+00:00,14857.400000000001,14857.910000000002,14826.410000000002,14842.890000000001,1656
2026-02-24T05:45:00+00:00,14842.890000000001,14843.410000000002,14826.390000000001,14833.890000000001,1416
2026-02-24T06:00:00+00:00,14833.890000000001,14838.410000000002,14826.890000000001,14832.410000000002,1256
2026-02-24T06:15:00+00:00,14832.410000000002,14836.410000000002,14826.390000000001,14831.390000000001,1152
2026-02-24T06:30:00+00:00,14831.390000000001,14833.410000000002,14819.410000000002,14822.900000000001,1122
2026-02-24T06:45:00+00:00,14822.900000000001,14826.410000000002,14814.390000000001,14816.400000000001,1389
2026-02-24T07:00:00+00:00,14816.400000000001,14820.910000000002,14800.390000000001,14810.390000000001,945
2026-02-24T07:15:00+00:00,14810.390000000001,14816.400000000001,14807.390000000001,14814.400000000001,400
2026-02-24T07:30:00+00:00,14814.400000000001,14819.390000000001,14812.390000000001,14814.390000000001,207
2026-02-24T07:45:00+00:00,14814.390000000001,14821.400000000001,14813.390000000001,14813.910000000002,317
2026-02-24T08:00:00+00:00,14813.910000000002,14814.910000000002,14805.400000000001,14808.390000000001,513
2026-02-24T08:15:00+00:00,14808.390000000001,14819.890000000001,14807.400000000001,14819.390000000001,515
2026-02-24T09:00:00+00:00,14819.390000000001,14819.390000000001,14801.890000000001,14809.410000000002,218
2026-02-24T09:15:00+00:00,14809.410000000002,14810.410000000002,14804.390000000001,14808.410000000002,176
2026-02-24T09:30:00+00:00,14808.410000000002,14808.900000000001,14802.390000000001,14803.400000000001,167
2026-02-24T09:45:00+00:00,14803.400000000001,14809.410000000002,14801.890000000001,14806.410000000002,115
2026-02-24T10:00:00+00:00,14806.410000000002,14809.910000000002,14799.410000000002,14800.390000000001,101
2026-02-24T10:15:00+00:00,14800.390000000001,14808.410000000002,14798.910000000002,14808.390000000001,90
2026-02-24T10:30:00+00:00,14808.390000000001,14813.410000000002,14807.890000000001,14810.390000000001,76
2026-02-24T10:45:00+00:00,14810.390000000001,14811.410000000002,14800.910000000002,14811.410000000002,162
2026-02-24T11:00:00+00:00,14811.410000000002,14814.390000000001,14801.890000000001,14803.390000000001,168
2026-02-24T11:15:00+00:00,14803.390000000001,14804.410000000002,14796.410000000002,14802.910000000002,205
2026-02-24T11:30:00+00:00,14802.910000000002,14806.390000000001,14798.900000000001,14802.410000000002,151
2026-02-24T11:45:00+00:00,14802.410000000002,14804.400000000001,14794.390000000001,14798.910000000002,201
2026-02-24T12:00:00+00:00,14798.910000000002,14809.410000000002,14797.390000000001,14802.890000000001,327
2026-02-24T12:15:00+00:00,14802.890000000001,14802.890000000001,14794.390000000001,14794.890000000001,311
2026-02-24T12:30:00+00:00,14794.890000000001,14796.900000000001,14783.390000000001,14784.390000000001,455
2026-02-24T12:45:00+00:00,14784.390000000001,14789.910000000002,14778.390000000001,14789.390000000001,383
2026-02-24T13:00:00+00:00,14789.390000000001,14797.410000000002,14785.400000000001,14795.390000000001,346
2026-02-24T13:15:00+00:00,14795.390000000001,14799.400000000001,14790.910000000002,14797.910000000002,265
2026-02-24T13:30:00+00:00,14797.910000000002,14802.910000000002,14793.390000000001,14800.390000000001,184
2026-02-24T13:45:00+00:00,14800.390000000001,14808.410000000002,14799.410000000002,14805.400000000001,142
2026-02-24T14:00:00+00:00,14805.400000000001,14808.910000000002,14800.390000000001,14803.400000000001,191
2026-02-24T14:15:00+00:00,14803.400000000001,14804.410000000002,14799.390000000001,14803.900000000001,263
2026-02-24T14:30:00+00:00,14803.900000000001,14824.400000000001,14798.400000000001,14824.400000000001,802
2026-02-24T14:45:00+00:00,14824.400000000001,14836.400000000001,14821.390000000001,14822.410000000002,548
2026-02-24T15:00:00+00:00,14822.410000000002,14837.410000000002,14817.890000000001,14831.390000000001,652
2026-02-24T15:15:00+00:00,14831.390000000001,14844.410000000002,14829.400000000001,14843.890000000001,367
2026-02-24T15:30:00+00:00,14843.890000000001,14853.400000000001,14842.400000000001,14852.410000000002,298
2026-02-24T15:45:00+00:00,14852.410000000002,14857.410000000002,14850.890000000001,14854.390000000001,345
2026-02-24T16:00:00+00:00,14854.390000000001,14861.410000000002,14854.390000000001,14861.410000000002,353
2026-02-24T16:15:00+00:00,14861.410000000002,14862.410000000002,14857.400000000001,14861.400000000001,348
2026-02-24T16:30:00+00:00,14861.400000000001,14862.400000000001,14844.400000000001,14848.900000000001,442
2026-02-24T16:45:00+00:00,14848.900000000001,14855.410000000002,14845.390000000001,14854.400000000001,347
2026-02-24T17:00:00+00:00,14854.400000000001,14856.910000000002,14851.400000000001,14854.400000000001,288
2026-02-24T17:15:00+00:00,14854.400000000001,14857.400000000001,14851.900000000001,14855.910000000002,171
2026-02-24T17:30:00+00:00,14855.910000000002,14861.410000000002,14855.390000000001,14857.390000000001,198
2026-02-24T17:45:00+00:00,14857.390000000001,14862.410000000002,14855.390000000001,14856.890000000001,218
2026-02-24T18:00:00+00:00,14856.890000000001,14862.410000000002,14856.390000000001,14860.400000000001,152
2026-02-24T18:15:00+00:00,14860.400000000001,14861.900000000001,14857.390000000001,14857.400000000001,257
2026-02-24T18:30:00+00:00,14857.400000000001,14861.910000000002,14856.410000000002,14859.900000000001,252.19834831255412
2026-02-24T18:45:00+00:00,14859.900000000001,14860.910000000002,14851.410000000002,14851.410000000002,199
2026-02-24T19:00:00+00:00,14851.410000000002,14851.910000000002,14836.410000000002,14837.400000000001,172
2026-02-24T19:15:00+00:00,14837.400000000001,14837.910000000002,14830.890000000001,14831.900000000001,141
2026-02-24T19:30:00+00:00,14831.900000000001,14837.910000000002,14831.890000000001,14837.400000000001,82
2026-02-24T19:45:00+00:00,14837.400000000001,14838.410000000002,14834.890000000001,14834.910000000002,105
2026-02-24T20:00:00+00:00,14834.910000000002,14844.910000000002,14834.900000000001,14844.900000000001,88
2026-02-24T20:15:00+00:00,14844.900000000001,14848.910000000002,14841.890000000001,14847.890000000001,104
2026-02-24T20:30:00+00:00,14847.890000000001,14854.410000000002,14845.890000000001,14853.910000000002,88
2026-02-25T01:00:00+00:00,14853.910000000002,14862.470000000001,14833.970000000001,14850.970000000001,511.0247093023256
2026-02-25T01:15:00+00:00,14850.970000000001,14858.490000000002,14837.470000000001,14842.990000000002,652
2026-02-25T01:30:00+00:00,14842.990000000002,14885.990000000002,14828.470000000001,14871.490000000002,8123
2026-02-25T01:45:00+00:00,14871.490000000002,14921.980000000001,14866.480000000001,14881.470000000001,4488
2026-02-25T02:00:00+00:00,14881.470000000001,14921.470000000001,14878.480000000001,14915.980000000001,3712
2026-02-25T02:15:00+00:00,14915.980000000001,14920.480000000001,14895.470000000001,14902.480000000001,3096
2026-02-25T02:30:00+00:00,14902.480000000001,14931.490000000002,14899.470000000001,14929.980000000001,2499
2026-02-25T02:45:00+00:00,14929.980000000001,14984.490000000002,14923.970000000001,14977.970000000001,2752
2026-02-25T03:00:00+00:00,14977.970000000001,14998.480000000001,14965.490000000002,14988.970000000001,2955
2026-02-25T03:15:00+00:00,14988.970000000001,15035.490000000002,14979.490000000002,15032.970000000001,2435
2026-02-25T03:30:00+00:00,15032.970000000001,15042.490000000002,15010.970000000001,15028.980000000001,1368
2026-02-25T03:45:00+00:00,15028.980000000001,15032.490000000002,15018.470000000001,15018.480000000001,624
2026-02-25T04:00:00+00:00,15018.480000000001,15021.980000000001,15013.470000000001,15013.490000000002,177.82120763265664
2026-02-25T04:15:00+00:00,15013.490000000002,15015.470000000001,15008.480000000001,15010.970000000001,82
2026-02-25T04:30:00+00:00,15010.970000000001,15016.490000000002,15010.970000000001,15014.480000000001,68
2026-02-25T04:45:00+00:00,15014.480000000001,15019.490000000002,15013.480000000001,15016.480000000001,57.83486033519553
2026-02-25T05:00:00+00:00,15016.480000000001,15022.470000000001,14953.470000000001,14959.480000000001,3798
2026-02-25T05:15:00+00:00,14959.480000000001,14964.470000000001,14945.480000000001,14953.470000000001,2152
2026-02-25T05:30:00+00:00,14953.470000000001,14959.480000000001,14928.970000000001,14930.970000000001,1711
2026-02-25T05:45:00+00:00,14930.970000000001,14939.490000000002,14920.970000000001,14928.490000000002,909
2026-02-25T06:00:00+00:00,14928.490000000002,14930.480000000001,14912.480000000001,14917.470000000001,1081
2026-02-25T06:15:00+00:00,14917.470000000001,14923.480000000001,14906.470000000001,14907.480000000001,994
2026-02-25T06:30:00+00:00,14907.480000000001,14921.990000000002,14902.480000000001,14916.490000000002,934
2026-02-25T06:45:00+00:00,14916.490000000002,14920.490000000002,14910.470000000001,14913.470000000001,1162
2026-02-25T07:00:00+00:00,14913.470000000001,14932.480000000001,14913.470000000001,14928.490000000002,476
2026-02-25T07:15:00+00:00,14928.490000000002,14937.490000000002,14928.470000000001,14937.490000000002,226
2026-02-25T07:30:00+00:00,14937.490000000002,14937.980000000001,14919.970000000001,14922.470000000001,265
2026-02-25T07:45:00+00:00,14922.470000000001,14922.490000000002,14908.470000000001,14915.980000000001,178
2026-02-25T08:00:00+00:00,14915.980000000001,14918.990000000002,14908.470000000001,14911.990000000002,468
2026-02-25T08:15:00+00:00,14911.990000000002,14913.470000000001,14905.470000000001,14908.480000000001,294
2026-02-25T09:00:00+00:00,14908.480000000001,14918.490000000002,14904.480000000001,14905.490000000002,413
2026-02-25T09:15:00+00:00,14905.490000000002,14906.470000000001,14891.970000000001,14894.980000000001,256
2026-02-25T09:30:00+00:00,14894.980000000001,14899.490000000002,14893.480000000001,14893.480000000001,144
2026-02-25T09:45:00+00:00,14893.480000000001,14897.990000000002,14889.470000000001,14896.480000000001,109
2026-02-25T10:00:00+00:00,14896.480000000001,14901.480000000001,14894.470000000001,14899.470000000001,109.99264076672942
2026-02-25T10:15:00+00:00,14899.470000000001,14907.480000000001,14898.470000000001,14906.490000000002,112
2026-02-25T10:30:00+00:00,14906.490000000002,14912.970000000001,14904.480000000001,14909.480000000001,114
2026-02-25T10:45:00+00:00,14909.480000000001,14911.490000000002,14906.470000000001,14907.490000000002,72
2026-02-25T11:00:00+00:00,14907.490000000002,14915.490000000002,14906.470000000001,14912.470000000001,100
2026-02-25T11:15:00+00:00,14912.470000000001,14912.480000000001,14908.470000000001,14911.490000000002,64.2684630738523
2026-02-25T11:30:00+00:00,14911.490000000002,14916.480000000001,14910.470000000001,14912.470000000001,77
2026-02-25T11:45:00+00:00,14912.470000000001,14921.470000000001,14912.470000000001,14921.470000000001,74
2026-02-25T12:00:00+00:00,14921.470000000001,14936.490000000002,14919.470000000001,14936.490000000002,153
2026-02-25T12:15:00+00:00,14936.490000000002,14946.490000000002,14935.470000000001,14945.480000000001,111
2026-02-25T12:30:00+00:00,14945.480000000001,14945.480000000001,14938.470000000001,14941.480000000001,122
2026-02-25T12:45:00+00:00,14941.480000000001,14947.990000000002,14940.480000000001,14947.990000000002,151
2026-02-25T13:00:00+00:00,14947.990000000002,14957.490000000002,14946.480000000001,14956.470000000001,132
2026-02-25T13:15:00+00:00,14956.470000000001,14958.490000000002,14951.490000000002,14953.490000000002,125
2026-02-25T13:30:00+00:00,14953.490000000002,14953.490000000002,14943.470000000001,14953.490000000002,203
2026-02-25T13:45:00+00:00,14953.490000000002,14955.490000000002,14945.480000000001,14945.490000000002,125
2026-02-25T14:00:00+00:00,14945.490000000002,14948.490000000002,14943.480000000001,14945.470000000001,113
2026-02-25T14:15:00+00:00,14945.470000000001,14946.490000000002,14939.490000000002,14942.470000000001,171
2026-02-25T14:30:00+00:00,14942.470000000001,14950.490000000002,14937.470000000001,14942.470000000001,1016
2026-02-25T14:45:00+00:00,14942.470000000001,14950.480000000001,14941.480000000001,14947.490000000002,678
2026-02-25T15:00:00+00:00,14947.490000000002,14947.990000000002,14925.470000000001,14928.480000000001,587
2026-02-25T15:15:00+00:00,14928.480000000001,14930.980000000001,14920.480000000001,14924.480000000001,412
2026-02-25T15:30:00+00:00,14924.480000000001,14924.480000000001,14914.480000000001,14919.470000000001,375
2026-02-25T15:45:00+00:00,14919.470000000001,14922.490000000002,14916.470000000001,14922.490000000002,281
2026-02-25T16:00:00+00:00,14922.490000000002,14929.990000000002,14921.470000000001,14926.490000000002,181
2026-02-25T16:15:00+00:00,14926.490000000002,14937.970000000001,14926.470000000001,14935.490000000002,175
2026-02-25T16:30:00+00:00,14935.490000000002,14937.480000000001,14929.470000000001,14932.480000000001,209
2026-02-25T16:45:00+00:00,14932.480000000001,14937.990000000002,14932.470000000001,14936.970000000001,176.74416961130743
2026-02-25T17:00:00+00:00,14936.970000000001,14939.480000000001,14933.490000000002,14937.970000000001,185
2026-02-25T17:15:00+00:00,14937.970000000001,14943.480000000001,14935.970000000001,14941.990000000002,128
2026-02-25T17:30:00+00:00,14941.990000000002,14954.990000000002,14940.980000000001,14947.970000000001,121
2026-02-25T17:45:00+00:00,14947.970000000001,14956.970000000001,14946.470000000001,14955.970000000001,116.19889705882353
2026-02-25T18:00:00+00:00,14955.970000000001,14956.990000000002,14946.970000000001,14948.990000000002,108
2026-02-25T18:15:00+00:00,14948.990000000002,14951.480000000001,14944.970000000001,14949.970000000001,170.31143552311437
2026-02-25T18:30:00+00:00,14949.970000000001,14951.490000000002,14941.970000000001,14946.990000000002,95
2026-02-25T18:45:00+00:00,14946.990000000002,14954.970000000001,14943.970000000001,14953.980000000001,159
2026-02-25T19:00:00+00:00,14953.980000000001,14956.980000000001,14952.480000000001,14955.480000000001,67
2026-02-25T19:15:00+00:00,14955.480000000001,14956.990000000002,14954.970000000001,14955.470000000001,56
2026-02-25T19:30:00+00:00,14955.470000000001,14957.480000000001,14950.480000000001,14956.980000000001,97.65368852459017
2026-02-25T19:45:00+00:00,14956.980000000001,14958.990000000002,14956.470000000001,14957.990000000002,53.49461896131129
2026-02-25T20:00:00+00:00,14957.990000000002,14962.990000000002,14948.470000000001,14962.980000000001,190.51948845977105
2026-02-25T20:15:00+00:00,14962.980000000001,14968.990000000002,14962.470000000001,14967.990000000002,53.490092096509784
2026-02-25T20:30:00+00:00,14967.990000000002,14971.470000000001,14967.480000000001,14968.480000000001,46.71335422002633
2026-02-26T01:00:00+00:00,14968.480000000001,14968.480000000001,14909.430000000002,14928.440000000002,387.2894308943089
2026-02-26T01:15:00+00:00,14928.440000000002,14943.440000000002,14912.430000000002,14917.930000000002,871
2026-02-26T01:30:00+00:00,14917.930000000002,14917.930000000002,14771.930000000002,14777.430000000002,8282
2026-02-26T01:45:00+00:00,14777.430000000002,14790.440000000002,14728.940000000002,14763.450000000003,4538
2026-02-26T02:00:00+00:00,14763.450000000003,14766.450000000003,14714.430000000002,14723.440000000002,4339
2026-02-26T02:15:00+00:00,14723.440000000002,14749.440000000002,14681.930000000002,14685.440000000002,2888
2026-02-26T02:30:00+00:00,14685.440000000002,14724.440000000002,14676.440000000002,14723.940000000002,2600
2026-02-26T02:45:00+00:00,14723.940000000002,14736.950000000003,14709.450000000003,14715.450000000003,1768
2026-02-26T03:00:00+00:00,14715.450000000003,14728.440000000002,14713.930000000002,14719.430000000002,1360
2026-02-26T03:15:00+00:00,14719.430000000002,14733.430000000002,14702.430000000002,14726.930000000002,1286
2026-02-26T03:30:00+00:00,14726.930000000002,14738.450000000003,14718.450000000003,14737.450000000003,786
2026-02-26T03:45:00+00:00,14737.450000000003,14747.440000000002,14736.430000000002,14739.430000000002,331
2026-02-26T04:00:00+00:00,14739.430000000002,14746.440000000002,14738.450000000003,14744.450000000003,97
2026-02-26T04:15:00+00:00,14744.450000000003,14747.450000000003,14739.440000000002,14744.940000000002,192.78098691715098
2026-02-26T04:30:00+00:00,14744.940000000002,14746.450000000003,14739.430000000002,14744.930000000002,146
2026-02-26T04:45:00+00:00,14744.930000000002,14745.440000000002,14736.430000000002,14737.450000000003,207
2026-02-26T05:00:00+00:00,14737.450000000003,14752.450000000003,14716.930000000002,14738.430000000002,2148
2026-02-26T05:15:00+00:00,14738.430000000002,14752.440000000002,14735.450000000003,14740.440000000002,1824
2026-02-26T05:30:00+00:00,14740.440000000002,14742.440000000002,14718.430000000002,14726.430000000002,1310
2026-02-26T05:45:00+00:00,14726.430000000002,14730.440000000002,14713.950000000003,14713.950000000003,1074
2026-02-26T06:00:00+00:00,14713.950000000003,14720.950000000003,14703.440000000002,14710.430000000002,1162
2026-02-26T06:15:00+00:00,14710.430000000002,14727.950000000003,14708.430000000002,14727.440000000002,1009
2026-02-26T06:30:00+00:00,14727.440000000002,14738.450000000003,14725.430000000002,14730.430000000002,1086
2026-02-26T06:45:00+00:00,14730.430000000002,14752.430000000002,14729.930000000002,14735.950000000003,1350
2026-02-26T07:00:00+00:00,14735.950000000003,14737.950000000003,14728.430000000002,14733.450000000003,570
2026-02-26T07:15:00+00:00,14733.450000000003,14744.450000000003,14733.430000000002,14740.450000000003,392
2026-02-26T07:30:00+00:00,14740.450000000003,14749.440000000002,14729.440000000002,14748.450000000003,385
2026-02-26T07:45:00+00:00,14748.450000000003,14748.450000000003,14723.430000000002,14725.430000000002,690
2026-02-26T08:00:00+00:00,14725.430000000002,14730.930000000002,14718.440000000002,14730.430000000002,473
2026-02-26T08:15:00+00:00,14730.430000000002,14733.450000000003,14722.940000000002,14727.950000000003,482
2026-02-26T09:00:00+00:00,14727.950000000003,14728.450000000003,14719.450000000003,14727.930000000002,162
2026-02-26T09:15:00+00:00,14727.930000000002,14732.940000000002,14725.440000000002,14728.440000000002,314
2026-02-26T09:30:00+00:00,14728.440000000002,14739.450000000003,14727.440000000002,14735.950000000003,280
2026-02-26T09:45:00+00:00,14735.950000000003,14741.940000000002,14734.930000000002,14735.450000000003,166
2026-02-26T10:00:00+00:00,14735.450000000003,14735.450000000003,14729.940000000002,14731.440000000002,107
2026-02-26T10:15:00+00:00,14731.440000000002,14731.930000000002,14724.930000000002,14724.930000000002,99
2026-02-26T10:30:00+00:00,14724.930000000002,14727.450000000003,14723.940000000002,14725.440000000002,103
2026-02-26T10:45:00+00:00,14725.440000000002,14731.450000000003,14724.440000000002,14728.430000000002,137.0917801311145
2026-02-26T11:00:00+00:00,14728.430000000002,14732.450000000003,14726.430000000002,14731.440000000002,137
2026-02-26T11:15:00+00:00,14731.440000000002,14737.450000000003,14727.430000000002,14736.450000000003,181
2026-02-26T11:30:00+00:00,14736.450000000003,14739.440000000002,14727.430000000002,14727.440000000002,202
2026-02-26T11:45:00+00:00,14727.440000000002,14736.930000000002,14725.430000000002,14732.420000000002,143
2026-02-26T12:00:00+00:00,14732.420000000002,14740.430000000002,14731.930000000002,14739.430000000002,146
2026-02-26T12:15:00+00:00,14739.430000000002,14739.430000000002,14731.420000000002,14734.420000000002,151
2026-02-26T12:30:00+00:00,14734.420000000002,14734.440000000002,14729.930000000002,14732.420000000002,68.70066889632108
2026-02-26T12:45:00+00:00,14732.420000000002,14733.440000000002,14729.430000000002,14730.440000000002,100.51926605504588
2026-02-26T13:00:00+00:00,14730.440000000002,14736.420000000002,14729.420000000002,14735.420000000002,125
2026-02-26T13:15:00+00:00,14735.420000000002,14742.440000000002,14734.420000000002,14739.930000000002,124
2026-02-26T13:30:00+00:00,14739.930000000002,14743.440000000002,14737.420000000002,14739.440000000002,112
2026-02-26T13:45:00+00:00,14739.440000000002,14742.430000000002,14732.920000000002,14733.430000000002,92
2026-02-26T14:00:00+00:00,14733.430000000002,14738.430000000002,14732.420000000002,14738.430000000002,135
2026-02-26T14:15:00+00:00,14738.430000000002,14739.440000000002,14735.920000000002,14736.420000000002,151
2026-02-26T14:30:00+00:00,14736.420000000002,14736.420000000002,14715.420000000002,14718.430000000002,1973
2026-02-26T14:45:00+00:00,14718.430000000002,14720.440000000002,14699.420000000002,14699.430000000002,1031
2026-02-26T15:00:00+00:00,14699.430000000002,14706.440000000002,14693.430000000002,14694.430000000002,1113
2026-02-26T15:15:00+00:00,14694.430000000002,14694.430000000002,14658.420000000002,14665.440000000002,1856
2026-02-26T15:30:00+00:00,14665.440000000002,14692.440000000002,14658.920000000002,14689.930000000002,1276
2026-02-26T15:45:00+00:00,14689.930000000002,14700.430000000002,14688.420000000002,14690.940000000002,697
2026-02-26T16:00:00+00:00,14690.940000000002,14693.440000000002,14677.420000000002,14680.430000000002,742
2026-02-26T16:15:00+00:00,14680.430000000002,14686.440000000002,14675.420000000002,14677.420000000002,557
2026-02-26T16:30:00+00:00,14677.420000000002,14684.440000000002,14660.420000000002,14661.430000000002,636
2026-02-26T16:45:00+00:00,14661.430000000002,14663.440000000002,14649.430000000002,14650.440000000002,624
2026-02-26T17:00:00+00:00,14650.440000000002,14655.440000000002,14648.420000000002,14648.420000000002,473
2026-02-26T17:15:00+00:00,14648.420000000002,14655.930000000002,14648.420000000002,14653.440000000002,357
2026-02-26T17:30:00+00:00,14653.440000000002,14661.440000000002,14650.420000000002,14653.430000000002,350
2026-02-26T17:45:00+00:00,14653.430000000002,14655.430000000002,14643.420000000002,14645.930000000002,346
2026-02-26T18:00:00+00:00,14645.930000000002,14649.940000000002,14642.420000000002,14648.420000000002,394
2026-02-26T18:15:00+00:00,14648.420000000002,14659.440000000002,14646.420000000002,14655.430000000002,294
2026-02-26T18:30:00+00:00,14655.430000000002,14679.420000000002,14653.420000000002,14675.440000000002,400
2026-02-26T18:45:00+00:00,14675.440000000002,14680.940000000002,14669.430000000002,14670.920000000002,106
2026-02-26T19:00:00+00:00,14670.920000000002,14677.440000000002,14670.420000000002,14675.440000000002,138.34463276836158
2026-02-26T19:15:00+00:00,14675.440000000002,14675.940000000002,14668.430000000002,14668.430000000002,52
2026-02-26T19:30:00+00:00,14668.430000000002,14674.940000000002,14667.940000000002,14671.930000000002,67
2026-02-26T19:45:00+00:00,14671.930000000002,14677.940000000002,14671.930000000002,14674.420000000002,68.42861746235366
2026-02-26T20:00:00+00:00,14674.420000000002,14676.430000000002,14669.940000000002,14670.430000000002,146
2026-02-26T20:15:00+00:00,14670.430000000002,14671.430000000002,14665.440000000002,14665.920000000002,88.58697444352845
2026-02-26T20:30:00+00:00,14665.920000000002,14673.440000000002,14665.430000000002,14673.430000000002,89
2026-02-27T01:00:00+00:00,14673.430000000002,14688.350000000002,14672.430000000002,14684.37,443.2696460707858
2026-02-27T01:15:00+00:00,14684.37,14694.37,14661.87,14688.36,1279
2026-02-27T01:30:00+00:00,14688.36,14695.88,14654.86,14680.88,6888
2026-02-27T01:45:00+00:00,14680.88,14710.88,14665.38,14665.88,4268
2026-02-27T02:00:00+00:00,14665.88,14675.88,14639.86,14645.869999999999,3069
2026-02-27T02:15:00+00:00,14645.869999999999,14662.86,14632.36,14648.36,2259
2026-02-27T02:30:00+00:00,14648.36,14672.869999999999,14637.36,14668.869999999999,2272
2026-02-27T02:45:00+00:00,14668.869999999999,14692.369999999999,14660.86,14668.88,2373
2026-02-27T03:00:00+00:00,14668.88,14693.869999999999,14664.86,14675.88,2164
2026-02-27T03:15:00+00:00,14675.88,14679.86,14647.36,14650.38,1803
2026-02-27T03:30:00+00:00,14650.38,14656.86,14641.86,14644.86,626
2026-02-27T03:45:00+00:00,14644.86,14644.88,14639.86,14640.36,265
2026-02-27T04:00:00+00:00,14640.36,14653.369999999999,14640.36,14650.88,219
2026-02-27T04:15:00+00:00,14650.88,14656.86,14646.869999999999,14655.88,97.68372048377807
2026-02-27T04:30:00+00:00,14655.88,14661.869999999999,14653.869999999999,14658.869999999999,128
2026-02-27T04:45:00+00:00,14658.869999999999,14659.38,14651.36,14651.869999999999,106
2026-02-27T05:00:00+00:00,14651.869999999999,14691.88,14651.869999999999,14690.86,2360
2026-02-27T05:15:00+00:00,14690.86,14725.88,14690.86,14722.86,2245
2026-02-27T05:30:00+00:00,14722.86,14740.369999999999,14717.38,14737.869999999999,2140
2026-02-27T05:45:00+00:00,14737.869999999999,14740.869999999999,14706.38,14707.88,1450
2026-02-27T06:00:00+00:00,14707.88,14713.399999999998,14699.399999999998,14712.399999999998,1067
2026-02-27T06:15:00+00:00,14712.399999999998,14713.399999999998,14691.38,14692.38,1186
2026-02-27T06:30:00+00:00,14692.38,14701.889999999998,14679.389999999998,14685.389999999998,1283
2026-02-27T06:45:00+00:00,14685.389999999998,14724.899999999998,14685.38,14715.899999999998,1393
2026-02-27T07:00:00+00:00,14715.899999999998,14727.399999999998,14714.389999999998,14718.38,543
2026-02-27T07:15:00+00:00,14718.38,14722.879999999997,14716.399999999998,14718.879999999997,235
2026-02-27T07:30:00+00:00,14718.879999999997,14721.879999999997,14716.369999999999,14721.879999999997,127.03153073806588
2026-02-27T07:45:00+00:00,14721.879999999997,14727.389999999998,14717.389999999998,14722.889999999998,234
2026-02-27T08:00:00+00:00,14722.889999999998,14727.869999999999,14716.379999999997,14716.379999999997,358
2026-02-27T08:15:00+00:00,14716.379999999997,14734.389999999998,14715.869999999999,14732.389999999998,549
2026-02-27T09:00:00+00:00,14732.389999999998,14738.869999999999,14728.379999999997,14732.889999999998,226
2026-02-27T09:15:00+00:00,14732.889999999998,14754.389999999998,14732.889999999998,14752.869999999999,488
2026-02-27T09:30:00+00:00,14752.869999999999,14754.889999999998,14728.879999999997,14730.369999999999,339
2026-02-27T09:45:00+00:00,14730.369999999999,14731.879999999997,14721.869999999999,14727.869999999999,245
2026-02-27T10:00:00+00:00,14727.869999999999,14737.889999999998,14725.869999999999,14736.379999999997,309
2026-02-27T10:15:00+00:00,14736.379999999997,14747.369999999999,14733.379999999997,14741.889999999998,284
2026-02-27T10:30:00+00:00,14741.889999999998,14745.379999999997,14739.879999999997,14743.379999999997,179
2026-02-27T10:45:00+00:00,14743.379999999997,14744.369999999999,14735.879999999997,14738.389999999998,167
2026-02-27T11:00:00+00:00,14738.389999999998,14743.889999999998,14737.869999999999,14740.869999999999,175
2026-02-27T11:15:00+00:00,14740.869999999999,14742.889999999998,14736.869999999999,14742.369999999999,203
2026-02-27T11:30:00+00:00,14742.369999999999,14745.879999999997,14733.879999999997,14733.889999999998,287
2026-02-27T11:45:00+00:00,14733.889999999998,14739.389999999998,14731.869999999999,14737.879999999997,264
2026-02-27T12:00:00+00:00,14737.879999999997,14744.889999999998,14735.869999999999,14744.879999999997,268
2026-02-27T12:15:00+00:00,14744.879999999997,14747.879999999997,14738.869999999999,14739.889999999998,231
2026-02-27T12:30:00+00:00,14739.889999999998,14741.889999999998,14737.869999999999,14737.879999999997,221
2026-02-27T12:45:00+00:00,14737.879999999997,14737.889999999998,14729.879999999997,14732.869999999999,274
2026-02-27T13:00:00+00:00,14732.869999999999,14735.389999999998,14718.369999999999,14721.879999999997,393
2026-02-27T13:15:00+00:00,14721.879999999997,14724.889999999998,14708.869999999999,14709.379999999997,286
2026-02-27T13:30:00+00:00,14709.379999999997,14709.379999999997,14689.379999999997,14698.889999999998,962
2026-02-27T13:45:00+00:00,14698.889999999998,14704.379999999997,14694.869999999999,14702.889999999998,521
2026-02-27T14:00:00+00:00,14702.889999999998,14702.889999999998,14693.879999999997,14698.369999999999,318
2026-02-27T14:15:00+00:00,14698.369999999999,14700.889999999998,14691.379999999997,14694.369999999999,357
2026-02-27T14:30:00+00:00,14694.369999999999,14715.369999999999,14684.879999999997,14693.869999999999,2320
2026-02-27T14:45:00+00:00,14693.869999999999,14702.389999999998,14679.379999999997,14681.379999999997,1647
2026-02-27T15:00:00+00:00,14681.379999999997,14703.879999999997,14676.869999999999,14693.879999999997,1410
2026-02-27T15:15:00+00:00,14693.879999999997,14696.369999999999,14684.869999999999,14693.889999999998,978
2026-02-27T15:30:00+00:00,14693.889999999998,14708.889999999998,14692.879999999997,14706.889999999998,797
2026-02-27T15:45:00+00:00,14706.889999999998,14709.879999999997,14696.379999999997,14702.889999999998,677
2026-02-27T16:00:00+00:00,14702.889999999998,14711.369999999999,14699.879999999997,14710.889999999998,661
2026-02-27T16:15:00+00:00,14710.889999999998,14717.889999999998,14705.869999999999,14705.869999999999,625
2026-02-27T16:30:00+00:00,14705.869999999999,14709.869999999999,14695.369999999999,14695.889999999998,595
2026-02-27T16:45:00+00:00,14695.889999999998,14698.889999999998,14690.869999999999,14694.869999999999,537
2026-02-27T17:00:00+00:00,14694.869999999999,14713.889999999998,14694.869999999999,14698.869999999999,467
2026-02-27T17:15:00+00:00,14698.869999999999,14698.889999999998,14681.369999999999,14691.869999999999,533
2026-02-27T17:30:00+00:00,14691.869999999999,14699.889999999998,14686.369999999999,14688.889999999998,897
2026-02-27T17:45:00+00:00,14688.889999999998,14695.889999999998,14685.879999999997,14695.369999999999,445
2026-02-27T18:00:00+00:00,14695.369999999999,14696.889999999998,14688.869999999999,14691.869999999999,395
2026-02-27T18:15:00+00:00,14691.869999999999,14693.889999999998,14684.889999999998,14690.389999999998,474
2026-02-27T18:30:00+00:00,14690.389999999998,14695.889999999998,14687.869999999999,14693.889999999998,400
2026-02-27T18:45:00+00:00,14693.889999999998,14695.889999999998,14690.869999999999,14692.869999999999,327
2026-02-27T19:00:00+00:00,14692.869999999999,14696.879999999997,14684.879999999997,14686.379999999997,251
2026-02-27T19:15:00+00:00,14686.379999999997,14691.879999999997,14685.869999999999,14689.369999999999,207
2026-02-27T19:30:00+00:00,14689.369999999999,14689.889999999998,14678.879999999997,14679.389999999998,262
2026-02-27T19:45:00+00:00,14679.389999999998,14683.869999999999,14676.879999999997,14680.889999999998,262
2026-02-27T20:00:00+00:00,14680.889999999998,14692.379999999997,14680.889999999998,14691.869999999999,219
2026-02-27T20:15:00+00:00,14691.869999999999,14694.389999999998,14687.879999999997,14691.879999999997,339
2026-02-27T20:30:00+00:00,14691.879999999997,14694.889999999998,14689.869999999999,14692.879999999997,290
2026-03-02T01:00:00+00:00,14692.879999999997,14702.139999999998,14630.119999999999,14700.119999999999,814.9148397976392
2026-03-02T01:15:00+00:00,14700.119999999999,14711.619999999999,14659.619999999999,14664.139999999998,1716
2026-03-02T01:30:00+00:00,14664.139999999998,14747.629999999997,14596.129999999997,14704.119999999999,9931
2026-03-02T01:45:00+00:00,14704.119999999999,14722.639999999998,14670.629999999997,14693.139999999998,6443
2026-03-02T02:00:00+00:00,14693.139999999998,14707.629999999997,14603.619999999999,14613.119999999999,5724
2026-03-02T02:15:00+00:00,14613.119999999999,14624.619999999999,14573.619999999999,14593.619999999999,4564
2026-03-02T02:30:00+00:00,14593.619999999999,14688.639999999998,14590.119999999999,14681.129999999997,3955
2026-03-02T02:45:00+00:00,14681.129999999997,14691.139999999998,14641.639999999998,14669.629999999997,3337
2026-03-02T03:00:00+00:00,14669.629999999997,14718.639999999998,14664.619999999999,14682.619999999999,3383
2026-03-02T03:15:00+00:00,14682.619999999999,14751.139999999998,14666.639999999998,14726.129999999997,4217
2026-03-02T03:30:00+00:00,14726.129999999997,14750.639999999998,14721.619999999999,14739.619999999999,1077
2026-03-02T03:45:00+00:00,14739.619999999999,14758.139999999998,14737.619999999999,14746.129999999997,725
2026-03-02T04:00:00+00:00,14746.129999999997,14748.639999999998,14742.619999999999,14744.639999999998,214
2026-03-02T04:15:00+00:00,14744.639999999998,14747.119999999999,14730.619999999999,14740.139999999998,208
2026-03-02T04:30:00+00:00,14740.139999999998,14742.619999999999,14735.619999999999,14737.639999999998,166
2026-03-02T04:45:00+00:00,14737.639999999998,14737.639999999998,14734.619999999999,14737.619999999999,86.46737245050541
2026-03-02T05:00:00+00:00,14737.619999999999,14810.639999999998,14734.619999999999,14796.139999999998,5269
2026-03-02T05:15:00+00:00,14796.139999999998,14838.619999999999,14787.619999999999,14817.129999999997,3487
2026-03-02T05:30:00+00:00,14817.129999999997,14823.639999999998,14798.129999999997,14813.639999999998,3062
2026-03-02T05:45:00+00:00,14813.639999999998,14817.639999999998,14786.619999999999,14793.619999999999,1831
2026-03-02T06:00:00+00:00,14793.619999999999,14820.639999999998,14786.619999999999,14798.639999999998,2023
2026-03-02T06:15:00+00:00,14798.639999999998,14810.639999999998,14791.619999999999,14809.629999999997,1920
2026-03-02T06:30:00+00:00,14809.629999999997,14827.639999999998,14780.629999999997,14794.619999999999,1871
2026-03-02T06:45:00+00:00,14794.619999999999,14824.139999999998,14786.629999999997,14803.639999999998,1918
2026-03-02T07:00:00+00:00,14803.639999999998,14811.119999999999,14785.639999999998,14796.619999999999,1266
2026-03-02T07:15:00+00:00,14796.619999999999,14811.639999999998,14787.629999999997,14796.639999999998,580
2026-03-02T07:30:00+00:00,14796.639999999998,14809.639999999998,14796.119999999999,14806.129999999997,287
2026-03-02T07:45:00+00:00,14806.129999999997,14806.639999999998,14794.619999999999,14800.119999999999,506
2026-03-02T08:00:00+00:00,14800.119999999999,14818.619999999999,14790.639999999998,14804.119999999999,870
2026-03-02T08:15:00+00:00,14804.119999999999,14804.639999999998,14780.119999999999,14786.129999999997,1008
2026-03-02T09:00:00+00:00,14786.129999999997,14810.129999999997,14784.119999999999,14810.129999999997,359
2026-03-02T09:15:00+00:00,14810.129999999997,14818.619999999999,14808.129999999997,14815.129999999997,494
2026-03-02T09:30:00+00:00,14815.129999999997,14825.129999999997,14800.119999999999,14806.129999999997,394
2026-03-02T09:45:00+00:00,14806.129999999997,14809.639999999998,14802.619999999999,14809.619999999999,448
2026-03-02T10:00:00+00:00,14809.619999999999,14824.639999999998,14807.619999999999,14815.629999999997,612
2026-03-02T10:15:00+00:00,14815.629999999997,14823.639999999998,14810.619999999999,14813.629999999997,462
2026-03-02T10:30:00+00:00,14813.629999999997,14821.639999999998,14811.639999999998,14821.639999999998,485
2026-03-02T10:45:00+00:00,14821.639999999998,14825.639999999998,14816.619999999999,14825.639999999998,346
2026-03-02T11:00:00+00:00,14825.639999999998,14829.639999999998,14814.139999999998,14816.639999999998,477
2026-03-02T11:15:00+00:00,14816.639999999998,14821.629999999997,14811.639999999998,14814.629999999997,345
2026-03-02T11:30:00+00:00,14814.629999999997,14826.639999999998,14814.629999999997,14826.119999999999,272
2026-03-02T11:45:00+00:00,14826.119999999999,14833.629999999997,14819.629999999997,14823.119999999999,555
2026-03-02T12:00:00+00:00,14823.119999999999,14824.639999999998,14812.619999999999,14816.119999999999,749
2026-03-02T12:15:00+00:00,14816.119999999999,14816.119999999999,14798.619999999999,14799.639999999998,335
2026-03-02T12:30:00+00:00,14799.639999999998,14803.639999999998,14795.639999999998,14796.129999999997,356
2026-03-02T12:45:00+00:00,14796.129999999997,14801.639999999998,14787.139999999998,14792.139999999998,567
2026-03-02T13:00:00+00:00,14792.139999999998,14794.639999999998,14785.129999999997,14785.619999999999,587
2026-03-02T13:15:00+00:00,14785.619999999999,14809.639999999998,14785.119999999999,14793.619999999999,526
2026-03-02T13:30:00+00:00,14793.619999999999,14799.639999999998,14792.619999999999,14793.139999999998,684
2026-03-02T13:45:00+00:00,14793.139999999998,14797.629999999997,14775.639999999998,14779.639999999998,370
2026-03-02T14:00:00+00:00,14779.639999999998,14780.639999999998,14767.619999999999,14771.619999999999,503
2026-03-02T14:15:00+00:00,14771.619999999999,14771.639999999998,14758.619999999999,14766.139999999998,562
2026-03-02T14:30:00+00:00,14766.139999999998,14840.129999999997,14766.139999999998,14836.119999999999,2559
2026-03-02T14:45:00+00:00,14836.119999999999,14857.639999999998,14824.139999999998,14827.619999999999,1978
2026-03-02T15:00:00+00:00,14827.619999999999,14841.639999999998,14820.119999999999,14827.619999999999,1426
2026-03-02T15:15:00+00:00,14827.619999999999,14828.639999999998,14818.129999999997,14822.629999999997,1311
2026-03-02T15:30:00+00:00,14822.629999999997,14837.639999999998,14815.619999999999,14837.619999999999,1082
2026-03-02T15:45:00+00:00,14837.619999999999,14837.619999999999,14803.619999999999,14806.629999999997,841
2026-03-02T16:00:00+00:00,14806.629999999997,14821.619999999999,14802.619999999999,14816.139999999998,700
2026-03-02T16:15:00+00:00,14816.139999999998,14816.139999999998,14792.139999999998,14792.629999999997,632
2026-03-02T16:30:00+00:00,14792.629999999997,14818.619999999999,14785.629999999997,14816.639999999998,1049
2026-03-02T16:45:00+00:00,14816.639999999998,14821.119999999999,14812.629999999997,14813.629999999997,717
2026-03-02T17:00:00+00:00,14813.629999999997,14818.629999999997,14805.629999999997,14813.629999999997,458
2026-03-02T17:15:00+00:00,14813.629999999997,14826.119999999999,14812.639999999998,14820.129999999997,475
2026-03-02T17:30:00+00:00,14820.129999999997,14826.639999999998,14808.629999999997,14812.119999999999,478
2026-03-02T17:45:00+00:00,14812.119999999999,14826.629999999997,14811.619999999999,14826.629999999997,424
2026-03-02T18:00:00+00:00,14826.629999999997,14827.639999999998,14820.619999999999,14823.629999999997,339
2026-03-02T18:15:00+00:00,14823.629999999997,14826.139999999998,14818.619999999999,14825.119999999999,420
2026-03-02T18:30:00+00:00,14825.119999999999,14827.629999999997,14817.619999999999,14823.619999999999,406
2026-03-02T18:45:00+00:00,14823.619999999999,14824.639999999998,14815.639999999998,14820.629999999997,446
2026-03-02T19:00:00+00:00,14820.629999999997,14837.639999999998,14820.619999999999,14837.639999999998,232
2026-03-02T19:15:00+00:00,14837.639999999998,14844.639999999998,14837.119999999999,14844.619999999999,283
2026-03-02T19:30:00+00:00,14844.619999999999,14846.639999999998,14838.619999999999,14841.629999999997,178
2026-03-02T19:45:00+00:00,14841.629999999997,14844.639999999998,14840.619999999999,14843.629999999997,108
2026-03-02T20:00:00+00:00,14843.629999999997,14844.619999999999,14820.119999999999,14822.629999999997,825
2026-03-02T20:15:00+00:00,14822.629999999997,14830.629999999997,14817.619999999999,14818.619999999999,785
2026-03-02T20:30:00+00:00,14818.619999999999,14826.139999999998,14816.639999999998,14824.639999999998,422
2026-03-03T01:00:00+00:00,14824.639999999998,14836.299999999997,14807.279999999999,14832.779999999999,464.0136935603257
2026-03-03T01:15:00+00:00,14832.779999999999,14857.299999999997,14823.789999999999,14823.789999999999,1187
2026-03-03T01:30:00+00:00,14823.789999999999,14883.789999999999,14796.279999999999,14847.279999999999,8193
2026-03-03T01:45:00+00:00,14847.279999999999,14858.289999999999,14781.279999999999,14781.279999999999,7114
2026-03-03T02:00:00+00:00,14781.279999999999,14820.279999999999,14744.779999999999,14813.289999999999,6724
2026-03-03T02:15:00+00:00,14813.289999999999,14831.779999999999,14765.289999999999,14814.799999999997,5430
2026-03-03T02:30:00+00:00,14814.799999999997,14931.279999999999,14809.779999999999,14924.289999999999,5983
2026-03-03T02:45:00+00:00,14924.289999999999,14945.289999999999,14909.789999999999,14945.289999999999,4419
2026-03-03T03:00:00+00:00,14945.289999999999,14992.289999999999,14923.279999999999,14923.299999999997,4156
2026-03-03T03:15:00+00:00,14923.299999999997,14925.779999999999,14894.279999999999,14918.279999999999,3264
2026-03-03T03:30:00+00:00,14918.279999999999,14932.299999999997,14906.279999999999,14922.779999999999,1329
2026-03-03T03:45:00+00:00,14922.779999999999,14930.289999999999,14912.279999999999,14919.279999999999,676
2026-03-03T04:00:00+00:00,14919.279999999999,14925.789999999999,14918.779999999999,14921.789999999999,149
2026-03-03T04:15:00+00:00,14921.789999999999,14929.299999999997,14921.299999999997,14924.299999999997,261
2026-03-03T04:30:00+00:00,14924.299999999997,14924.299999999997,14907.779999999999,14913.789999999999,274
2026-03-03T04:45:00+00:00,14913.789999999999,14917.299999999997,14904.279999999999,14907.299999999997,207
2026-03-03T05:00:00+00:00,14907.299999999997,15048.279999999999,14907.299999999997,15019.789999999999,6659
2026-03-03T05:15:00+00:00,15019.789999999999,15032.299999999997,14941.779999999999,14955.289999999999,5305
2026-03-03T05:30:00+00:00,14955.289999999999,14958.299999999997,14896.799999999997,14917.299999999997,5186
2026-03-03T05:45:00+00:00,14917.299999999997,14925.279999999999,14842.299999999997,14843.289999999999,3484
2026-03-03T06:00:00+00:00,14843.289999999999,14855.279999999999,14796.279999999999,14801.289999999999,4736
2026-03-03T06:15:00+00:00,14801.289999999999,14857.289999999999,14779.279999999999,14855.789999999999,4801
2026-03-03T06:30:00+00:00,14855.789999999999,14859.799999999997,14776.279999999999,14803.789999999999,5866
2026-03-03T06:45:00+00:00,14803.789999999999,14840.799999999997,14799.779999999999,14838.779999999999,3821
2026-03-03T07:00:00+00:00,14838.779999999999,14838.779999999999,14802.289999999999,14816.299999999997,1514
2026-03-03T07:15:00+00:00,14816.299999999997,14830.799999999997,14813.299999999997,14820.789999999999,812
2026-03-03T07:30:00+00:00,14820.789999999999,14826.299999999997,14812.299999999997,14821.799999999997,485
2026-03-03T07:45:00+00:00,14821.799999999997,14826.299999999997,14810.279999999999,14821.779999999999,571
2026-03-03T08:00:00+00:00,14821.779999999999,14825.279999999999,14803.779999999999,14810.279999999999,1081
2026-03-03T08:15:00+00:00,14810.279999999999,14818.799999999997,14803.289999999999,14810.289999999999,829
2026-03-03T09:00:00+00:00,14810.289999999999,14810.289999999999,14742.279999999999,14744.279999999999,798
2026-03-03T09:15:00+00:00,14744.279999999999,14759.299999999997,14741.279999999999,14748.279999999999,1421
2026-03-03T09:30:00+00:00,14748.279999999999,14754.799999999997,14734.289999999999,14737.279999999999,1184
2026-03-03T09:45:00+00:00,14737.279999999999,14738.289999999999,14715.289999999999,14716.799999999997,1050
2026-03-03T10:00:00+00:00,14716.799999999997,14722.299999999997,14692.279999999999,14699.299999999997,1304
2026-03-03T10:15:00+00:00,14699.299999999997,14711.299999999997,14694.789999999999,14696.289999999999,1024
2026-03-03T10:30:00+00:00,14696.289999999999,14705.299999999997,14683.779999999999,14702.299999999997,1367
2026-03-03T10:45:00+00:00,14702.299999999997,14714.789999999999,14690.279999999999,14705.299999999997,1447
2026-03-03T11:00:00+00:00,14705.299999999997,14717.289999999999,14699.779999999999,14704.789999999999,1059
2026-03-03T11:15:00+00:00,14704.789999999999,14708.299999999997,14686.289999999999,14701.279999999999,1112
2026-03-03T11:30:00+00:00,14701.279999999999,14722.299999999997,14701.279999999999,14721.799999999997,1079
2026-03-03T11:45:00+00:00,14721.799999999997,14728.299999999997,14712.799999999997,14717.289999999999,934
2026-03-03T12:00:00+00:00,14717.289999999999,14739.299999999997,14710.289999999999,14724.299999999997,975
2026-03-03T12:15:00+00:00,14724.299999999997,14732.779999999999,14721.289999999999,14724.299999999997,863
2026-03-03T12:30:00+00:00,14724.299999999997,14730.289999999999,14719.279999999999,14730.289999999999,892
2026-03-03T12:45:00+00:00,14730.289999999999,14736.299999999997,14722.289999999999,14731.289999999999,778
2026-03-03T13:00:00+00:00,14731.289999999999,14732.799999999997,14704.279999999999,14705.799999999997,756
2026-03-03T13:15:00+00:00,14705.799999999997,14712.299999999997,14698.279999999999,14700.279999999999,627
2026-03-03T13:30:00+00:00,14700.279999999999,14701.799999999997,14687.789999999999,14692.279999999999,832
2026-03-03T13:45:00+00:00,14692.279999999999,14693.279999999999,14678.279999999999,14684.289999999999,914
2026-03-03T14:00:00+00:00,14684.289999999999,14685.299999999997,14666.299999999997,14668.289999999999,812
2026-03-03T14:15:00+00:00,14668.289999999999,14683.299999999997,14661.779999999999,14671.279999999999,949
2026-03-03T14:30:00+00:00,14671.279999999999,14685.299999999997,14620.799999999997,14626.279999999999,3133
2026-03-03T14:45:00+00:00,14626.279999999999,14638.779999999999,14581.279999999999,14582.779999999999,3200
2026-03-03T15:00:00+00:00,14582.779999999999,14608.299999999997,14542.279999999999,14554.279999999999,4226
2026-03-03T15:15:00+00:00,14554.279999999999,14557.299999999997,14531.789999999999,14554.289999999999,2781
2026-03-03T15:30:00+00:00,14554.289999999999,14588.799999999997,14549.279999999999,14586.289999999999,3111
2026-03-03T15:45:00+00:00,14586.289999999999,14613.299999999997,14585.299999999997,14600.279999999999,2800
2026-03-03T16:00:00+00:00,14600.279999999999,14628.299999999997,14589.279999999999,14624.299999999997,1751
2026-03-03T16:15:00+00:00,14624.299999999997,14636.289999999999,14615.299999999997,14615.299999999997,1544
2026-03-03T16:30:00+00:00,14615.299999999997,14615.299999999997,14580.289999999999,14603.789999999999,1897
2026-03-03T16:45:00+00:00,14603.789999999999,14629.279999999999,14603.779999999999,14618.299999999997,1833
2026-03-03T17:00:00+00:00,14618.299999999997,14622.299999999997,14595.779999999999,14613.279999999999,1669
2026-03-03T17:15:00+00:00,14613.279999999999,14625.299999999997,14603.789999999999,14622.289999999999,1280
2026-03-03T17:30:00+00:00,14622.289999999999,14623.299999999997,14594.279999999999,14618.279999999999,1107
2026-03-03T17:45:00+00:00,14618.279999999999,14621.299999999997,14600.279999999999,14611.789999999999,1096
2026-03-03T18:00:00+00:00,14611.789999999999,14631.299999999997,14611.789999999999,14623.799999999997,1002
2026-03-03T18:15:00+00:00,14623.799999999997,14648.279999999999,14623.799999999997,14643.279999999999,797
2026-03-03T18:30:00+00:00,14643.279999999999,14674.299999999997,14642.279999999999,14672.279999999999,1104
2026-03-03T18:45:00+00:00,14672.279999999999,14675.299999999997,14661.279999999999,14663.789999999999,869
2026-03-03T19:00:00+00:00,14663.789999999999,14672.289999999999,14653.779999999999,14657.289999999999,681
2026-03-03T19:15:00+00:00,14657.289999999999,14671.299999999997,14656.779999999999,14663.779999999999,643
2026-03-03T19:30:00+00:00,14663.779999999999,14687.779999999999,14656.799999999997,14683.799999999997,1216
2026-03-03T19:45:00+00:00,14683.799999999997,14689.799999999997,14678.279999999999,14687.289999999999,916
2026-03-03T20:00:00+00:00,14687.289999999999,14694.789999999999,14679.289999999999,14679.789999999999,762
2026-03-03T20:15:00+00:00,14679.789999999999,14681.299999999997,14667.789999999999,14670.299999999997,613
2026-03-03T20:30:00+00:00,14670.299999999997,14677.289999999999,14662.279999999999,14670.299999999997,633
2026-03-04T01:00:00+00:00,14670.299999999997,14680.129999999997,14630.129999999997,14657.109999999999,938.8529580700747
2026-03-04T01:15:00+00:00,14657.109999999999,14686.129999999997,14649.629999999997,14677.619999999999,2526
2026-03-04T01:30:00+00:00,14677.619999999999,14719.629999999997,14467.119999999999,14564.609999999999,18825
2026-03-04T01:45:00+00:00,14564.609999999999,14575.629999999997,14472.109999999999,14550.119999999999,12919
2026-03-04T02:00:00+00:00,14550.119999999999,14569.629999999997,14507.129999999997,14547.129999999997,8600
2026-03-04T02:15:00+00:00,14547.129999999997,14573.119999999999,14505.109999999999,14509.109999999999,5765
2026-03-04T02:30:00+00:00,14509.109999999999,14555.129999999997,14485.129999999997,14502.109999999999,5198
2026-03-04T02:45:00+00:00,14502.109999999999,14554.129999999997,14483.129999999997,14485.109999999999,5127
2026-03-04T03:00:00+00:00,14485.109999999999,14492.129999999997,14423.119999999999,14428.629999999997,4964
2026-03-04T03:15:00+00:00,14428.629999999997,14475.119999999999,14420.119999999999,14430.109999999999,4511
2026-03-04T03:30:00+00:00,14430.109999999999,14448.619999999999,14415.129999999997,14437.119999999999,2231
2026-03-04T03:45:00+00:00,14437.119999999999,14442.609999999999,14426.609999999999,14439.109999999999,1746
2026-03-04T04:00:00+00:00,14439.109999999999,14442.129999999997,14422.109999999999,14442.129999999997,413
2026-03-04T04:15:00+00:00,14442.129999999997,14447.119999999999,14431.109999999999,14431.109999999999,207
2026-03-04T04:30:00+00:00,14431.109999999999,14431.609999999999,14416.109999999999,14423.109999999999,449
2026-03-04T04:45:00+00:00,14423.109999999999,14424.129999999997,14402.619999999999,14405.609999999999,418
2026-03-04T05:00:00+00:00,14405.609999999999,14454.619999999999,14375.109999999999,14429.129999999997,8127
2026-03-04T05:15:00+00:00,14429.129999999997,14465.619999999999,14408.119999999999,14418.119999999999,5232
2026-03-04T05:30:00+00:00,14418.119999999999,14489.129999999997,14412.109999999999,14470.129999999997,5153
2026-03-04T05:45:00+00:00,14470.129999999997,14479.119999999999,14443.129999999997,14447.129999999997,5075
2026-03-04T06:00:00+00:00,14447.129999999997,14461.619999999999,14427.609999999999,14460.129999999997,3716
2026-03-04T06:15:00+00:00,14460.129999999997,14497.629999999997,14457.629999999997,14497.609999999999,3340
2026-03-04T06:30:00+00:00,14497.609999999999,14539.619999999999,14490.109999999999,14500.109999999999,4505
2026-03-04T06:45:00+00:00,14500.109999999999,14503.629999999997,14472.609999999999,14489.119999999999,2506
2026-03-04T07:00:00+00:00,14489.119999999999,14497.129999999997,14476.109999999999,14479.109999999999,1470
2026-03-04T07:15:00+00:00,14479.109999999999,14501.119999999999,14475.609999999999,14499.119999999999,846
2026-03-04T07:30:00+00:00,14499.119999999999,14538.129999999997,14498.119999999999,14536.129999999997,924
2026-03-04T07:45:00+00:00,14536.129999999997,14548.109999999999,14522.109999999999,14544.609999999999,708
2026-03-04T08:00:00+00:00,14544.609999999999,14554.629999999997,14538.609999999999,14548.109999999999,1264
2026-03-04T08:15:00+00:00,14548.109999999999,14555.629999999997,14537.129999999997,14542.109999999999,866
2026-03-04T09:00:00+00:00,14542.109999999999,14565.109999999999,14541.129999999997,14560.109999999999,523
2026-03-04T09:15:00+00:00,14560.109999999999,14575.619999999999,14558.619999999999,14569.109999999999,658
2026-03-04T09:30:00+00:00,14569.109999999999,14576.119999999999,14561.619999999999,14569.109999999999,782
2026-03-04T09:45:00+00:00,14569.109999999999,14584.129999999997,14569.109999999999,14582.109999999999,735
2026-03-04T10:00:00+00:00,14582.109999999999,14633.629999999997,14576.109999999999,14632.129999999997,2376
2026-03-04T10:15:00+00:00,14632.129999999997,14653.129999999997,14615.609999999999,14622.619999999999,1835
2026-03-04T10:30:00+00:00,14622.619999999999,14634.129999999997,14615.119999999999,14626.129999999997,1217
2026-03-04T10:45:00+00:00,14626.129999999997,14632.129999999997,14618.619999999999,14630.119999999999,865
2026-03-04T11:00:00+00:00,14630.119999999999,14644.129999999997,14626.619999999999,14640.129999999997,847
2026-03-04T11:15:00+00:00,14640.129999999997,14647.129999999997,14635.119999999999,14639.629999999997,782
2026-03-04T11:30:00+00:00,14639.629999999997,14644.129999999997,14613.619999999999,14614.119999999999,782
2026-03-04T11:45:00+00:00,14614.119999999999,14622.119999999999,14610.109999999999,14611.109999999999,605
2026-03-04T12:00:00+00:00,14611.109999999999,14629.129999999997,14609.129999999997,14623.619999999999,885
2026-03-04T12:15:00+00:00,14623.619999999999,14623.619999999999,14589.129999999997,14593.119999999999,1138
2026-03-04T12:30:00+00:00,14593.119999999999,14604.629999999997,14585.609999999999,14600.129999999997,842
2026-03-04T12:45:00+00:00,14600.129999999997,14611.119999999999,14595.129999999997,14608.609999999999,620
2026-03-04T13:00:00+00:00,14608.609999999999,14634.129999999997,14608.109999999999,14633.629999999997,862
2026-03-04T13:15:00+00:00,14633.629999999997,14634.109999999999,14618.629999999997,14626.119999999999,605
2026-03-04T13:30:00+00:00,14626.119999999999,14631.129999999997,14617.109999999999,14621.129999999997,755
2026-03-04T13:45:00+00:00,14621.129999999997,14624.129999999997,14610.109999999999,14616.629999999997,767
2026-03-04T14:00:00+00:00,14616.629999999997,14620.129999999997,14609.109999999999,14614.119999999999,617
2026-03-04T14:15:00+00:00,14614.119999999999,14626.119999999999,14612.109999999999,14614.119999999999,635
2026-03-04T14:30:00+00:00,14614.119999999999,14623.619999999999,14590.109999999999,14596.609999999999,3221
2026-03-04T14:45:00+00:00,14596.609999999999,14605.109999999999,14578.619999999999,14593.609999999999,2449
2026-03-04T15:00:00+00:00,14593.609999999999,14601.119999999999,14576.109999999999,14582.129999999997,2231
2026-03-04T15:15:00+00:00,14582.129999999997,14625.129999999997,14581.119999999999,14618.129999999997,1669
2026-03-04T15:30:00+00:00,14618.129999999997,14621.629999999997,14590.109999999999,14592.119999999999,1510
2026-03-04T15:45:00+00:00,14592.119999999999,14608.619999999999,14586.109999999999,14602.109999999999,1330
2026-03-04T16:00:00+00:00,14602.109999999999,14612.129999999997,14597.109999999999,14601.119999999999,1056
2026-03-04T16:15:00+00:00,14601.119999999999,14607.129999999997,14581.119999999999,14594.629999999997,1328
2026-03-04T16:30:00+00:00,14594.629999999997,14612.119999999999,14593.129999999997,14607.629999999997,1401
2026-03-04T16:45:00+00:00,14607.629999999997,14618.119999999999,14606.129999999997,14613.129999999997,770
2026-03-04T17:00:00+00:00,14613.129999999997,14618.129999999997,14611.109999999999,14615.119999999999,585
2026-03-04T17:15:00+00:00,14615.119999999999,14620.129999999997,14608.109999999999,14608.109999999999,638
2026-03-04T17:30:00+00:00,14608.109999999999,14622.129999999997,14603.109999999999,14618.109999999999,757
2026-03-04T17:45:00+00:00,14618.109999999999,14623.129999999997,14614.609999999999,14622.129999999997,453
2026-03-04T18:00:00+00:00,14622.129999999997,14625.129999999997,14617.129999999997,14619.129999999997,486
2026-03-04T18:15:00+00:00,14619.129999999997,14621.119999999999,14610.619999999999,14620.129999999997,553
2026-03-04T18:30:00+00:00,14620.129999999997,14633.129999999997,14620.109999999999,14631.119999999999,446
2026-03-04T18:45:00+00:00,14631.119999999999,14635.119999999999,14628.109999999999,14633.119999999999,335
2026-03-04T19:00:00+00:00,14633.119999999999,14638.109999999999,14632.609999999999,14634.609999999999,152
2026-03-04T19:15:00+00:00,14634.609999999999,14638.119999999999,14627.619999999999,14637.129999999997,241
2026-03-04T19:30:00+00:00,14637.129999999997,14642.129999999997,14628.109999999999,14629.109999999999,386
2026-03-04T19:45:00+00:00,14629.109999999999,14633.119999999999,14626.119999999999,14629.129999999997,195
2026-03-04T20:00:00+00:00,14629.129999999997,14631.129999999997,14621.119999999999,14623.119999999999,243
2026-03-04T20:15:00+00:00,14623.119999999999,14628.129999999997,14619.119999999999,14627.109999999999,244
2026-03-04T20:30:00+00:00,14627.109999999999,14629.129999999997,14621.619999999999,14624.119999999999,158
2026-03-05T01:00:00+00:00,14624.119999999999,14714.139999999998,14621.619999999999,14679.619999999999,1200.416344916345
2026-03-05T01:15:00+00:00,14679.619999999999,14688.129999999997,14616.119999999999,14624.619999999999,2334
2026-03-05T01:30:00+00:00,14624.619999999999,14624.619999999999,14560.629999999997,14598.139999999998,10853
2026-03-05T01:45:00+00:00,14598.139999999998,14615.639999999998,14571.129999999997,14585.119999999999,6352
2026-03-05T02:00:00+00:00,14585.119999999999,14673.139999999998,14584.139999999998,14668.619999999999,5276
2026-03-05T02:15:00+00:00,14668.619999999999,14703.129999999997,14644.119999999999,14699.639999999998,4233
2026-03-05T02:30:00+00:00,14699.639999999998,14721.119999999999,14689.619999999999,14704.139999999998,4727
2026-03-05T02:45:00+00:00,14704.139999999998,14750.119999999999,14698.619999999999,14749.139999999998,3124
2026-03-05T03:00:00+00:00,14749.139999999998,14764.619999999999,14705.619999999999,14712.619999999999,3472
2026-03-05T03:15:00+00:00,14712.619999999999,14730.129999999997,14698.619999999999,14711.629999999997,2861
2026-03-05T03:30:00+00:00,14711.629999999997,14712.129999999997,14689.119999999999,14700.129999999997,1786
2026-03-05T03:45:00+00:00,14700.129999999997,14702.129999999997,14672.629999999997,14675.139999999998,956
2026-03-05T04:00:00+00:00,14675.139999999998,14695.129999999997,14674.139999999998,14689.139999999998,353
2026-03-05T04:15:00+00:00,14689.139999999998,14696.129999999997,14686.619999999999,14696.129999999997,290
2026-03-05T04:30:00+00:00,14696.129999999997,14704.619999999999,14693.639999999998,14702.119999999999,230
2026-03-05T04:45:00+00:00,14702.119999999999,14703.139999999998,14696.619999999999,14700.119999999999,100
2026-03-05T05:00:00+00:00,14700.119999999999,14759.619999999999,14694.639999999998,14745.619999999999,4453
2026-03-05T05:15:00+00:00,14745.619999999999,14747.119999999999,14725.639999999998,14731.119999999999,2281
2026-03-05T05:30:00+00:00,14731.119999999999,14753.139999999998,14712.119999999999,14748.139999999998,2923
2026-03-05T05:45:00+00:00,14748.139999999998,14750.639999999998,14667.129999999997,14668.639999999998,2674
2026-03-05T06:00:00+00:00,14668.639999999998,14685.629999999997,14637.139999999998,14655.629999999997,3934
2026-03-05T06:15:00+00:00,14655.629999999997,14668.139999999998,14637.119999999999,14653.639999999998,3590
2026-03-05T06:30:00+00:00,14653.639999999998,14667.129999999997,14621.639999999998,14665.129999999997,3136
2026-03-05T06:45:00+00:00,14665.129999999997,14703.129999999997,14658.119999999999,14702.139999999998,2195
2026-03-05T07:00:00+00:00,14702.139999999998,14715.119999999999,14683.119999999999,14693.629999999997,1288
2026-03-05T07:15:00+00:00,14693.629999999997,14715.629999999997,14689.639999999998,14714.139999999998,828
2026-03-05T07:30:00+00:00,14714.139999999998,14714.139999999998,14700.119999999999,14707.629999999997,631
2026-03-05T07:45:00+00:00,14707.629999999997,14709.119999999999,14685.139999999998,14709.119999999999,720
2026-03-05T08:00:00+00:00,14709.119999999999,14710.139999999998,14681.119999999999,14683.129999999997,1441
2026-03-05T08:15:00+00:00,14683.129999999997,14692.639999999998,14679.619999999999,14689.139999999998,982
2026-03-05T09:00:00+00:00,14689.139999999998,14762.119999999999,14684.619999999999,14739.129999999997,816
2026-03-05T09:15:00+00:00,14739.129999999997,14747.119999999999,14707.629999999997,14712.639999999998,783
2026-03-05T09:30:00+00:00,14712.639999999998,14716.619999999999,14698.119999999999,14706.129999999997,531
2026-03-05T09:45:00+00:00,14706.129999999997,14714.129999999997,14703.619999999999,14711.129999999997,842
2026-03-05T10:00:00+00:00,14711.129999999997,14721.139999999998,14708.629999999997,14716.139999999998,884
2026-03-05T10:15:00+00:00,14716.139999999998,14725.139999999998,14715.119999999999,14720.119999999999,638
2026-03-05T10:30:00+00:00,14720.119999999999,14723.139999999998,14712.119999999999,14712.619999999999,582
2026-03-05T10:45:00+00:00,14712.619999999999,14719.139999999998,14708.129999999997,14710.139999999998,635
2026-03-05T11:00:00+00:00,14710.139999999998,14730.129999999997,14705.139999999998,14729.119999999999,738
2026-03-05T11:15:00+00:00,14729.119999999999,14735.139999999998,14724.129999999997,14726.129999999997,397
2026-03-05T11:30:00+00:00,14726.129999999997,14728.139999999998,14714.139999999998,14718.139999999998,535
2026-03-05T11:45:00+00:00,14718.139999999998,14720.619999999999,14712.119999999999,14714.129999999997,376
2026-03-05T12:00:00+00:00,14714.129999999997,14715.139999999998,14701.129999999997,14712.119999999999,605
2026-03-05T12:15:00+00:00,14712.119999999999,14734.139999999998,14708.639999999998,14731.139999999998,720
2026-03-05T12:30:00+00:00,14731.139999999998,14735.139999999998,14719.119999999999,14722.129999999997,649
2026-03-05T12:45:00+00:00,14722.129999999997,14725.639999999998,14708.629999999997,14716.119999999999,723
2026-03-05T13:00:00+00:00,14716.119999999999,14717.139999999998,14704.119999999999,14706.129999999997,654
2026-03-05T13:15:00+00:00,14706.129999999997,14711.119999999999,14699.129999999997,14705.629999999997,447
2026-03-05T13:30:00+00:00,14705.629999999997,14707.139999999998,14689.639999999998,14693.129999999997,938
2026-03-05T13:45:00+00:00,14693.129999999997,14696.139999999998,14679.129999999997,14682.619999999999,823
2026-03-05T14:00:00+00:00,14682.619999999999,14688.139999999998,14672.119999999999,14674.619999999999,1031
2026-03-05T14:15:00+00:00,14674.619999999999,14682.639999999998,14667.119999999999,14681.639999999998,1084
2026-03-05T14:30:00+00:00,14681.639999999998,14710.119999999999,14674.139999999998,14684.619999999999,2774
2026-03-05T14:45:00+00:00,14684.619999999999,14717.619999999999,14680.119999999999,14711.129999999997,1930
2026-03-05T15:00:00+00:00,14711.129999999997,14720.139999999998,14685.119999999999,14695.129999999997,2013
2026-03-05T15:15:00+00:00,14695.129999999997,14698.629999999997,14642.119999999999,14650.139999999998,2080
2026-03-05T15:30:00+00:00,14650.139999999998,14659.619999999999,14630.119999999999,14641.629999999997,2131
2026-03-05T15:45:00+00:00,14641.629999999997,14655.139999999998,14632.119999999999,14646.119999999999,2085
2026-03-05T16:00:00+00:00,14646.119999999999,14652.139999999998,14615.119999999999,14625.119999999999,1851
2026-03-05T16:15:00+00:00,14625.119999999999,14630.139999999998,14615.139999999998,14620.129999999997,1723
2026-03-05T16:30:00+00:00,14620.129999999997,14640.639999999998,14620.129999999997,14630.639999999998,1660
2026-03-05T16:45:00+00:00,14630.639999999998,14640.139999999998,14630.639999999998,14638.129999999997,1461
2026-03-05T17:00:00+00:00,14638.129999999997,14651.139999999998,14630.639999999998,14634.129999999997,1213
2026-03-05T17:15:00+00:00,14634.129999999997,14635.139999999998,14623.139999999998,14623.139999999998,1227
2026-03-05T17:30:00+00:00,14623.139999999998,14625.139999999998,14605.139999999998,14607.129999999997,2026
2026-03-05T17:45:00+00:00,14607.129999999997,14617.139999999998,14601.119999999999,14604.139999999998,1526
2026-03-05T18:00:00+00:00,14604.139999999998,14621.139999999998,14601.629999999997,14618.139999999998,1652
2026-03-05T18:15:00+00:00,14618.139999999998,14620.139999999998,14598.119999999999,14599.119999999999,1251
2026-03-05T18:30:00+00:00,14599.119999999999,14618.139999999998,14597.119999999999,14617.119999999999,1229
2026-03-05T18:45:00+00:00,14617.119999999999,14617.629999999997,14599.119999999999,14602.629999999997,1158
2026-03-05T19:00:00+00:00,14602.629999999997,14619.139999999998,14602.119999999999,14617.139999999998,854
2026-03-05T19:15:00+00:00,14617.139999999998,14619.639999999998,14605.119999999999,14606.119999999999,823
2026-03-05T19:30:00+00:00,14606.119999999999,14607.139999999998,14595.119999999999,14604.139999999998,553
2026-03-05T19:45:00+00:00,14604.139999999998,14608.139999999998,14596.639999999998,14599.619999999999,689
2026-03-05T20:00:00+00:00,14599.619999999999,14607.639999999998,14592.119999999999,14606.139999999998,1079
2026-03-05T20:15:00+00:00,14606.139999999998,14649.139999999998,14603.119999999999,14625.129999999997,987
2026-03-05T20:30:00+00:00,14625.129999999997,14644.139999999998,14623.119999999999,14635.129999999997,716
2026-03-06T01:00:00+00:00,14635.129999999997,14643.669999999998,14621.149999999998,14630.169999999998,744.3432078447507
2026-03-06T01:15:00+00:00,14630.169999999998,14658.669999999998,14593.659999999998,14620.169999999998,2340
2026-03-06T01:30:00+00:00,14620.169999999998,14667.159999999998,14567.669999999998,14596.659999999998,10470
2026-03-06T01:45:00+00:00,14596.659999999998,14623.669999999998,14571.649999999998,14623.149999999998,5413
2026-03-06T02:00:00+00:00,14623.149999999998,14663.169999999998,14618.159999999998,14651.149999999998,4288
2026-03-06T02:15:00+00:00,14651.149999999998,14666.149999999998,14639.649999999998,14660.649999999998,2921
2026-03-06T02:30:00+00:00,14660.649999999998,14673.649999999998,14646.169999999998,14665.659999999998,2880
2026-03-06T02:45:00+00:00,14665.659999999998,14684.669999999998,14648.159999999998,14658.149999999998,2181
2026-03-06T03:00:00+00:00,14658.149999999998,14697.169999999998,14658.149999999998,14668.659999999998,2699
2026-03-06T03:15:00+00:00,14668.659999999998,14697.169999999998,14664.169999999998,14683.649999999998,2256
2026-03-06T03:30:00+00:00,14683.649999999998,14684.169999999998,14669.649999999998,14679.169999999998,999
2026-03-06T03:45:00+00:00,14679.169999999998,14682.169999999998,14674.649999999998,14680.669999999998,485
2026-03-06T04:00:00+00:00,14680.669999999998,14680.669999999998,14673.149999999998,14675.149999999998,226
2026-03-06T04:15:00+00:00,14675.149999999998,14678.169999999998,14674.159999999998,14677.149999999998,154
2026-03-06T04:30:00+00:00,14677.149999999998,14686.669999999998,14675.149999999998,14683.149999999998,182
2026-03-06T04:45:00+00:00,14683.149999999998,14685.169999999998,14676.159999999998,14676.669999999998,120
2026-03-06T05:00:00+00:00,14676.669999999998,14711.649999999998,14672.669999999998,14686.149999999998,2868
2026-03-06T05:15:00+00:00,14686.149999999998,14697.149999999998,14686.149999999998,14692.159999999998,1944
2026-03-06T05:30:00+00:00,14692.159999999998,14767.159999999998,14690.149999999998,14743.169999999998,2351
2026-03-06T05:45:00+00:00,14743.169999999998,14743.669999999998,14697.649999999998,14726.159999999998,2307
2026-03-06T06:00:00+00:00,14726.159999999998,14734.169999999998,14690.149999999998,14690.149999999998,1909
2026-03-06T06:15:00+00:00,14690.149999999998,14709.159999999998,14682.669999999998,14683.169999999998,1469
2026-03-06T06:30:00+00:00,14683.169999999998,14712.149999999998,14683.159999999998,14710.159999999998,1637
2026-03-06T06:45:00+00:00,14710.159999999998,14721.159999999998,14706.149999999998,14707.169999999998,1032
2026-03-06T07:00:00+00:00,14707.169999999998,14720.659999999998,14700.159999999998,14710.659999999998,575
2026-03-06T07:15:00+00:00,14710.659999999998,14716.159999999998,14706.169999999998,14710.169999999998,226
2026-03-06T07:30:00+00:00,14710.169999999998,14715.169999999998,14707.159999999998,14714.649999999998,293
2026-03-06T07:45:00+00:00,14714.649999999998,14721.659999999998,14703.149999999998,14721.659999999998,249
2026-03-06T08:00:00+00:00,14721.659999999998,14729.169999999998,14705.659999999998,14708.649999999998,695
2026-03-06T08:15:00+00:00,14708.649999999998,14715.649999999998,14699.649999999998,14703.669999999998,262
2026-03-06T09:00:00+00:00,14703.669999999998,14718.669999999998,14683.149999999998,14683.169999999998,360
2026-03-06T09:15:00+00:00,14683.169999999998,14686.669999999998,14663.159999999998,14667.659999999998,628
2026-03-06T09:30:00+00:00,14667.659999999998,14669.169999999998,14655.149999999998,14662.149999999998,944
2026-03-06T09:45:00+00:00,14662.149999999998,14664.669999999998,14643.159999999998,14650.649999999998,1170
2026-03-06T10:00:00+00:00,14650.649999999998,14667.169999999998,14647.169999999998,14654.159999999998,845
2026-03-06T10:15:00+00:00,14654.159999999998,14663.659999999998,14648.159999999998,14654.169999999998,723
2026-03-06T10:30:00+00:00,14654.169999999998,14658.169999999998,14648.159999999998,14650.159999999998,591
2026-03-06T10:45:00+00:00,14650.159999999998,14656.159999999998,14645.159999999998,14653.149999999998,540
2026-03-06T11:00:00+00:00,14653.149999999998,14658.169999999998,14627.159999999998,14652.149999999998,1197
2026-03-06T11:15:00+00:00,14652.149999999998,14655.669999999998,14642.659999999998,14644.669999999998,488
2026-03-06T11:30:00+00:00,14644.669999999998,14645.169999999998,14618.149999999998,14623.169999999998,774
2026-03-06T11:45:00+00:00,14623.169999999998,14630.159999999998,14614.159999999998,14620.169999999998,976
2026-03-06T12:00:00+00:00,14620.169999999998,14623.169999999998,14609.159999999998,14618.149999999998,1010
2026-03-06T12:15:00+00:00,14618.149999999998,14621.169999999998,14612.149999999998,14612.649999999998,824
2026-03-06T12:30:00+00:00,14612.649999999998,14615.659999999998,14602.159999999998,14608.159999999998,909
2026-03-06T12:45:00+00:00,14608.159999999998,14613.649999999998,14600.149999999998,14605.159999999998,647
2026-03-06T13:00:00+00:00,14605.159999999998,14617.149999999998,14604.149999999998,14614.159999999998,676
2026-03-06T13:15:00+00:00,14614.159999999998,14615.169999999998,14608.659999999998,14614.659999999998,480
2026-03-06T13:30:00+00:00,14614.659999999998,14614.669999999998,14580.149999999998,14584.159999999998,2285
2026-03-06T13:45:00+00:00,14584.159999999998,14584.169999999998,14548.149999999998,14550.159999999998,2239
2026-03-06T14:00:00+00:00,14550.159999999998,14559.169999999998,14540.669999999998,14553.159999999998,1715
2026-03-06T14:15:00+00:00,14553.159999999998,14568.159999999998,14551.169999999998,14568.149999999998,1094
2026-03-06T14:30:00+00:00,14568.149999999998,14580.159999999998,14542.159999999998,14555.669999999998,3510
2026-03-06T14:45:00+00:00,14555.669999999998,14573.169999999998,14546.159999999998,14558.169999999998,2827
2026-03-06T15:00:00+00:00,14558.169999999998,14588.169999999998,14557.649999999998,14587.169999999998,2877
2026-03-06T15:15:00+00:00,14587.169999999998,14599.169999999998,14578.649999999998,14583.169999999998,2090
2026-03-06T15:30:00+00:00,14583.169999999998,14605.159999999998,14583.159999999998,14588.159999999998,1920
2026-03-06T15:45:00+00:00,14588.159999999998,14596.169999999998,14562.149999999998,14595.149999999998,1881
2026-03-06T16:00:00+00:00,14595.149999999998,14609.169999999998,14579.149999999998,14584.659999999998,1750
2026-03-06T16:15:00+00:00,14584.659999999998,14594.169999999998,14572.159999999998,14576.649999999998,2027
2026-03-06T16:30:00+00:00,14576.649999999998,14605.169999999998,14572.149999999998,14594.169999999998,1799
2026-03-06T16:45:00+00:00,14594.169999999998,14603.169999999998,14580.149999999998,14582.649999999998,1344
2026-03-06T17:00:00+00:00,14582.649999999998,14590.169999999998,14574.159999999998,14578.159999999998,1331
2026-03-06T17:15:00+00:00,14578.159999999998,14589.169999999998,14568.149999999998,14572.669999999998,1114
2026-03-06T17:30:00+00:00,14572.669999999998,14580.669999999998,14561.169999999998,14566.669999999998,1065
2026-03-06T17:45:00+00:00,14566.669999999998,14577.169999999998,14564.159999999998,14566.149999999998,1112
2026-03-06T18:00:00+00:00,14566.149999999998,14602.149999999998,14565.149999999998,14599.149999999998,1202
2026-03-06T18:15:00+00:00,14599.149999999998,14603.649999999998,14584.149999999998,14586.159999999998,1166
2026-03-06T18:30:00+00:00,14586.159999999998,14594.669999999998,14581.659999999998,14588.659999999998,1047
2026-03-06T18:45:00+00:00,14588.659999999998,14591.169999999998,14576.149999999998,14582.149999999998,1033
2026-03-06T19:00:00+00:00,14582.149999999998,14596.169999999998,14580.669999999998,14595.659999999998,725
2026-03-06T19:15:00+00:00,14595.659999999998,14596.159999999998,14578.169999999998,14593.159999999998,718
2026-03-06T19:30:00+00:00,14593.159999999998,14597.169999999998,14585.169999999998,14585.169999999998,545
2026-03-06T19:45:00+00:00,14585.169999999998,14592.149999999998,14582.149999999998,14589.169999999998,555
2026-03-06T20:00:00+00:00,14589.169999999998,14598.659999999998,14586.149999999998,14587.659999999998,534
2026-03-06T20:15:00+00:00,14587.659999999998,14592.669999999998,14572.159999999998,14574.169999999998,744
2026-03-06T20:30:00+00:00,14574.169999999998,14577.169999999998,14558.669999999998,14570.649999999998,1058
2026-03-09T01:00:00+00:00,14570.649999999998,14571.149999999998,14417.579999999998,14477.579999999998,2610.936164886515
2026-03-09T01:15:00+00:00,14477.579999999998,14523.079999999998,14448.059999999998,14491.079999999998,5001
2026-03-09T01:30:00+00:00,14491.079999999998,14512.569999999998,14282.559999999998,14349.559999999998,19943
2026-03-09T01:45:00+00:00,14349.559999999998,14435.569999999998,14344.079999999998,14407.059999999998,12873
2026-03-09T02:00:00+00:00,14407.059999999998,14497.579999999998,14387.559999999998,14492.559999999998,11084
2026-03-09T02:15:00+00:00,14492.559999999998,14513.579999999998,14452.559999999998,14454.579999999998,8172
2026-03-09T02:30:00+00:00,14454.579999999998,14560.069999999998,14442.579999999998,14555.079999999998,5014
2026-03-09T02:45:00+00:00,14555.079999999998,14557.579999999998,14526.559999999998,14538.559999999998,3905
2026-03-09T03:00:00+00:00,14538.559999999998,14580.069999999998,14485.059999999998,14496.559999999998,5908
2026-03-09T03:15:00+00:00,14496.559999999998,14541.569999999998,14493.559999999998,14525.059999999998,4259
2026-03-09T03:30:00+00:00,14525.059999999998,14530.579999999998,14500.559999999998,14525.059999999998,2502
2026-03-09T03:45:00+00:00,14525.059999999998,14540.559999999998,14522.569999999998,14537.559999999998,1196
2026-03-09T04:00:00+00:00,14537.559999999998,14553.059999999998,14531.059999999998,14545.069999999998,458
2026-03-09T04:15:00+00:00,14545.069999999998,14551.069999999998,14542.079999999998,14546.059999999998,284
2026-03-09T04:30:00+00:00,14546.059999999998,14547.079999999998,14540.569999999998,14541.579999999998,159
2026-03-09T04:45:00+00:00,14541.579999999998,14542.579999999998,14534.569999999998,14537.569999999998,189
2026-03-09T05:00:00+00:00,14537.569999999998,14557.079999999998,14494.069999999998,14550.579999999998,4331
2026-03-09T05:15:00+00:00,14550.579999999998,14589.079999999998,14538.059999999998,14586.559999999998,3570
2026-03-09T05:30:00+00:00,14586.559999999998,14615.579999999998,14562.569999999998,14600.579999999998,4052
2026-03-09T05:45:00+00:00,14600.579999999998,14633.059999999998,14585.569999999998,14617.569999999998,3357
2026-03-09T06:00:00+00:00,14617.569999999998,14635.069999999998,14596.559999999998,14624.579999999998,4337
2026-03-09T06:15:00+00:00,14624.579999999998,14633.059999999998,14591.559999999998,14612.059999999998,3193
2026-03-09T06:30:00+00:00,14612.059999999998,14636.579999999998,14600.079999999998,14613.569999999998,3413
2026-03-09T06:45:00+00:00,14613.569999999998,14616.069999999998,14566.559999999998,14596.559999999998,2725
2026-03-09T07:00:00+00:00,14596.559999999998,14602.579999999998,14578.069999999998,14586.579999999998,2117
2026-03-09T07:15:00+00:00,14586.579999999998,14629.579999999998,14585.569999999998,14617.079999999998,1053
2026-03-09T07:30:00+00:00,14617.079999999998,14629.069999999998,14607.559999999998,14624.559999999998,1530
2026-03-09T07:45:00+00:00,14624.559999999998,14624.569999999998,14606.569999999998,14619.579999999998,1134
2026-03-09T08:00:00+00:00,14619.579999999998,14627.079999999998,14605.079999999998,14609.579999999998,2729
2026-03-09T08:15:00+00:00,14609.579999999998,14625.079999999998,14603.059999999998,14614.579999999998,1676
2026-03-09T09:00:00+00:00,14614.579999999998,14614.579999999998,14581.559999999998,14593.069999999998,594
2026-03-09T09:15:00+00:00,14593.069999999998,14634.569999999998,14593.069999999998,14625.579999999998,1036
2026-03-09T09:30:00+00:00,14625.579999999998,14657.559999999998,14604.559999999998,14608.569999999998,2972
2026-03-09T09:45:00+00:00,14608.569999999998,14613.069999999998,14590.059999999998,14594.579999999998,1855
2026-03-09T10:00:00+00:00,14594.579999999998,14599.569999999998,14575.579999999998,14577.569999999998,1552
2026-03-09T10:15:00+00:00,14577.569999999998,14590.559999999998,14571.559999999998,14576.569999999998,1448
2026-03-09T10:30:00+00:00,14576.569999999998,14584.569999999998,14565.559999999998,14579.569999999998,1494
2026-03-09T10:45:00+00:00,14579.569999999998,14584.559999999998,14563.559999999998,14572.069999999998,1472
2026-03-09T11:00:00+00:00,14572.069999999998,14585.559999999998,14569.059999999998,14569.059999999998,1057
2026-03-09T11:15:00+00:00,14569.059999999998,14572.559999999998,14557.579999999998,14559.569999999998,920
2026-03-09T11:30:00+00:00,14559.569999999998,14575.579999999998,14557.559999999998,14564.559999999998,1005
2026-03-09T11:45:00+00:00,14564.559999999998,14575.579999999998,14563.059999999998,14568.079999999998,864
2026-03-09T12:00:00+00:00,14568.079999999998,14593.069999999998,14564.579999999998,14584.079999999998,1072
2026-03-09T12:15:00+00:00,14584.079999999998,14589.569999999998,14576.559999999998,14581.569999999998,733
2026-03-09T12:30:00+00:00,14581.569999999998,14582.579999999998,14552.559999999998,14554.569999999998,695
2026-03-09T12:45:00+00:00,14554.569999999998,14554.579999999998,14543.069999999998,14549.569999999998,890
2026-03-09T13:00:00+00:00,14549.569999999998,14569.579999999998,14549.559999999998,14566.569999999998,1013
2026-03-09T13:15:00+00:00,14566.569999999998,14573.579999999998,14559.569999999998,14572.059999999998,1318
2026-03-09T13:30:00+00:00,14572.059999999998,14590.059999999998,14550.059999999998,14559.569999999998,3567
2026-03-09T13:45:00+00:00,14559.569999999998,14559.579999999998,14517.559999999998,14546.559999999998,3663
2026-03-09T14:00:00+00:00,14546.559999999998,14583.579999999998,14534.559999999998,14548.559999999998,4012
2026-03-09T14:15:00+00:00,14548.559999999998,14568.559999999998,14538.559999999998,14544.569999999998,3382
2026-03-09T14:30:00+00:00,14544.569999999998,14578.579999999998,14543.069999999998,14562.069999999998,2430
2026-03-09T14:45:00+00:00,14562.069999999998,14573.579999999998,14556.559999999998,14565.559999999998,1885
2026-03-09T15:00:00+00:00,14565.559999999998,14589.569999999998,14564.579999999998,14589.569999999998,1604
2026-03-09T15:15:00+00:00,14589.569999999998,14591.569999999998,14575.559999999998,14585.579999999998,1275
2026-03-09T15:30:00+00:00,14585.579999999998,14592.069999999998,14578.559999999998,14588.079999999998,1559
2026-03-09T15:45:00+00:00,14588.079999999998,14608.569999999998,14587.559999999998,14602.579999999998,1157
2026-03-09T16:00:00+00:00,14602.579999999998,14623.579999999998,14601.079999999998,14618.579999999998,1284
2026-03-09T16:15:00+00:00,14618.579999999998,14633.579999999998,14609.569999999998,14632.059999999998,1161
2026-03-09T16:30:00+00:00,14632.059999999998,14635.579999999998,14624.559999999998,14634.559999999998,1011
2026-03-09T16:45:00+00:00,14634.559999999998,14639.559999999998,14625.059999999998,14626.559999999998,666
2026-03-09T17:00:00+00:00,14626.559999999998,14630.579999999998,14621.569999999998,14624.569999999998,749
2026-03-09T17:15:00+00:00,14624.569999999998,14624.579999999998,14592.579999999998,14599.569999999998,850
2026-03-09T17:30:00+00:00,14599.569999999998,14605.069999999998,14593.059999999998,14597.569999999998,929
2026-03-09T17:45:00+00:00,14597.569999999998,14605.069999999998,14594.559999999998,14599.069999999998,737
2026-03-09T18:00:00+00:00,14599.069999999998,14611.579999999998,14598.559999999998,14610.079999999998,965
2026-03-09T18:15:00+00:00,14610.079999999998,14624.559999999998,14608.559999999998,14617.069999999998,840
2026-03-09T18:30:00+00:00,14617.069999999998,14629.579999999998,14616.559999999998,14626.569999999998,704
2026-03-09T18:45:00+00:00,14626.569999999998,14630.579999999998,14621.559999999998,14621.579999999998,485
2026-03-09T19:00:00+00:00,14621.579999999998,14628.579999999998,14621.569999999998,14625.069999999998,233
2026-03-09T19:15:00+00:00,14625.069999999998,14694.579999999998,14623.559999999998,14693.569999999998,2510
2026-03-09T19:30:00+00:00,14693.569999999998,14705.579999999998,14665.059999999998,14679.569999999998,2806
2026-03-09T19:45:00+00:00,14679.569999999998,14686.569999999998,14660.559999999998,14686.059999999998,1512
2026-03-09T20:00:00+00:00,14686.059999999998,14687.579999999998,14666.559999999998,14680.079999999998,187
2026-03-09T20:15:00+00:00,14680.079999999998,14681.579999999998,14674.569999999998,14681.079999999998,113
2026-03-09T20:30:00+00:00,14681.079999999998,14684.069999999998,14675.059999999998,14684.059999999998,136
2026-03-10T01:00:00+00:00,14684.059999999998,14689.189999999999,14663.179999999998,14675.179999999998,1335.636377903327
2026-03-10T01:15:00+00:00,14675.179999999998,14707.169999999998,14661.169999999998,14707.169999999998,2320
2026-03-10T01:30:00+00:00,14707.169999999998,14716.669999999998,14659.189999999999,14704.169999999998,9703
2026-03-10T01:45:00+00:00,14704.169999999998,14730.189999999999,14679.169999999998,14715.179999999998,3996
2026-03-10T02:00:00+00:00,14715.179999999998,14750.179999999998,14709.679999999998,14748.189999999999,4105
2026-03-10T02:15:00+00:00,14748.189999999999,14753.689999999999,14716.679999999998,14722.669999999998,3656
2026-03-10T02:30:00+00:00,14722.669999999998,14743.189999999999,14705.169999999998,14722.179999999998,3811
2026-03-10T02:45:00+00:00,14722.179999999998,14722.179999999998,14695.679999999998,14707.689999999999,2808
2026-03-10T03:00:00+00:00,14707.689999999999,14732.189999999999,14703.679999999998,14723.189999999999,2951
2026-03-10T03:15:00+00:00,14723.189999999999,14752.669999999998,14719.679999999998,14746.179999999998,2939
2026-03-10T03:30:00+00:00,14746.179999999998,14746.189999999999,14728.169999999998,14729.169999999998,810
2026-03-10T03:45:00+00:00,14729.169999999998,14729.179999999998,14710.669999999998,14716.179999999998,440
2026-03-10T04:00:00+00:00,14716.179999999998,14722.189999999999,14710.169999999998,14722.179999999998,139.83683200198155
2026-03-10T04:15:00+00:00,14722.179999999998,14725.189999999999,14718.179999999998,14723.169999999998,78
2026-03-10T04:30:00+00:00,14723.169999999998,14731.689999999999,14720.179999999998,14728.189999999999,119
2026-03-10T04:45:00+00:00,14728.189999999999,14731.189999999999,14725.669999999998,14729.179999999998,133.71820408163265
2026-03-10T05:00:00+00:00,14729.179999999998,14769.189999999999,14721.189999999999,14742.169999999998,2746
2026-03-10T05:15:00+00:00,14742.169999999998,14755.679999999998,14732.679999999998,14750.689999999999,2015
2026-03-10T05:30:00+00:00,14750.689999999999,14751.689999999999,14735.669999999998,14742.669999999998,1841
2026-03-10T05:45:00+00:00,14742.669999999998,14763.189999999999,14734.169999999998,14763.189999999999,1767
2026-03-10T06:00:00+00:00,14763.189999999999,14788.679999999998,14754.679999999998,14755.689999999999,1516
2026-03-10T06:15:00+00:00,14755.689999999999,14756.169999999998,14743.169999999998,14749.679999999998,1046
2026-03-10T06:30:00+00:00,14749.679999999998,14768.189999999999,14749.189999999999,14758.689999999999,1115
2026-03-10T06:45:00+00:00,14758.689999999999,14782.189999999999,14747.679999999998,14777.679999999998,1794
2026-03-10T07:00:00+00:00,14777.679999999998,14787.169999999998,14765.179999999998,14779.669999999998,978
2026-03-10T07:15:00+00:00,14779.669999999998,14792.189999999999,14778.189999999999,14790.189999999999,444
2026-03-10T07:30:00+00:00,14790.189999999999,14794.689999999999,14782.169999999998,14788.169999999998,441
2026-03-10T07:45:00+00:00,14788.169999999998,14798.169999999998,14781.189999999999,14798.169999999998,416
2026-03-10T08:00:00+00:00,14798.169999999998,14812.689999999999,14790.679999999998,14791.169999999998,1040
2026-03-10T08:15:00+00:00,14791.169999999998,14802.679999999998,14789.669999999998,14801.679999999998,691
2026-03-10T09:00:00+00:00,14801.679999999998,14821.189999999999,14791.669999999998,14819.179999999998,298
2026-03-10T09:15:00+00:00,14819.179999999998,14820.679999999998,14802.689999999999,14808.189999999999,515
2026-03-10T09:30:00+00:00,14808.189999999999,14817.189999999999,14806.679999999998,14813.689999999999,621
2026-03-10T09:45:00+00:00,14813.689999999999,14813.689999999999,14797.169999999998,14799.169999999998,563
2026-03-10T10:00:00+00:00,14799.169999999998,14799.189999999999,14785.169999999998,14785.169999999998,613
2026-03-10T10:15:00+00:00,14785.169999999998,14791.189999999999,14782.679999999998,14789.169999999998,790
2026-03-10T10:30:00+00:00,14789.169999999998,14792.189999999999,14765.169999999998,14772.689999999999,1257
2026-03-10T10:45:00+00:00,14772.689999999999,14783.679999999998,14767.169999999998,14782.169999999998,697
2026-03-10T11:00:00+00:00,14782.169999999998,14802.189999999999,14779.189999999999,14779.189999999999,1342
2026-03-10T11:15:00+00:00,14779.189999999999,14780.679999999998,14768.679999999998,14775.189999999999,652
2026-03-10T11:30:00+00:00,14775.189999999999,14776.189999999999,14766.169999999998,14770.179999999998,603
2026-03-10T11:45:00+00:00,14770.179999999998,14776.179999999998,14766.169999999998,14770.169999999998,541
2026-03-10T12:00:00+00:00,14770.169999999998,14770.689999999999,14750.169999999998,14754.689999999999,965
2026-03-10T12:15:00+00:00,14754.689999999999,14759.189999999999,14747.169999999998,14751.669999999998,723
2026-03-10T12:30:00+00:00,14751.669999999998,14763.189999999999,14745.679999999998,14762.169999999998,818
2026-03-10T12:45:00+00:00,14762.169999999998,14779.179999999998,14761.679999999998,14772.169999999998,636
2026-03-10T13:00:00+00:00,14772.169999999998,14777.189999999999,14760.689999999999,14761.669999999998,713
2026-03-10T13:15:00+00:00,14761.669999999998,14775.189999999999,14756.189999999999,14768.669999999998,657
2026-03-10T13:30:00+00:00,14768.669999999998,14779.189999999999,14743.189999999999,14751.189999999999,3593
2026-03-10T13:45:00+00:00,14751.189999999999,14753.189999999999,14735.169999999998,14739.179999999998,2557
2026-03-10T14:00:00+00:00,14739.179999999998,14774.189999999999,14727.689999999999,14771.689999999999,2667
2026-03-10T14:15:00+00:00,14771.689999999999,14804.179999999998,14767.669999999998,14795.169999999998,1862
2026-03-10T14:30:00+00:00,14795.169999999998,14818.189999999999,14794.179999999998,14817.189999999999,1502
2026-03-10T14:45:00+00:00,14817.189999999999,14823.189999999999,14807.169999999998,14818.689999999999,1305
2026-03-10T15:00:00+00:00,14818.689999999999,14827.689999999999,14803.189999999999,14803.189999999999,1262
2026-03-10T15:15:00+00:00,14803.189999999999,14817.189999999999,14800.169999999998,14804.189999999999,1025
2026-03-10T15:30:00+00:00,14804.189999999999,14824.189999999999,14799.179999999998,14820.169999999998,936
2026-03-10T15:45:00+00:00,14820.169999999998,14822.689999999999,14798.169999999998,14804.179999999998,912
2026-03-10T16:00:00+00:00,14804.179999999998,14804.689999999999,14785.179999999998,14794.679999999998,989
2026-03-10T16:15:00+00:00,14794.679999999998,14809.189999999999,14794.189999999999,14800.179999999998,1121
2026-03-10T16:30:00+00:00,14800.179999999998,14811.189999999999,14799.679999999998,14808.179999999998,896
2026-03-10T16:45:00+00:00,14808.179999999998,14814.189999999999,14797.169999999998,14811.179999999998,879
2026-03-10T17:00:00+00:00,14811.179999999998,14822.189999999999,14810.189999999999,14817.179999999998,967
2026-03-10T17:15:00+00:00,14817.179999999998,14841.189999999999,14816.669999999998,14839.169999999998,934
2026-03-10T17:30:00+00:00,14839.169999999998,14839.169999999998,14805.669999999998,14809.169999999998,2125
2026-03-10T17:45:00+00:00,14809.169999999998,14818.169999999998,14807.669999999998,14810.179999999998,978
2026-03-10T18:00:00+00:00,14810.179999999998,14818.679999999998,14786.679999999998,14788.689999999999,1401
2026-03-10T18:15:00+00:00,14788.689999999999,14797.689999999999,14757.169999999998,14777.179999999998,4103
2026-03-10T18:30:00+00:00,14777.179999999998,14787.189999999999,14763.679999999998,14770.189999999999,2471
2026-03-10T18:45:00+00:00,14770.189999999999,14781.189999999999,14766.679999999998,14771.179999999998,1611
2026-03-10T19:00:00+00:00,14771.179999999998,14777.679999999998,14768.669999999998,14776.169999999998,794
2026-03-10T19:15:00+00:00,14776.169999999998,14788.169999999998,14758.679999999998,14759.189999999999,1023
2026-03-10T19:30:00+00:00,14759.189999999999,14773.179999999998,14749.669999999998,14758.189999999999,1642
2026-03-10T19:45:00+00:00,14758.189999999999,14759.179999999998,14743.179999999998,14748.169999999998,842
2026-03-10T20:00:00+00:00,14748.169999999998,14755.679999999998,14746.679999999998,14755.669999999998,121
2026-03-10T20:15:00+00:00,14755.669999999998,14756.179999999998,14752.679999999998,14755.189999999999,52
2026-03-10T20:30:00+00:00,14755.189999999999,14755.689999999999,14752.669999999998,14753.669999999998,61.77203321725154
2026-03-11T01:00:00+00:00,14753.669999999998,14783.859999999999,14753.669999999998,14780.379999999997,929.9133184320995
2026-03-11T01:15:00+00:00,14780.379999999997,14814.879999999997,14774.869999999999,14790.879999999997,1688
2026-03-11T01:30:00+00:00,14790.879999999997,14846.859999999999,14772.879999999997,14802.869999999999,10553
2026-03-11T01:45:00+00:00,14802.869999999999,14821.359999999999,14794.359999999999,14811.879999999997,5022
2026-03-11T02:00:00+00:00,14811.879999999997,14876.379999999997,14810.369999999999,14868.859999999999,3970
2026-03-11T02:15:00+00:00,14868.859999999999,14909.359999999999,14865.359999999999,14902.359999999999,3010
2026-03-11T02:30:00+00:00,14902.359999999999,14928.869999999999,14897.859999999999,14915.359999999999,2526
2026-03-11T02:45:00+00:00,14915.359999999999,14982.869999999999,14910.369999999999,14956.379999999997,2922
2026-03-11T03:00:00+00:00,14956.379999999997,14972.369999999999,14925.359999999999,14941.359999999999,3086
2026-03-11T03:15:00+00:00,14941.359999999999,14962.359999999999,14923.359999999999,14929.879999999997,2424
2026-03-11T03:30:00+00:00,14929.879999999997,14943.369999999999,14927.379999999997,14936.859999999999,912
2026-03-11T03:45:00+00:00,14936.859999999999,14938.379999999997,14913.359999999999,14923.359999999999,905
2026-03-11T04:00:00+00:00,14923.359999999999,14924.879999999997,14916.859999999999,14917.859999999999,169
2026-03-11T04:15:00+00:00,14917.859999999999,14918.379999999997,14913.359999999999,14915.879999999997,106
2026-03-11T04:30:00+00:00,14915.879999999997,14917.369999999999,14914.359999999999,14915.379999999997,153.82335731794103
2026-03-11T04:45:00+00:00,14915.379999999997,14919.879999999997,14915.359999999999,14917.869999999999,93.93193845151836
2026-03-11T05:00:00+00:00,14917.869999999999,14931.359999999999,14901.359999999999,14917.859999999999,2567
2026-03-11T05:15:00+00:00,14917.859999999999,14934.379999999997,14910.869999999999,14913.369999999999,1792
2026-03-11T05:30:00+00:00,14913.369999999999,14928.369999999999,14905.369999999999,14919.359999999999,1920
2026-03-11T05:45:00+00:00,14919.359999999999,14933.379999999997,14915.369999999999,14922.379999999997,1130
2026-03-11T06:00:00+00:00,14922.379999999997,14950.369999999999,14922.379999999997,14947.379999999997,954
2026-03-11T06:15:00+00:00,14947.379999999997,14951.369999999999,14923.359999999999,14934.369999999999,990
2026-03-11T06:30:00+00:00,14934.369999999999,14946.879999999997,14922.859999999999,14924.379999999997,907
2026-03-11T06:45:00+00:00,14924.379999999997,14928.369999999999,14910.379999999997,14917.859999999999,1353
2026-03-11T07:00:00+00:00,14917.859999999999,14925.859999999999,14913.359999999999,14921.869999999999,589
2026-03-11T07:15:00+00:00,14921.869999999999,14923.369999999999,14912.359999999999,14913.859999999999,355
2026-03-11T07:30:00+00:00,14913.859999999999,14914.379999999997,14894.379999999997,14899.859999999999,435
2026-03-11T07:45:00+00:00,14899.859999999999,14906.359999999999,14891.869999999999,14904.879999999997,393
2026-03-11T08:00:00+00:00,14904.879999999997,14921.379999999997,14904.879999999997,14914.859999999999,1134
2026-03-11T08:15:00+00:00,14914.859999999999,14918.369999999999,14906.389999999998,14910.38,546
2026-03-11T09:00:00+00:00,14910.38,14910.38,14877.88,14879.869999999999,366
2026-03-11T09:15:00+00:00,14879.869999999999,14901.389999999998,14877.369999999999,14888.389999999998,632
2026-03-11T09:30:00+00:00,14888.389999999998,14897.369999999999,14886.369999999999,14888.88,688
2026-03-11T09:45:00+00:00,14888.88,14891.389999999998,14882.369999999999,14886.38,509
2026-03-11T10:00:00+00:00,14886.38,14901.88,14883.389999999998,14899.889999999998,654
2026-03-11T10:15:00+00:00,14899.889999999998,14902.389999999998,14893.369999999999,14896.88,544
2026-03-11T10:30:00+00:00,14896.88,14903.389999999998,14895.369999999999,14902.389999999998,643
2026-03-11T10:45:00+00:00,14902.389999999998,14904.389999999998,14900.869999999999,14903.389999999998,469
2026-03-11T11:00:00+00:00,14903.389999999998,14907.389999999998,14900.369999999999,14907.38,499
2026-03-11T11:15:00+00:00,14907.38,14908.88,14880.369999999999,14882.369999999999,566
2026-03-11T11:30:00+00:00,14882.369999999999,14890.389999999998,14879.389999999998,14884.369999999999,778
2026-03-11T11:45:00+00:00,14884.369999999999,14892.88,14877.369999999999,14882.369999999999,1306
2026-03-11T12:00:00+00:00,14882.369999999999,14886.389999999998,14877.369999999999,14883.369999999999,648
2026-03-11T12:15:00+00:00,14883.369999999999,14897.369999999999,14881.369999999999,14897.369999999999,566
2026-03-11T12:30:00+00:00,14897.369999999999,14900.389999999998,14877.369999999999,14881.389999999998,1359
2026-03-11T12:45:00+00:00,14881.389999999998,14883.369999999999,14871.369999999999,14881.889999999998,933
2026-03-11T13:00:00+00:00,14881.889999999998,14895.389999999998,14881.369999999999,14892.389999999998,826
2026-03-11T13:15:00+00:00,14892.389999999998,14902.389999999998,14891.38,14901.369999999999,644
2026-03-11T13:30:00+00:00,14901.369999999999,14912.389999999998,14891.369999999999,14908.38,2305
2026-03-11T13:45:00+00:00,14908.38,14920.88,14901.369999999999,14915.389999999998,2213
2026-03-11T14:00:00+00:00,14915.389999999998,14938.889999999998,14906.369999999999,14916.369999999999,3513
2026-03-11T14:15:00+00:00,14916.369999999999,14918.389999999998,14890.369999999999,14906.869999999999,2048
2026-03-11T14:30:00+00:00,14906.869999999999,14925.88,14904.88,14922.38,1966
2026-03-11T14:45:00+00:00,14922.38,14931.389999999998,14918.369999999999,14926.38,1363
2026-03-11T15:00:00+00:00,14926.38,14933.369999999999,14908.369999999999,14915.38,1870
2026-03-11T15:15:00+00:00,14915.38,14917.38,14902.38,14902.38,1395
2026-03-11T15:30:00+00:00,14902.38,14907.389999999998,14896.889999999998,14900.38,1339
2026-03-11T15:45:00+00:00,14900.38,14917.38,14893.38,14907.369999999999,1320
2026-03-11T16:00:00+00:00,14907.369999999999,14908.389999999998,14895.38,14905.369999999999,1443
2026-03-11T16:15:00+00:00,14905.369999999999,14908.88,14898.869999999999,14904.869999999999,1154
2026-03-11T16:30:00+00:00,14904.869999999999,14920.389999999998,14903.869999999999,14910.889999999998,1130
2026-03-11T16:45:00+00:00,14910.889999999998,14911.389999999998,14904.369999999999,14909.889999999998,788
2026-03-11T17:00:00+00:00,14909.889999999998,14915.389999999998,14897.38,14897.389999999998,615
2026-03-11T17:15:00+00:00,14897.389999999998,14908.88,14892.38,14906.389999999998,791
2026-03-11T17:30:00+00:00,14906.389999999998,14908.389999999998,14877.389999999998,14887.88,1869
2026-03-11T17:45:00+00:00,14887.88,14895.389999999998,14881.369999999999,14886.38,1180
2026-03-11T18:00:00+00:00,14886.38,14889.38,14874.369999999999,14879.869999999999,869
2026-03-11T18:15:00+00:00,14879.869999999999,14896.389999999998,14879.369999999999,14895.389999999998,861
2026-03-11T18:30:00+00:00,14895.389999999998,14899.869999999999,14893.369999999999,14897.389999999998,647
2026-03-11T18:45:00+00:00,14897.389999999998,14903.389999999998,14894.369999999999,14898.369999999999,507
2026-03-11T19:00:00+00:00,14898.369999999999,14898.389999999998,14892.369999999999,14894.38,249
2026-03-11T19:15:00+00:00,14894.38,14902.38,14892.389999999998,14899.889999999998,264
2026-03-11T19:30:00+00:00,14899.889999999998,14907.389999999998,14897.869999999999,14904.889999999998,254
2026-03-11T19:45:00+00:00,14904.889999999998,14911.889999999998,14902.369999999999,14911.889999999998,251
2026-03-11T20:00:00+00:00,14911.889999999998,14911.889999999998,14903.369999999999,14904.369999999999,64.56369871834117
2026-03-11T20:15:00+00:00,14904.369999999999,14907.389999999998,14903.869999999999,14904.88,43.003636205092434
2026-03-11T20:30:00+00:00,14904.88,14904.889999999998,14903.88,14904.869999999999,25.235545428652806
2026-03-12T01:00:00+00:00,14904.869999999999,14904.869999999999,14859.439999999999,14866.439999999999,561.7201718907988
2026-03-12T01:15:00+00:00,14866.439999999999,14913.439999999999,14864.939999999999,14912.429999999998,1362
2026-03-12T01:30:00+00:00,14912.429999999998,14931.919999999998,14876.439999999999,14914.419999999998,6833
2026-03-12T01:45:00+00:00,14914.419999999998,14919.439999999999,14880.429999999998,14887.429999999998,3750
2026-03-12T02:00:00+00:00,14887.429999999998,14931.929999999998,14880.419999999998,14907.919999999998,4339
2026-03-12T02:15:00+00:00,14907.919999999998,14915.419999999998,14880.429999999998,14884.419999999998,3106
2026-03-12T02:30:00+00:00,14884.419999999998,14891.939999999999,14833.419999999998,14846.419999999998,3230
2026-03-12T02:45:00+00:00,14846.419999999998,14848.939999999999,14814.919999999998,14826.439999999999,3588
2026-03-12T03:00:00+00:00,14826.439999999999,14836.419999999998,14802.929999999998,14804.429999999998,3418
2026-03-12T03:15:00+00:00,14804.429999999998,14814.419999999998,14789.419999999998,14796.939999999999,2283
2026-03-12T03:30:00+00:00,14796.939999999999,14796.939999999999,14786.419999999998,14790.419999999998,500
2026-03-12T03:45:00+00:00,14790.419999999998,14794.939999999999,14786.929999999998,14794.419999999998,421
2026-03-12T04:00:00+00:00,14794.419999999998,14798.429999999998,14790.929999999998,14795.939999999999,133
2026-03-12T04:15:00+00:00,14795.939999999999,14802.939999999999,14794.919999999998,14802.439999999999,135
2026-03-12T04:30:00+00:00,14802.439999999999,14802.439999999999,14789.419999999998,14790.929999999998,142
2026-03-12T04:45:00+00:00,14790.929999999998,14793.429999999998,14790.419999999998,14791.429999999998,115.65492492208895
2026-03-12T05:00:00+00:00,14791.429999999998,14815.419999999998,14788.419999999998,14790.429999999998,2012
2026-03-12T05:15:00+00:00,14790.429999999998,14795.939999999999,14772.919999999998,14785.439999999999,1822
2026-03-12T05:30:00+00:00,14785.439999999999,14832.439999999999,14784.429999999998,14824.429999999998,2299
2026-03-12T05:45:00+00:00,14824.429999999998,14847.429999999998,14812.419999999998,14845.919999999998,1679
2026-03-12T06:00:00+00:00,14845.919999999998,14855.439999999999,14838.419999999998,14847.919999999998,1468
2026-03-12T06:15:00+00:00,14847.919999999998,14872.919999999998,14840.419999999998,14871.429999999998,1344
2026-03-12T06:30:00+00:00,14871.429999999998,14882.439999999999,14857.439999999999,14867.919999999998,1801
2026-03-12T06:45:00+00:00,14867.919999999998,14871.419999999998,14855.419999999998,14857.419999999998,1677
2026-03-12T07:00:00+00:00,14857.419999999998,14866.939999999999,14852.419999999998,14858.429999999998,566
2026-03-12T07:15:00+00:00,14858.429999999998,14871.429999999998,14857.429999999998,14866.939999999999,299
2026-03-12T07:30:00+00:00,14866.939999999999,14867.429999999998,14853.929999999998,14861.439999999999,285
2026-03-12T07:45:00+00:00,14861.439999999999,14876.429999999998,14861.429999999998,14875.439999999999,270
2026-03-12T08:00:00+00:00,14875.439999999999,14884.439999999999,14870.419999999998,14875.439999999999,570
2026-03-12T08:15:00+00:00,14875.439999999999,14877.939999999999,14866.929999999998,14866.929999999998,345
2026-03-12T09:00:00+00:00,14866.929999999998,14869.939999999999,14853.419999999998,14856.439999999999,172
2026-03-12T09:15:00+00:00,14856.439999999999,14862.439999999999,14851.419999999998,14860.919999999998,315
2026-03-12T09:30:00+00:00,14860.919999999998,14881.439999999999,14860.919999999998,14878.919999999998,361
2026-03-12T09:45:00+00:00,14878.919999999998,14881.429999999998,14873.419999999998,14875.429999999998,391
2026-03-12T10:00:00+00:00,14875.429999999998,14877.929999999998,14866.419999999998,14877.429999999998,458
2026-03-12T10:15:00+00:00,14877.429999999998,14877.429999999998,14868.419999999998,14868.419999999998,347
2026-03-12T10:30:00+00:00,14868.419999999998,14875.419999999998,14864.419999999998,14867.429999999998,513
2026-03-12T10:45:00+00:00,14867.429999999998,14870.439999999999,14860.419999999998,14863.929999999998,314
2026-03-12T11:00:00+00:00,14863.929999999998,14865.439999999999,14858.919999999998,14863.439999999999,438
2026-03-12T11:15:00+00:00,14863.439999999999,14870.439999999999,14860.419999999998,14869.429999999998,433
2026-03-12T11:30:00+00:00,14869.429999999998,14879.939999999999,14869.429999999998,14877.429999999998,373
2026-03-12T11:45:00+00:00,14877.429999999998,14879.429999999998,14860.429999999998,14860.429999999998,270
2026-03-12T12:00:00+00:00,14860.429999999998,14862.419999999998,14841.419999999998,14846.419999999998,722
2026-03-12T12:15:00+00:00,14846.419999999998,14849.439999999999,14840.419999999998,14843.929999999998,625
2026-03-12T12:30:00+00:00,14843.929999999998,14845.939999999999,14834.419999999998,14839.939999999999,697
2026-03-12T12:45:00+00:00,14839.939999999999,14842.439999999999,14834.419999999998,14839.439999999999,570
2026-03-12T13:00:00+00:00,14839.439999999999,14845.439999999999,14835.419999999998,14835.439999999999,506
2026-03-12T13:15:00+00:00,14835.439999999999,14836.429999999998,14820.919999999998,14830.929999999998,1321
2026-03-12T13:30:00+00:00,14830.929999999998,14838.419999999998,14816.429999999998,14820.419999999998,2458
2026-03-12T13:45:00+00:00,14820.419999999998,14834.419999999998,14801.939999999999,14809.439999999999,1714
2026-03-12T14:00:00+00:00,14809.439999999999,14822.439999999999,14808.419999999998,14822.419999999998,1842
2026-03-12T14:15:00+00:00,14822.419999999998,14825.439999999999,14794.919999999998,14794.929999999998,1564
2026-03-12T14:30:00+00:00,14794.929999999998,14799.439999999999,14781.419999999998,14793.939999999999,1230
2026-03-12T14:45:00+00:00,14793.939999999999,14810.429999999998,14782.419999999998,14785.929999999998,2077
2026-03-12T15:00:00+00:00,14785.929999999998,14788.939999999999,14772.419999999998,14779.929999999998,1175
2026-03-12T15:15:00+00:00,14779.929999999998,14802.439999999999,14776.419999999998,14798.429999999998,1012
2026-03-12T15:30:00+00:00,14798.429999999998,14813.439999999999,14785.429999999998,14811.439999999999,2115
2026-03-12T15:45:00+00:00,14811.439999999999,14812.439999999999,14800.429999999998,14809.429999999998,1798
2026-03-12T16:00:00+00:00,14809.429999999998,14819.419999999998,14790.429999999998,14803.439999999999,1397
2026-03-12T16:15:00+00:00,14803.439999999999,14827.929999999998,14800.419999999998,14802.429999999998,1491
2026-03-12T16:30:00+00:00,14802.429999999998,14823.929999999998,14800.439999999999,14819.419999999998,1531
2026-03-12T16:45:00+00:00,14819.419999999998,14819.439999999999,14798.929999999998,14803.439999999999,1118
2026-03-12T17:00:00+00:00,14803.439999999999,14819.919999999998,14802.919999999998,14806.429999999998,1051
2026-03-12T17:15:00+00:00,14806.429999999998,14812.429999999998,14799.439999999999,14804.439999999999,1096
2026-03-12T17:30:00+00:00,14804.439999999999,14814.439999999999,14803.419999999998,14803.419999999998,748
2026-03-12T17:45:00+00:00,14803.419999999998,14804.439999999999,14793.429999999998,14801.439999999999,815
2026-03-12T18:00:00+00:00,14801.439999999999,14812.419999999998,14800.929999999998,14809.929999999998,745
2026-03-12T18:15:00+00:00,14809.929999999998,14812.439999999999,14798.419999999998,14801.929999999998,800
2026-03-12T18:30:00+00:00,14801.929999999998,14803.439999999999,14796.419999999998,14799.439999999999,763
2026-03-12T18:45:00+00:00,14799.439999999999,14803.439999999999,14796.419999999998,14799.429999999998,549
2026-03-12T19:00:00+00:00,14799.429999999998,14808.429999999998,14796.929999999998,14799.429999999998,723
2026-03-12T19:15:00+00:00,14799.429999999998,14804.429999999998,14796.419999999998,14800.919999999998,329
2026-03-12T19:30:00+00:00,14800.919999999998,14808.439999999999,14800.919999999998,14804.419999999998,268
2026-03-12T19:45:00+00:00,14804.419999999998,14804.419999999998,14795.419999999998,14797.919999999998,374
2026-03-12T20:00:00+00:00,14797.919999999998,14802.419999999998,14796.929999999998,14798.939999999999,70.3356504468719
2026-03-12T20:15:00+00:00,14798.939999999999,14801.439999999999,14797.939999999999,14799.919999999998,56
2026-03-12T20:30:00+00:00,14799.919999999998,14801.439999999999,14798.919999999998,14801.419999999998,41
2026-03-13T01:00:00+00:00,14801.419999999998,14829.159999999998,14801.419999999998,14820.639999999998,477.12918951858626
2026-03-13T01:15:00+00:00,14820.639999999998,14824.159999999998,14795.139999999998,14809.159999999998,1470
2026-03-13T01:30:00+00:00,14809.159999999998,14907.639999999998,14803.639999999998,14864.659999999998,10175
2026-03-13T01:45:00+00:00,14864.659999999998,14906.649999999998,14854.659999999998,14899.639999999998,6368
2026-03-13T02:00:00+00:00,14899.639999999998,14935.149999999998,14891.149999999998,14913.149999999998,4486
2026-03-13T02:15:00+00:00,14913.149999999998,14940.659999999998,14907.659999999998,14923.159999999998,3511
2026-03-13T02:30:00+00:00,14923.159999999998,14928.159999999998,14881.139999999998,14895.139999999998,3093
2026-03-13T02:45:00+00:00,14895.139999999998,14919.659999999998,14885.149999999998,14916.149999999998,2257
2026-03-13T03:00:00+00:00,14916.149999999998,14931.159999999998,14895.659999999998,14896.149999999998,2114
2026-03-13T03:15:00+00:00,14896.149999999998,14909.149999999998,14885.139999999998,14890.159999999998,2152
2026-03-13T03:30:00+00:00,14890.159999999998,14899.139999999998,14884.639999999998,14896.159999999998,648
2026-03-13T03:45:00+00:00,14896.159999999998,14902.159999999998,14895.149999999998,14899.149999999998,351
2026-03-13T04:00:00+00:00,14899.149999999998,14900.659999999998,14891.639999999998,14895.139999999998,203
2026-03-13T04:15:00+00:00,14895.139999999998,14898.149999999998,14893.639999999998,14895.149999999998,96
2026-03-13T04:30:00+00:00,14895.149999999998,14901.139999999998,14892.139999999998,14897.159999999998,188
2026-03-13T04:45:00+00:00,14897.159999999998,14898.139999999998,14894.159999999998,14897.139999999998,152
2026-03-13T05:00:00+00:00,14897.139999999998,14980.649999999998,14892.139999999998,14968.659999999998,3553
2026-03-13T05:15:00+00:00,14968.659999999998,14969.159999999998,14938.149999999998,14938.649999999998,2256
2026-03-13T05:30:00+00:00,14938.649999999998,14960.659999999998,14932.649999999998,14946.149999999998,1988
2026-03-13T05:45:00+00:00,14946.149999999998,14958.159999999998,14918.159999999998,14922.659999999998,1597
2026-03-13T06:00:00+00:00,14922.659999999998,14926.639999999998,14899.159999999998,14914.639999999998,1692
2026-03-13T06:15:00+00:00,14914.639999999998,14923.659999999998,14893.139999999998,14901.139999999998,2087
2026-03-13T06:30:00+00:00,14901.139999999998,14906.149999999998,14865.149999999998,14868.649999999998,2074
2026-03-13T06:45:00+00:00,14868.649999999998,14890.659999999998,14855.139999999998,14888.149999999998,1760
2026-03-13T07:00:00+00:00,14888.149999999998,14888.149999999998,14857.139999999998,14870.149999999998,1017
2026-03-13T07:15:00+00:00,14870.149999999998,14875.149999999998,14858.149999999998,14874.149999999998,401
2026-03-13T07:30:00+00:00,14874.149999999998,14881.149999999998,14868.139999999998,14870.139999999998,446
2026-03-13T07:45:00+00:00,14870.139999999998,14878.159999999998,14869.139999999998,14877.149999999998,326
2026-03-13T08:00:00+00:00,14877.149999999998,14877.149999999998,14855.149999999998,14863.649999999998,530
2026-03-13T08:15:00+00:00,14863.649999999998,14864.149999999998,14847.139999999998,14856.659999999998,519
2026-03-13T09:00:00+00:00,14856.659999999998,14872.149999999998,14853.159999999998,14856.159999999998,399
2026-03-13T09:15:00+00:00,14856.159999999998,14869.159999999998,14843.639999999998,14866.149999999998,453
2026-03-13T09:30:00+00:00,14866.149999999998,14867.139999999998,14857.639999999998,14861.159999999998,382
2026-03-13T09:45:00+00:00,14861.159999999998,14874.659999999998,14860.139999999998,14862.149999999998,335
2026-03-13T10:00:00+00:00,14862.149999999998,14878.649999999998,14860.139999999998,14878.149999999998,336
2026-03-13T10:15:00+00:00,14878.149999999998,14886.659999999998,14877.139999999998,14884.659999999998,211
2026-03-13T10:30:00+00:00,14884.659999999998,14889.659999999998,14879.139999999998,14888.149999999998,238
2026-03-13T10:45:00+00:00,14888.149999999998,14909.139999999998,14886.149999999998,14904.149999999998,507
2026-03-13T11:00:00+00:00,14904.149999999998,14912.149999999998,14893.659999999998,14896.149999999998,361
2026-03-13T11:15:00+00:00,14896.149999999998,14912.159999999998,14895.659999999998,14904.649999999998,310
2026-03-13T11:30:00+00:00,14904.649999999998,14915.659999999998,14901.149999999998,14915.639999999998,293
2026-03-13T11:45:00+00:00,14915.639999999998,14919.159999999998,14909.139999999998,14919.139999999998,310
2026-03-13T12:00:00+00:00,14919.139999999998,14932.159999999998,14918.659999999998,14928.139999999998,380
2026-03-13T12:15:00+00:00,14928.139999999998,14939.659999999998,14927.649999999998,14938.639999999998,276
2026-03-13T12:30:00+00:00,14938.639999999998,14947.159999999998,14936.139999999998,14946.139999999998,617
2026-03-13T12:45:00+00:00,14946.139999999998,15017.159999999998,14945.149999999998,14971.659999999998,1763
2026-03-13T13:00:00+00:00,14971.659999999998,14974.649999999998,14950.139999999998,14961.159999999998,854
2026-03-13T13:15:00+00:00,14961.159999999998,14966.639999999998,14956.139999999998,14956.139999999998,535
2026-03-13T13:30:00+00:00,14956.139999999998,14973.159999999998,14946.139999999998,14971.159999999998,2124
2026-03-13T13:45:00+00:00,14971.159999999998,14977.139999999998,14959.159999999998,14961.149999999998,1403
2026-03-13T14:00:00+00:00,14961.149999999998,14963.139999999998,14941.139999999998,14941.139999999998,1544
2026-03-13T14:15:00+00:00,14941.139999999998,14957.149999999998,14932.639999999998,14953.639999999998,1504
2026-03-13T14:30:00+00:00,14953.639999999998,14968.649999999998,14936.139999999998,14938.149999999998,1726
2026-03-13T14:45:00+00:00,14938.149999999998,14939.159999999998,14914.139999999998,14915.659999999998,1653
2026-03-13T15:00:00+00:00,14915.659999999998,14942.159999999998,14908.149999999998,14942.139999999998,1749
2026-03-13T15:15:00+00:00,14942.139999999998,14942.159999999998,14899.139999999998,14902.139999999998,1361
2026-03-13T15:30:00+00:00,14902.139999999998,14910.159999999998,14884.649999999998,14892.149999999998,1615
2026-03-13T15:45:00+00:00,14892.149999999998,14911.159999999998,14877.149999999998,14880.139999999998,2220
2026-03-13T16:00:00+00:00,14880.139999999998,14895.659999999998,14873.639999999998,14883.659999999998,1617
2026-03-13T16:15:00+00:00,14883.659999999998,14891.159999999998,14873.139999999998,14890.149999999998,1383
2026-03-13T16:30:00+00:00,14890.149999999998,14910.159999999998,14889.139999999998,14897.139999999998,1592
2026-03-13T16:45:00+00:00,14897.139999999998,14909.159999999998,14884.659999999998,14891.159999999998,1284
2026-03-13T17:00:00+00:00,14891.159999999998,14904.159999999998,14886.139999999998,14904.159999999998,911
2026-03-13T17:15:00+00:00,14904.159999999998,14909.159999999998,14900.139999999998,14905.149999999998,947
2026-03-13T17:30:00+00:00,14905.149999999998,14908.659999999998,14898.139999999998,14905.149999999998,932
2026-03-13T17:45:00+00:00,14905.149999999998,14909.139999999998,14878.139999999998,14882.149999999998,1121
2026-03-13T18:00:00+00:00,14882.149999999998,14893.149999999998,14880.139999999998,14890.159999999998,882
2026-03-13T18:15:00+00:00,14890.159999999998,14891.659999999998,14875.139999999998,14887.159999999998,668
2026-03-13T18:30:00+00:00,14887.159999999998,14898.149999999998,14884.639999999998,14897.149999999998,684
2026-03-13T18:45:00+00:00,14897.149999999998,14899.159999999998,14890.649999999998,14891.639999999998,578
2026-03-13T19:00:00+00:00,14891.639999999998,14891.659999999998,14884.649999999998,14885.159999999998,419
2026-03-13T19:15:00+00:00,14885.159999999998,14887.659999999998,14875.139999999998,14878.149999999998,553
2026-03-13T19:30:00+00:00,14878.149999999998,14881.149999999998,14870.649999999998,14874.159999999998,411
2026-03-13T19:45:00+00:00,14874.159999999998,14884.149999999998,14867.139999999998,14878.659999999998,527
2026-03-13T20:00:00+00:00,14878.659999999998,14880.639999999998,14873.659999999998,14876.659999999998,84.53310361801624
2026-03-13T20:15:00+00:00,14876.659999999998,14878.159999999998,14876.139999999998,14877.659999999998,58
2026-03-13T20:30:00+00:00,14877.659999999998,14882.649999999998,14877.639999999998,14880.649999999998,81
2026-03-16T01:00:00+00:00,14880.649999999998,14911.72,14877.649999999998,14895.199999999999,743.0416325416326
2026-03-16T01:15:00+00:00,14895.199999999999,14897.71,14817.199999999999,14861.71,2653
2026-03-16T01:30:00+00:00,14861.71,14902.72,14766.71,14795.72,12719
2026-03-16T01:45:00+00:00,14795.72,14894.72,14795.72,14893.71,8159
2026-03-16T02:00:00+00:00,14893.71,14944.72,14881.699999999999,14932.22,7756
2026-03-16T02:15:00+00:00,14932.22,14938.72,14872.199999999999,14883.21,6174
2026-03-16T02:30:00+00:00,14883.21,14906.21,14870.71,14873.72,4222
2026-03-16T02:45:00+00:00,14873.72,14879.72,14835.71,14867.199999999999,3608
2026-03-16T03:00:00+00:00,14867.199999999999,14878.22,14846.21,14860.72,2946
2026-03-16T03:15:00+00:00,14860.72,14914.71,14859.72,14905.699999999999,2333
2026-03-16T03:30:00+00:00,14905.699999999999,14921.699999999999,14901.21,14919.72,692
2026-03-16T03:45:00+00:00,14919.72,14922.72,14913.699999999999,14919.71,576
2026-03-16T04:00:00+00:00,14919.71,14924.199999999999,14917.699999999999,14920.71,176
2026-03-16T04:15:00+00:00,14920.71,14924.72,14919.71,14921.699999999999,164
2026-03-16T04:30:00+00:00,14921.699999999999,14922.72,14916.699999999999,14917.22,97
2026-03-16T04:45:00+00:00,14917.22,14922.72,14917.199999999999,14920.71,92.05020950216604
2026-03-16T05:00:00+00:00,14920.71,14967.72,14914.71,14949.72,4575
2026-03-16T05:15:00+00:00,14949.72,14963.72,14938.22,14952.699999999999,3361
2026-03-16T05:30:00+00:00,14952.699999999999,14990.21,14941.699999999999,14985.72,2586
2026-03-16T05:45:00+00:00,14985.72,14991.72,14965.71,14981.699999999999,1865
2026-03-16T06:00:00+00:00,14981.699999999999,14991.21,14973.199999999999,14983.22,1456
2026-03-16T06:15:00+00:00,14983.22,15003.22,14974.21,14974.21,1336
2026-03-16T06:30:00+00:00,14974.21,14989.72,14969.71,14985.21,1289
2026-03-16T06:45:00+00:00,14985.21,15000.71,14977.699999999999,14992.72,1727
2026-03-16T07:00:00+00:00,14992.72,15002.22,14980.699999999999,14980.699999999999,625
2026-03-16T07:15:00+00:00,14980.699999999999,14988.22,14977.699999999999,14981.72,316
2026-03-16T07:30:00+00:00,14981.72,14984.22,14976.22,14978.71,243
2026-03-16T07:45:00+00:00,14978.71,14987.72,14976.71,14984.72,243
2026-03-16T08:00:00+00:00,14984.72,14990.72,14978.699999999999,14978.72,437
2026-03-16T08:15:00+00:00,14978.72,14981.72,14970.699999999999,14975.22,503
2026-03-16T09:00:00+00:00,14975.22,14975.22,14947.199999999999,14959.22,240
2026-03-16T09:15:00+00:00,14959.22,14961.21,14943.699999999999,14945.699999999999,438
2026-03-16T09:30:00+00:00,14945.699999999999,14946.72,14934.71,14940.21,709
2026-03-16T09:45:00+00:00,14940.21,14957.699999999999,14936.71,14955.21,664
2026-03-16T10:00:00+00:00,14955.21,14973.72,14951.71,14962.22,851
2026-03-16T10:15:00+00:00,14962.22,14990.22,14954.71,14982.71,680
2026-03-16T10:30:00+00:00,14982.71,14983.21,14965.699999999999,14968.199999999999,744
2026-03-16T10:45:00+00:00,14968.199999999999,14979.21,14962.699999999999,14974.21,450
2026-03-16T11:00:00+00:00,14974.21,14974.22,14962.72,14965.199999999999,402
2026-03-16T11:15:00+00:00,14965.199999999999,14984.21,14964.699999999999,14966.71,359
2026-03-16T11:30:00+00:00,14966.71,14982.699999999999,14963.72,14981.199999999999,314
2026-03-16T11:45:00+00:00,14981.199999999999,14982.21,14975.699999999999,14979.72,243
2026-03-16T12:00:00+00:00,14979.72,14987.699999999999,14974.21,14979.71,273
2026-03-16T12:15:00+00:00,14979.71,14983.72,14976.71,14979.71,284
2026-03-16T12:30:00+00:00,14979.71,14989.71,14978.22,14983.699999999999,473
2026-03-16T12:45:00+00:00,14983.699999999999,14990.71,14972.199999999999,14973.22,379
2026-03-16T13:00:00+00:00,14973.22,14975.72,14968.21,14971.71,291
2026-03-16T13:15:00+00:00,14971.71,14973.199999999999,14965.699999999999,14965.699999999999,266
2026-03-16T13:30:00+00:00,14965.699999999999,15000.71,14962.699999999999,15000.71,1682
2026-03-16T13:45:00+00:00,15000.71,15008.72,14988.21,14996.71,1100
2026-03-16T14:00:00+00:00,14996.71,15004.699999999999,14986.21,14993.72,1073
2026-03-16T14:15:00+00:00,14993.72,14995.72,14984.199999999999,14984.199999999999,725
2026-03-16T14:30:00+00:00,14984.199999999999,14988.699999999999,14969.699999999999,14972.71,932
2026-03-16T14:45:00+00:00,14972.71,14992.22,14969.699999999999,14991.72,1106
2026-03-16T15:00:00+00:00,14991.72,14991.72,14979.72,14989.71,941
2026-03-16T15:15:00+00:00,14989.71,14996.199999999999,14983.699999999999,14988.699999999999,704
2026-03-16T15:30:00+00:00,14988.699999999999,14993.71,14974.699999999999,14974.71,587
2026-03-16T15:45:00+00:00,14974.71,14981.72,14969.699999999999,14973.21,908
2026-03-16T16:00:00+00:00,14973.21,14975.699999999999,14963.71,14970.699999999999,781
2026-03-16T16:15:00+00:00,14970.699999999999,14975.21,14957.72,14959.699999999999,1064
2026-03-16T16:30:00+00:00,14959.699999999999,14976.72,14954.699999999999,14971.22,1051
2026-03-16T16:45:00+00:00,14971.22,14972.72,14965.699999999999,14967.72,554
2026-03-16T17:00:00+00:00,14967.72,14978.72,14966.699999999999,14974.199999999999,991
2026-03-16T17:15:00+00:00,14974.199999999999,14975.699999999999,14968.699999999999,14968.699999999999,362
2026-03-16T17:30:00+00:00,14968.699999999999,14972.699999999999,14963.199999999999,14967.699999999999,388
2026-03-16T17:45:00+00:00,14967.699999999999,14971.22,14959.72,14964.699999999999,472
2026-03-16T18:00:00+00:00,14964.699999999999,14977.72,14964.699999999999,14974.21,482
2026-03-16T18:15:00+00:00,14974.21,14982.699999999999,14973.71,14979.72,356
2026-03-16T18:30:00+00:00,14979.72,14984.699999999999,14977.699999999999,14984.699999999999,341
2026-03-16T18:45:00+00:00,14984.699999999999,14987.72,14981.21,14982.72,264
2026-03-16T19:00:00+00:00,14982.72,14997.72,14980.699999999999,14982.72,612
2026-03-16T19:15:00+00:00,14982.72,14985.72,14978.699999999999,14982.72,699
2026-03-16T19:30:00+00:00,14982.72,14983.22,14974.699999999999,14975.22,406
2026-03-16T19:45:00+00:00,14975.22,14983.21,14973.699999999999,14983.21,199
2026-03-16T20:00:00+00:00,14983.21,14983.22,14976.71,14980.199999999999,58
2026-03-16T20:15:00+00:00,14980.199999999999,14980.199999999999,14976.72,14977.72,43.30193972813925
2026-03-16T20:30:00+00:00,14977.72,14979.22,14975.699999999999,14977.199999999999,41.69536801864314
2026-03-17T01:00:00+00:00,14977.199999999999,14987.829999999998,14966.809999999998,14981.309999999998,366.9779554787119
2026-03-17T01:15:00+00:00,14981.309999999998,15031.819999999998,14980.319999999998,15028.319999999998,1901
2026-03-17T01:30:00+00:00,15028.319999999998,15087.309999999998,15015.819999999998,15086.309999999998,10626
2026-03-17T01:45:00+00:00,15086.309999999998,15160.829999999998,15077.809999999998,15153.329999999998,5530
2026-03-17T02:00:00+00:00,15153.329999999998,15227.819999999998,15152.809999999998,15215.819999999998,5033
2026-03-17T02:15:00+00:00,15215.819999999998,15221.329999999998,15175.809999999998,15189.829999999998,2935
2026-03-17T02:30:00+00:00,15189.829999999998,15202.829999999998,15161.829999999998,15172.829999999998,2892
2026-03-17T02:45:00+00:00,15172.829999999998,15175.829999999998,15153.829999999998,15154.809999999998,2243
2026-03-17T03:00:00+00:00,15154.809999999998,15159.819999999998,15119.809999999998,15122.309999999998,3078
2026-03-17T03:15:00+00:00,15122.309999999998,15137.319999999998,15113.809999999998,15125.809999999998,1698
2026-03-17T03:30:00+00:00,15125.809999999998,15140.819999999998,15123.809999999998,15129.809999999998,575
2026-03-17T03:45:00+00:00,15129.809999999998,15142.809999999998,15127.809999999998,15136.319999999998,324
2026-03-17T04:00:00+00:00,15136.319999999998,15136.819999999998,15127.819999999998,15129.829999999998,128
2026-03-17T04:15:00+00:00,15129.829999999998,15133.319999999998,15128.809999999998,15128.819999999998,109
2026-03-17T04:30:00+00:00,15128.819999999998,15137.329999999998,15128.809999999998,15135.829999999998,135
2026-03-17T04:45:00+00:00,15135.829999999998,15140.309999999998,15132.809999999998,15136.819999999998,154
2026-03-17T05:00:00+00:00,15136.819999999998,15145.329999999998,15107.829999999998,15135.829999999998,2570
2026-03-17T05:15:00+00:00,15135.829999999998,15147.809999999998,15107.329999999998,15110.829999999998,1775
2026-03-17T05:30:00+00:00,15110.829999999998,15114.829999999998,15080.829999999998,15099.819999999998,1745
2026-03-17T05:45:00+00:00,15099.819999999998,15104.819999999998,15055.809999999998,15055.819999999998,2163
2026-03-17T06:00:00+00:00,15055.819999999998,15070.819999999998,15043.829999999998,15059.829999999998,3195
2026-03-17T06:15:00+00:00,15059.829999999998,15074.829999999998,15035.829999999998,15043.819999999998,2412
2026-03-17T06:30:00+00:00,15043.819999999998,15046.319999999998,15006.309999999998,15023.819999999998,3277
2026-03-17T06:45:00+00:00,15023.819999999998,15034.829999999998,15006.809999999998,15008.829999999998,2322
2026-03-17T07:00:00+00:00,15008.829999999998,15022.329999999998,15007.809999999998,15020.809999999998,918
2026-03-17T07:15:00+00:00,15020.809999999998,15031.819999999998,15018.329999999998,15031.819999999998,188
2026-03-17T07:30:00+00:00,15031.819999999998,15034.819999999998,15028.319999999998,15031.809999999998,124
2026-03-17T07:45:00+00:00,15031.809999999998,15036.829999999998,15026.809999999998,15034.319999999998,176
2026-03-17T08:00:00+00:00,15034.319999999998,15037.329999999998,15021.809999999998,15026.329999999998,645
2026-03-17T08:15:00+00:00,15026.329999999998,15041.819999999998,15024.809999999998,15041.819999999998,398
2026-03-17T09:00:00+00:00,15041.819999999998,15042.319999999998,15019.809999999998,15020.819999999998,332
2026-03-17T09:15:00+00:00,15020.819999999998,15061.829999999998,15017.809999999998,15056.809999999998,696
2026-03-17T09:30:00+00:00,15056.809999999998,15056.809999999998,15046.309999999998,15051.829999999998,638
2026-03-17T09:45:00+00:00,15051.829999999998,15064.829999999998,15048.829999999998,15064.819999999998,325
2026-03-17T10:00:00+00:00,15064.819999999998,15064.829999999998,15048.809999999998,15050.819999999998,353
2026-03-17T10:15:00+00:00,15050.819999999998,15051.829999999998,15045.809999999998,15047.829999999998,272
2026-03-17T10:30:00+00:00,15047.829999999998,15051.829999999998,15045.819999999998,15050.829999999998,255
2026-03-17T10:45:00+00:00,15050.829999999998,15055.829999999998,15047.809999999998,15054.819999999998,210
2026-03-17T11:00:00+00:00,15054.819999999998,15064.829999999998,15053.809999999998,15061.329999999998,262
2026-03-17T11:15:00+00:00,15061.329999999998,15067.829999999998,15059.809999999998,15064.829999999998,215
2026-03-17T11:30:00+00:00,15064.829999999998,15070.829999999998,15061.809999999998,15068.809999999998,185
2026-03-17T11:45:00+00:00,15068.809999999998,15070.829999999998,15064.819999999998,15066.829999999998,220
2026-03-17T12:00:00+00:00,15066.829999999998,15079.829999999998,15064.809999999998,15077.329999999998,252
2026-03-17T12:15:00+00:00,15077.329999999998,15077.829999999998,15069.809999999998,15076.819999999998,243
2026-03-17T12:30:00+00:00,15076.819999999998,15083.829999999998,15075.329999999998,15078.819999999998,335
2026-03-17T12:45:00+00:00,15078.819999999998,15082.809999999998,15075.809999999998,15078.809999999998,221
2026-03-17T13:00:00+00:00,15078.809999999998,15086.829999999998,15077.809999999998,15085.809999999998,299
2026-03-17T13:15:00+00:00,15085.809999999998,15095.829999999998,15083.809999999998,15087.819999999998,378
2026-03-17T13:30:00+00:00,15087.819999999998,15098.829999999998,15080.809999999998,15090.809999999998,1535
2026-03-17T13:45:00+00:00,15090.809999999998,15095.829999999998,15081.819999999998,15085.819999999998,909
2026-03-17T14:00:00+00:00,15085.819999999998,15093.829999999998,15078.809999999998,15085.309999999998,855
2026-03-17T14:15:00+00:00,15085.309999999998,15085.309999999998,15071.809999999998,15074.829999999998,996
2026-03-17T14:30:00+00:00,15074.829999999998,15089.809999999998,15071.819999999998,15086.319999999998,822
2026-03-17T14:45:00+00:00,15086.319999999998,15090.829999999998,15079.809999999998,15084.809999999998,636
2026-03-17T15:00:00+00:00,15084.809999999998,15085.829999999998,15066.809999999998,15068.309999999998,894
2026-03-17T15:15:00+00:00,15068.309999999998,15073.829999999998,15061.809999999998,15064.829999999998,1186
2026-03-17T15:30:00+00:00,15064.829999999998,15068.829999999998,15053.809999999998,15057.819999999998,1207
2026-03-17T15:45:00+00:00,15057.819999999998,15072.829999999998,15057.809999999998,15070.329999999998,748
2026-03-17T16:00:00+00:00,15070.329999999998,15070.829999999998,15057.809999999998,15064.819999999998,1061
2026-03-17T16:15:00+00:00,15064.819999999998,15071.329999999998,15060.819999999998,15067.809999999998,648
2026-03-17T16:30:00+00:00,15067.809999999998,15068.829999999998,15054.309999999998,15066.829999999998,779
2026-03-17T16:45:00+00:00,15066.829999999998,15067.829999999998,15062.809999999998,15063.809999999998,536
2026-03-17T17:00:00+00:00,15063.809999999998,15071.329999999998,15063.809999999998,15068.819999999998,432
2026-03-17T17:15:00+00:00,15068.819999999998,15069.829999999998,15064.819999999998,15067.819999999998,327
2026-03-17T17:30:00+00:00,15067.819999999998,15069.829999999998,15062.819999999998,15063.829999999998,344
2026-03-17T17:45:00+00:00,15063.829999999998,15069.819999999998,15059.819999999998,15067.829999999998,327
2026-03-17T18:00:00+00:00,15067.829999999998,15072.829999999998,15066.809999999998,15071.309999999998,233
2026-03-17T18:15:00+00:00,15071.309999999998,15071.819999999998,15058.319999999998,15058.809999999998,466
2026-03-17T18:30:00+00:00,15058.809999999998,15061.829999999998,15057.809999999998,15058.809999999998,360
2026-03-17T18:45:00+00:00,15058.809999999998,15064.319999999998,15056.309999999998,15057.829999999998,292
2026-03-17T19:00:00+00:00,15057.829999999998,15059.319999999998,15053.809999999998,15057.329999999998,112
2026-03-17T19:15:00+00:00,15057.329999999998,15058.819999999998,15052.809999999998,15052.819999999998,119
2026-03-17T19:30:00+00:00,15052.819999999998,15054.319999999998,15049.829999999998,15054.319999999998,110
2026-03-17T19:45:00+00:00,15054.319999999998,15059.329999999998,15050.809999999998,15059.329999999998,204
2026-03-17T20:00:00+00:00,15059.329999999998,15063.309999999998,15057.329999999998,15061.319999999998,46.46264649509122
2026-03-17T20:15:00+00:00,15061.319999999998,15063.819999999998,15060.819999999998,15061.319999999998,32.91617169924582
2026-03-17T20:30:00+00:00,15061.319999999998,15061.329999999998,15057.809999999998,15061.329999999998,33.14901387874361
2026-03-18T01:00:00+00:00,15061.329999999998,15061.329999999998,15040.999999999998,15053.489999999998,288.95808580858085
2026-03-18T01:15:00+00:00,15053.489999999998,15057.509999999998,15037.489999999998,15042.499999999998,904
2026-03-18T01:30:00+00:00,15042.499999999998,15048.009999999998,14977.499999999998,14996.999999999998,8930
2026-03-18T01:45:00+00:00,14996.999999999998,15021.009999999998,14961.499999999998,14968.999999999998,5496
2026-03-18T02:00:00+00:00,14968.999999999998,14991.009999999998,14942.509999999998,14958.499999999998,4122
2026-03-18T02:15:00+00:00,14958.499999999998,14987.509999999998,14942.499999999998,14968.509999999998,4298
2026-03-18T02:30:00+00:00,14968.509999999998,14990.509999999998,14949.509999999998,14953.509999999998,2918
2026-03-18T02:45:00+00:00,14953.509999999998,14969.489999999998,14917.489999999998,14943.499999999998,2781
2026-03-18T03:00:00+00:00,14943.499999999998,14956.999999999998,14931.999999999998,14951.999999999998,2706
2026-03-18T03:15:00+00:00,14951.999999999998,14968.009999999998,14945.989999999998,14955.489999999998,2676
2026-03-18T03:30:00+00:00,14955.489999999998,14956.499999999998,14946.989999999998,14955.509999999998,404
2026-03-18T03:45:00+00:00,14955.509999999998,14962.009999999998,14954.489999999998,14960.009999999998,195
2026-03-18T04:00:00+00:00,14960.009999999998,14963.989999999998,14958.489999999998,14958.989999999998,165
2026-03-18T04:15:00+00:00,14958.989999999998,14958.989999999998,14949.489999999998,14951.499999999998,133
2026-03-18T04:30:00+00:00,14951.499999999998,14953.509999999998,14948.499999999998,14950.499999999998,177
2026-03-18T04:45:00+00:00,14950.499999999998,14951.499999999998,14938.989999999998,14943.489999999998,188
2026-03-18T05:00:00+00:00,14943.489999999998,14963.989999999998,14886.509999999998,14894.989999999998,4072
2026-03-18T05:15:00+00:00,14894.989999999998,14944.499999999998,14893.009999999998,14913.009999999998,3596
2026-03-18T05:30:00+00:00,14913.009999999998,14956.009999999998,14910.489999999998,14954.999999999998,2988
2026-03-18T05:45:00+00:00,14954.999999999998,14959.009999999998,14927.989999999998,14938.509999999998,2343
2026-03-18T06:00:00+00:00,14938.509999999998,14974.499999999998,14934.489999999998,14965.499999999998,2469
2026-03-18T06:15:00+00:00,14965.499999999998,15000.009999999998,14962.489999999998,14997.509999999998,2075
2026-03-18T06:30:00+00:00,14997.509999999998,15012.009999999998,14984.009999999998,15005.499999999998,2577
2026-03-18T06:45:00+00:00,15005.499999999998,15023.489999999998,14995.499999999998,14996.009999999998,2092
2026-03-18T07:00:00+00:00,14996.009999999998,15007.509999999998,14987.509999999998,14997.009999999998,835
2026-03-18T07:15:00+00:00,14997.009999999998,14997.509999999998,14988.489999999998,14996.499999999998,386
2026-03-18T07:30:00+00:00,14996.499999999998,14996.499999999998,14987.489999999998,14992.509999999998,313
2026-03-18T07:45:00+00:00,14992.509999999998,14993.009999999998,14983.489999999998,14988.499999999998,545
2026-03-18T08:00:00+00:00,14988.499999999998,14990.509999999998,14975.489999999998,14985.989999999998,598
2026-03-18T08:15:00+00:00,14985.989999999998,14988.009999999998,14978.489999999998,14983.009999999998,482
2026-03-18T09:00:00+00:00,14983.009999999998,14983.009999999998,14971.019999999999,14971.019999999999,145
2026-03-18T09:15:00+00:00,14971.019999999999,14983.019999999999,14965.009999999998,14970.499999999998,278
2026-03-18T09:30:00+00:00,14970.499999999998,14977.019999999999,14970.499999999998,14974.019999999999,196
2026-03-18T09:45:00+00:00,14974.019999999999,14983.009999999998,14974.019999999999,14977.019999999999,218
2026-03-18T10:00:00+00:00,14977.019999999999,14979.009999999998,14973.999999999998,14976.009999999998,127
2026-03-18T10:15:00+00:00,14976.009999999998,14977.019999999999,14968.999999999998,14968.999999999998,158
2026-03-18T10:30:00+00:00,14968.999999999998,14970.019999999999,14960.999999999998,14962.009999999998,159
2026-03-18T10:45:00+00:00,14962.009999999998,14964.019999999999,14958.999999999998,14959.999999999998,162
2026-03-18T11:00:00+00:00,14959.999999999998,14963.019999999999,14957.019999999999,14961.019999999999,192
2026-03-18T11:15:00+00:00,14961.019999999999,14963.999999999998,14937.499999999998,14939.019999999999,552
2026-03-18T11:30:00+00:00,14939.019999999999,14955.519999999999,14936.999999999998,14953.009999999998,545
2026-03-18T11:45:00+00:00,14953.009999999998,14953.519999999999,14943.999999999998,14943.999999999998,500
2026-03-18T12:00:00+00:00,14943.999999999998,14947.019999999999,14922.999999999998,14928.519999999999,656
2026-03-18T12:15:00+00:00,14928.519999999999,14929.019999999999,14905.999999999998,14907.999999999998,748
2026-03-18T12:30:00+00:00,14907.999999999998,14908.499999999998,14881.999999999998,14888.009999999998,1477
2026-03-18T12:45:00+00:00,14888.009999999998,14892.509999999998,14879.009999999998,14886.499999999998,1388
2026-03-18T13:00:00+00:00,14886.499999999998,14893.019999999999,14882.019999999999,14884.009999999998,1001
2026-03-18T13:15:00+00:00,14884.009999999998,14904.999999999998,14878.019999999999,14904.009999999998,557
2026-03-18T13:30:00+00:00,14904.009999999998,14913.019999999999,14897.019999999999,14905.009999999998,2192
2026-03-18T13:45:00+00:00,14905.009999999998,14915.009999999998,14902.999999999998,14914.519999999999,1714
2026-03-18T14:00:00+00:00,14914.519999999999,14922.519999999999,14895.999999999998,14896.019999999999,1633
2026-03-18T14:15:00+00:00,14896.019999999999,14904.019999999999,14871.009999999998,14876.519999999999,1249
2026-03-18T14:30:00+00:00,14876.519999999999,14885.999999999998,14870.509999999998,14871.019999999999,1551
2026-03-18T14:45:00+00:00,14871.019999999999,14886.009999999998,14861.509999999998,14886.009999999998,1282
2026-03-18T15:00:00+00:00,14886.009999999998,14892.019999999999,14880.999999999998,14884.009999999998,1181
2026-03-18T15:15:00+00:00,14884.009999999998,14887.019999999999,14870.999999999998,14884.019999999999,1031
2026-03-18T15:30:00+00:00,14884.019999999999,14892.019999999999,14880.999999999998,14885.009999999998,746
2026-03-18T15:45:00+00:00,14885.009999999998,14891.019999999999,14880.999999999998,14887.009999999998,672
2026-03-18T16:00:00+00:00,14887.009999999998,14892.019999999999,14875.999999999998,14890.499999999998,620
2026-03-18T16:15:00+00:00,14890.499999999998,14893.019999999999,14884.999999999998,14890.019999999999,706
2026-03-18T16:30:00+00:00,14890.019999999999,14891.009999999998,14873.999999999998,14884.009999999998,849
2026-03-18T16:45:00+00:00,14884.009999999998,14892.019999999999,14880.999999999998,14885.999999999998,565
2026-03-18T17:00:00+00:00,14885.999999999998,14887.019999999999,14876.499999999998,14880.019999999999,651
2026-03-18T17:15:00+00:00,14880.019999999999,14888.019999999999,14878.519999999999,14883.019999999999,573
2026-03-18T17:30:00+00:00,14883.019999999999,14886.019999999999,14878.499999999998,14882.499999999998,414
2026-03-18T17:45:00+00:00,14882.499999999998,14893.009999999998,14879.999999999998,14882.019999999999,343
2026-03-18T18:00:00+00:00,14882.019999999999,14889.019999999999,14879.519999999999,14881.999999999998,1254
2026-03-18T18:15:00+00:00,14881.999999999998,14881.999999999998,14854.999999999998,14864.519999999999,1185
2026-03-18T18:30:00+00:00,14864.519999999999,14870.009999999998,14844.999999999998,14854.019999999999,1815
2026-03-18T18:45:00+00:00,14854.019999999999,14855.019999999999,14832.009999999998,14834.009999999998,796
2026-03-18T19:00:00+00:00,14834.009999999998,14850.509999999998,14832.999999999998,14849.019999999999,691
2026-03-18T19:15:00+00:00,14849.019999999999,14850.509999999998,14824.999999999998,14827.009999999998,357
2026-03-18T19:30:00+00:00,14827.009999999998,14832.009999999998,14824.499999999998,14827.509999999998,429
2026-03-18T19:45:00+00:00,14827.509999999998,14836.519999999999,14824.999999999998,14831.499999999998,458
2026-03-18T20:00:00+00:00,14831.499999999998,14832.019999999999,14821.519999999999,14821.999999999998,89
2026-03-18T20:15:00+00:00,14821.999999999998,14821.999999999998,14815.499999999998,14818.999999999998,125
2026-03-18T20:30:00+00:00,14818.999999999998,14822.009999999998,14818.019999999999,14822.009999999998,64.14657980456026
2026-03-19T01:00:00+00:00,14822.009999999998,14857.189999999999,14820.009999999998,14838.189999999999,601.372170439414
2026-03-19T01:15:00+00:00,14838.189999999999,14870.699999999999,14825.179999999998,14864.189999999999,2349
2026-03-19T01:30:00+00:00,14864.189999999999,14949.179999999998,14856.679999999998,14946.179999999998,12814
2026-03-19T01:45:00+00:00,14946.179999999998,14995.199999999999,14926.679999999998,14929.179999999998,7895
2026-03-19T02:00:00+00:00,14929.179999999998,14963.199999999999,14905.679999999998,14913.689999999999,6323
2026-03-19T02:15:00+00:00,14913.689999999999,14957.179999999998,14897.189999999999,14946.199999999999,5599
2026-03-19T02:30:00+00:00,14946.199999999999,14962.699999999999,14919.199999999999,14927.199999999999,5251
2026-03-19T02:45:00+00:00,14927.199999999999,14931.199999999999,14889.189999999999,14895.189999999999,2893
2026-03-19T03:00:00+00:00,14895.189999999999,14922.199999999999,14893.679999999998,14913.179999999998,2764
2026-03-19T03:15:00+00:00,14913.179999999998,14934.199999999999,14888.179999999998,14930.689999999999,3006
2026-03-19T03:30:00+00:00,14930.689999999999,14931.189999999999,14909.679999999998,14919.179999999998,910
2026-03-19T03:45:00+00:00,14919.179999999998,14923.199999999999,14913.179999999998,14914.179999999998,561
2026-03-19T04:00:00+00:00,14914.179999999998,14915.199999999999,14907.199999999999,14910.179999999998,168
2026-03-19T04:15:00+00:00,14910.179999999998,14911.199999999999,14907.179999999998,14908.679999999998,102
2026-03-19T04:30:00+00:00,14908.679999999998,14909.699999999999,14904.179999999998,14905.179999999998,86
2026-03-19T04:45:00+00:00,14905.179999999998,14910.199999999999,14902.179999999998,14909.199999999999,151
2026-03-19T05:00:00+00:00,14909.199999999999,14920.199999999999,14883.689999999999,14885.689999999999,3990
2026-03-19T05:15:00+00:00,14885.689999999999,14910.199999999999,14873.189999999999,14881.679999999998,3044
2026-03-19T05:30:00+00:00,14881.679999999998,14892.699999999999,14844.199999999999,14849.179999999998,3241
2026-03-19T05:45:00+00:00,14849.179999999998,14909.199999999999,14834.179999999998,14893.199999999999,3754
2026-03-19T06:00:00+00:00,14893.199999999999,14927.199999999999,14881.179999999998,14894.179999999998,4016
2026-03-19T06:15:00+00:00,14894.179999999998,14908.699999999999,14859.179999999998,14863.189999999999,2787
2026-03-19T06:30:00+00:00,14863.189999999999,14873.199999999999,14828.699999999999,14830.699999999999,3541
2026-03-19T06:45:00+00:00,14830.699999999999,14857.679999999998,14823.699999999999,14847.179999999998,4083
2026-03-19T07:00:00+00:00,14847.179999999998,14853.179999999998,14833.179999999998,14839.189999999999,1239
2026-03-19T07:15:00+00:00,14839.189999999999,14852.199999999999,14835.179999999998,14838.189999999999,1025
2026-03-19T07:30:00+00:00,14838.189999999999,14840.689999999999,14829.179999999998,14830.689999999999,588
2026-03-19T07:45:00+00:00,14830.689999999999,14844.199999999999,14830.689999999999,14843.199999999999,509
2026-03-19T08:00:00+00:00,14843.199999999999,14851.189999999999,14835.189999999999,14849.199999999999,1346
2026-03-19T08:15:00+00:00,14849.199999999999,14857.199999999999,14836.679999999998,14842.179999999998,1068
2026-03-19T09:00:00+00:00,14842.179999999998,14842.179999999998,14811.189999999999,14816.699999999999,451
2026-03-19T09:15:00+00:00,14816.699999999999,14847.689999999999,14808.189999999999,14825.179999999998,763
2026-03-19T09:30:00+00:00,14825.179999999998,14841.199999999999,14819.699999999999,14835.689999999999,628
2026-03-19T09:45:00+00:00,14835.689999999999,14868.699999999999,14834.179999999998,14862.179999999998,580
2026-03-19T10:00:00+00:00,14862.179999999998,14862.179999999998,14839.189999999999,14839.189999999999,357
2026-03-19T10:15:00+00:00,14839.189999999999,14843.199999999999,14833.689999999999,14838.179999999998,559
2026-03-19T10:30:00+00:00,14838.179999999998,14840.179999999998,14829.189999999999,14836.189999999999,487
2026-03-19T10:45:00+00:00,14836.189999999999,14842.199999999999,14828.179999999998,14834.699999999999,566
2026-03-19T11:00:00+00:00,14834.699999999999,14842.199999999999,14822.189999999999,14830.199999999999,810
2026-03-19T11:15:00+00:00,14830.199999999999,14831.199999999999,14814.179999999998,14819.199999999999,715
2026-03-19T11:30:00+00:00,14819.199999999999,14825.199999999999,14810.189999999999,14812.699999999999,651
2026-03-19T11:45:00+00:00,14812.699999999999,14825.189999999999,14811.199999999999,14818.199999999999,590
2026-03-19T12:00:00+00:00,14818.199999999999,14824.189999999999,14798.189999999999,14812.189999999999,1339
2026-03-19T12:15:00+00:00,14812.189999999999,14819.189999999999,14793.679999999998,14796.699999999999,679
2026-03-19T12:30:00+00:00,14796.699999999999,14804.699999999999,14790.179999999998,14799.199999999999,1534
2026-03-19T12:45:00+00:00,14799.199999999999,14801.199999999999,14784.199999999999,14790.189999999999,1098
2026-03-19T13:00:00+00:00,14790.189999999999,14795.699999999999,14781.179999999998,14783.199999999999,824
2026-03-19T13:15:00+00:00,14783.199999999999,14800.199999999999,14780.189999999999,14791.189999999999,1932
2026-03-19T13:30:00+00:00,14791.189999999999,14817.199999999999,14790.679999999998,14811.179999999998,4419
2026-03-19T13:45:00+00:00,14811.179999999998,14848.699999999999,14804.179999999998,14840.699999999999,2319
2026-03-19T14:00:00+00:00,14840.699999999999,14858.199999999999,14838.179999999998,14845.179999999998,2008
2026-03-19T14:15:00+00:00,14845.179999999998,14849.189999999999,14827.189999999999,14831.199999999999,1716
2026-03-19T14:30:00+00:00,14831.199999999999,14852.199999999999,14830.179999999998,14842.179999999998,1751
2026-03-19T14:45:00+00:00,14842.179999999998,14853.199999999999,14834.179999999998,14834.179999999998,1372
2026-03-19T15:00:00+00:00,14834.179999999998,14854.199999999999,14830.689999999999,14844.689999999999,1285
2026-03-19T15:15:00+00:00,14844.689999999999,14849.199999999999,14822.179999999998,14826.199999999999,1351
2026-03-19T15:30:00+00:00,14826.199999999999,14826.199999999999,14810.189999999999,14815.179999999998,1398
2026-03-19T15:45:00+00:00,14815.179999999998,14833.199999999999,14812.179999999998,14828.199999999999,2038
2026-03-19T16:00:00+00:00,14828.199999999999,14844.699999999999,14824.179999999998,14834.199999999999,1544
2026-03-19T16:15:00+00:00,14834.199999999999,14837.189999999999,14824.179999999998,14830.199999999999,1203
2026-03-19T16:30:00+00:00,14830.199999999999,14837.679999999998,14814.179999999998,14828.189999999999,1220
2026-03-19T16:45:00+00:00,14828.189999999999,14829.199999999999,14808.179999999998,14821.189999999999,830
2026-03-19T17:00:00+00:00,14821.189999999999,14823.699999999999,14798.179999999998,14799.699999999999,776
2026-03-19T17:15:00+00:00,14799.699999999999,14829.699999999999,14797.689999999999,14819.179999999998,935
2026-03-19T17:30:00+00:00,14819.179999999998,14822.199999999999,14804.179999999998,14810.679999999998,779
2026-03-19T17:45:00+00:00,14810.679999999998,14824.199999999999,14807.189999999999,14814.179999999998,587
2026-03-19T18:00:00+00:00,14814.179999999998,14823.199999999999,14806.179999999998,14820.179999999998,636
2026-03-19T18:15:00+00:00,14820.179999999998,14823.199999999999,14810.179999999998,14816.699999999999,657
2026-03-19T18:30:00+00:00,14816.699999999999,14820.199999999999,14800.179999999998,14802.199999999999,504
2026-03-19T18:45:00+00:00,14802.199999999999,14820.199999999999,14799.189999999999,14818.189999999999,489
2026-03-19T19:00:00+00:00,14818.189999999999,14884.189999999999,14817.179999999998,14883.689999999999,2664
2026-03-19T19:15:00+00:00,14883.689999999999,14886.199999999999,14845.689999999999,14850.199999999999,1659
2026-03-19T19:30:00+00:00,14850.199999999999,14853.189999999999,14839.189999999999,14847.699999999999,1105
2026-03-19T19:45:00+00:00,14847.699999999999,14858.699999999999,14841.179999999998,14857.689999999999,662
2026-03-19T20:00:00+00:00,14857.689999999999,14857.689999999999,14847.179999999998,14849.679999999998,99
2026-03-19T20:15:00+00:00,14849.679999999998,14852.199999999999,14848.679999999998,14848.679999999998,59.31428571428572
2026-03-19T20:30:00+00:00,14848.679999999998,14848.689999999999,14841.679999999998,14846.699999999999,51
2026-03-20T01:00:00+00:00,14846.699999999999,14858.439999999999,14838.439999999999,14843.439999999999,424.1458060618266
2026-03-20T01:15:00+00:00,14843.439999999999,14852.449999999999,14798.429999999998,14838.449999999999,1762
2026-03-20T01:30:00+00:00,14838.449999999999,15014.939999999999,14818.429999999998,14984.949999999999,10628
2026-03-20T01:45:00+00:00,14984.949999999999,15016.949999999999,14933.439999999999,14969.429999999998,5932
2026-03-20T02:00:00+00:00,14969.429999999998,14994.439999999999,14953.449999999999,14965.449999999999,7007
2026-03-20T02:15:00+00:00,14965.449999999999,14977.449999999999,14933.429999999998,14941.429999999998,5050
2026-03-20T02:30:00+00:00,14941.429999999998,14981.429999999998,14926.929999999998,14956.929999999998,4970
2026-03-20T02:45:00+00:00,14956.929999999998,14983.439999999999,14934.429999999998,14934.449999999999,4267
2026-03-20T03:00:00+00:00,14934.449999999999,14992.429999999998,14912.949999999999,14991.449999999999,4693
2026-03-20T03:15:00+00:00,14991.449999999999,15009.449999999999,14985.429999999998,15007.449999999999,4354
2026-03-20T03:30:00+00:00,15007.449999999999,15012.439999999999,14988.449999999999,14990.439999999999,889
2026-03-20T03:45:00+00:00,14990.439999999999,15003.449999999999,14989.429999999998,15001.929999999998,450
2026-03-20T04:00:00+00:00,15001.929999999998,15003.449999999999,14993.939999999999,14994.439999999999,108.1452576549664
2026-03-20T04:15:00+00:00,14994.439999999999,14998.449999999999,14992.439999999999,14995.949999999999,131
2026-03-20T04:30:00+00:00,14995.949999999999,14999.929999999998,14994.449999999999,14994.949999999999,102.33427833427834
2026-03-20T04:45:00+00:00,14994.949999999999,15000.449999999999,14994.429999999998,14994.439999999999,163
2026-03-20T05:00:00+00:00,14994.439999999999,14997.449999999999,14947.429999999998,14947.949999999999,4315
2026-03-20T05:15:00+00:00,14947.949999999999,14953.449999999999,14915.429999999998,14924.429999999998,3287
2026-03-20T05:30:00+00:00,14924.429999999998,14935.449999999999,14908.439999999999,14924.429999999998,2422
2026-03-20T05:45:00+00:00,14924.429999999998,14928.939999999999,14895.949999999999,14897.429999999998,2025
2026-03-20T06:00:00+00:00,14897.429999999998,14928.939999999999,14890.429999999998,14892.439999999999,1910
2026-03-20T06:15:00+00:00,14892.439999999999,14893.449999999999,14865.429999999998,14868.449999999999,1487
2026-03-20T06:30:00+00:00,14868.449999999999,14877.449999999999,14842.429999999998,14843.939999999999,1556
2026-03-20T06:45:00+00:00,14843.939999999999,14850.929999999998,14814.429999999998,14828.939999999999,2133
2026-03-20T07:00:00+00:00,14828.939999999999,14828.939999999999,14785.429999999998,14816.439999999999,1566
2026-03-20T07:15:00+00:00,14816.439999999999,14840.949999999999,14816.439999999999,14834.449999999999,672
2026-03-20T07:30:00+00:00,14834.449999999999,14841.449999999999,14832.429999999998,14841.429999999998,543
2026-03-20T07:45:00+00:00,14841.429999999998,14844.429999999998,14834.429999999998,14840.429999999998,557
2026-03-20T08:00:00+00:00,14840.429999999998,14844.449999999999,14829.429999999998,14840.429999999998,649
2026-03-20T08:15:00+00:00,14840.429999999998,14841.429999999998,14829.429999999998,14833.429999999998,255
2026-03-20T09:00:00+00:00,14833.429999999998,14833.429999999998,14806.929999999998,14812.429999999998,508
2026-03-20T09:15:00+00:00,14812.429999999998,14818.439999999999,14787.929999999998,14805.439999999999,1145
2026-03-20T09:30:00+00:00,14805.439999999999,14825.449999999999,14803.429999999998,14823.439999999999,852
2026-03-20T09:45:00+00:00,14823.439999999999,14826.429999999998,14807.429999999998,14818.439999999999,1192
2026-03-20T10:00:00+00:00,14818.439999999999,14821.439999999999,14787.429999999998,14792.449999999999,979
2026-03-20T10:15:00+00:00,14792.449999999999,14797.439999999999,14783.439999999999,14787.429999999998,750
2026-03-20T10:30:00+00:00,14787.429999999998,14806.449999999999,14786.449999999999,14803.929999999998,512
2026-03-20T10:45:00+00:00,14803.929999999998,14804.949999999999,14794.429999999998,14800.929999999998,698
2026-03-20T11:00:00+00:00,14800.929999999998,14819.449999999999,14799.429999999998,14812.439999999999,641
2026-03-20T11:15:00+00:00,14812.439999999999,14816.449999999999,14792.429999999998,14801.449999999999,628
2026-03-20T11:30:00+00:00,14801.449999999999,14808.449999999999,14795.429999999998,14803.429999999998,710
2026-03-20T11:45:00+00:00,14803.429999999998,14807.449999999999,14794.939999999999,14805.929999999998,459
2026-03-20T12:00:00+00:00,14805.929999999998,14818.939999999999,14798.949999999999,14809.429999999998,810
2026-03-20T12:15:00+00:00,14809.429999999998,14809.429999999998,14801.439999999999,14804.429999999998,472
2026-03-20T12:30:00+00:00,14804.429999999998,14804.449999999999,14785.429999999998,14791.949999999999,680
2026-03-20T12:45:00+00:00,14791.949999999999,14803.449999999999,14791.949999999999,14799.439999999999,573
2026-03-20T13:00:00+00:00,14799.439999999999,14800.949999999999,14772.429999999998,14775.439999999999,555
2026-03-20T13:15:00+00:00,14775.439999999999,14780.929999999998,14769.939999999999,14779.449999999999,517
2026-03-20T13:30:00+00:00,14779.449999999999,14793.449999999999,14763.429999999998,14792.439999999999,2735
2026-03-20T13:45:00+00:00,14792.439999999999,14797.449999999999,14760.429999999998,14764.449999999999,1925
2026-03-20T14:00:00+00:00,14764.449999999999,14774.929999999998,14743.429999999998,14749.429999999998,2056
2026-03-20T14:15:00+00:00,14749.429999999998,14759.429999999998,14738.429999999998,14738.929999999998,1920
2026-03-20T14:30:00+00:00,14738.929999999998,14763.449999999999,14738.429999999998,14746.949999999999,1687
2026-03-20T14:45:00+00:00,14746.949999999999,14754.439999999999,14733.439999999999,14745.449999999999,1397
2026-03-20T15:00:00+00:00,14745.449999999999,14763.929999999998,14742.439999999999,14763.429999999998,1545
2026-03-20T15:15:00+00:00,14763.429999999998,14772.439999999999,14736.429999999998,14740.429999999998,1924
2026-03-20T15:30:00+00:00,14740.429999999998,14753.449999999999,14739.429999999998,14748.939999999999,1363
2026-03-20T15:45:00+00:00,14748.939999999999,14750.449999999999,14734.429999999998,14739.429999999998,1050
2026-03-20T16:00:00+00:00,14739.429999999998,14751.449999999999,14737.429999999998,14746.449999999999,1013
2026-03-20T16:15:00+00:00,14746.449999999999,14757.439999999999,14744.429999999998,14745.429999999998,1087
2026-03-20T16:30:00+00:00,14745.429999999998,14745.929999999998,14734.429999999998,14735.429999999998,1087
2026-03-20T16:45:00+00:00,14735.429999999998,14739.439999999999,14717.429999999998,14733.939999999999,904
2026-03-20T17:00:00+00:00,14733.939999999999,14738.429999999998,14715.439999999999,14727.429999999998,1716
2026-03-20T17:15:00+00:00,14727.429999999998,14730.449999999999,14718.429999999998,14720.439999999999,878
2026-03-20T17:30:00+00:00,14720.439999999999,14722.449999999999,14705.939999999999,14716.449999999999,875
2026-03-20T17:45:00+00:00,14716.449999999999,14728.449999999999,14714.429999999998,14724.429999999998,725
2026-03-20T18:00:00+00:00,14724.429999999998,14727.449999999999,14709.429999999998,14711.949999999999,648
2026-03-20T18:15:00+00:00,14711.949999999999,14713.449999999999,14686.429999999998,14699.439999999999,1364
2026-03-20T18:30:00+00:00,14699.439999999999,14702.449999999999,14689.429999999998,14690.439999999999,871
2026-03-20T18:45:00+00:00,14690.439999999999,14691.439999999999,14675.429999999998,14682.429999999998,730
2026-03-20T19:00:00+00:00,14682.429999999998,14689.429999999998,14676.929999999998,14686.429999999998,679
2026-03-20T19:15:00+00:00,14686.429999999998,14691.439999999999,14679.429999999998,14685.449999999999,573
2026-03-20T19:30:00+00:00,14685.449999999999,14695.449999999999,14677.429999999998,14693.429999999998,443
2026-03-20T19:45:00+00:00,14693.429999999998,14704.429999999998,14684.429999999998,14692.429999999998,612
2026-03-20T20:00:00+00:00,14692.429999999998,14701.439999999999,14691.929999999998,14695.939999999999,129
2026-03-20T20:15:00+00:00,14695.939999999999,14697.439999999999,14692.929999999998,14692.929999999998,57
2026-03-20T20:30:00+00:00,14692.929999999998,14694.949999999999,14692.429999999998,14694.949999999999,43
2026-03-23T01:00:00+00:00,14694.949999999999,14718.98,14657.97,14710.489999999998,2177.143667053215
2026-03-23T01:15:00+00:00,14710.489999999998,14724.989999999998,14685.47,14706.97,3153
2026-03-23T01:30:00+00:00,14706.97,14718.989999999998,14520.48,14604.989999999998,18237
2026-03-23T01:45:00+00:00,14604.989999999998,14653.989999999998,14585.989999999998,14622.98,12506
2026-03-23T02:00:00+00:00,14622.98,14652.989999999998,14588.97,14595.48,9726
2026-03-23T02:15:00+00:00,14595.48,14654.98,14593.47,14611.97,6608
2026-03-23T02:30:00+00:00,14611.97,14617.989999999998,14541.97,14571.989999999998,5476
2026-03-23T02:45:00+00:00,14571.989999999998,14576.48,14525.97,14567.97,5913
2026-03-23T03:00:00+00:00,14567.97,14613.489999999998,14535.47,14549.98,5567
2026-03-23T03:15:00+00:00,14549.98,14566.489999999998,14522.98,14526.47,5615
2026-03-23T03:30:00+00:00,14526.47,14536.47,14517.98,14519.97,1391
2026-03-23T03:45:00+00:00,14519.97,14524.989999999998,14508.98,14516.97,991
2026-03-23T04:00:00+00:00,14516.97,14519.989999999998,14509.97,14514.989999999998,470
2026-03-23T04:15:00+00:00,14514.989999999998,14526.489999999998,14513.48,14521.97,358
2026-03-23T04:30:00+00:00,14521.97,14529.989999999998,14520.98,14524.48,335
2026-03-23T04:45:00+00:00,14524.48,14527.989999999998,14514.97,14525.489999999998,440
2026-03-23T05:00:00+00:00,14525.489999999998,14588.989999999998,14515.98,14562.98,6786
2026-03-23T05:15:00+00:00,14562.98,14565.489999999998,14480.97,14484.47,4890
2026-03-23T05:30:00+00:00,14484.47,14516.489999999998,14425.97,14427.98,6898
2026-03-23T05:45:00+00:00,14427.98,14477.98,14420.98,14434.989999999998,5947
2026-03-23T06:00:00+00:00,14434.989999999998,14439.489999999998,14354.97,14374.98,6633
2026-03-23T06:15:00+00:00,14374.98,14421.98,14340.97,14382.97,9180
2026-03-23T06:30:00+00:00,14382.97,14401.47,14315.489999999998,14353.47,7486
2026-03-23T06:45:00+00:00,14353.47,14394.98,14322.97,14370.48,6398
2026-03-23T07:00:00+00:00,14370.48,14382.989999999998,14337.489999999998,14377.989999999998,2801
2026-03-23T07:15:00+00:00,14377.989999999998,14380.989999999998,14359.97,14369.989999999998,2109
2026-03-23T07:30:00+00:00,14369.989999999998,14409.489999999998,14369.489999999998,14408.489999999998,907
2026-03-23T07:45:00+00:00,14408.489999999998,14423.989999999998,14407.47,14417.98,687
2026-03-23T08:00:00+00:00,14417.98,14431.98,14406.97,14425.989999999998,1800
2026-03-23T08:15:00+00:00,14425.989999999998,14434.989999999998,14411.98,14415.47,1218
2026-03-23T09:00:00+00:00,14415.47,14415.47,14381.97,14392.489999999998,565
2026-03-23T09:15:00+00:00,14392.489999999998,14430.989999999998,14390.97,14418.489999999998,830
2026-03-23T09:30:00+00:00,14418.489999999998,14418.489999999998,14390.47,14397.989999999998,668
2026-03-23T09:45:00+00:00,14397.989999999998,14401.989999999998,14387.97,14390.97,512
2026-03-23T10:00:00+00:00,14390.97,14401.989999999998,14385.48,14387.98,960
2026-03-23T10:15:00+00:00,14387.98,14388.98,14368.97,14370.489999999998,1024
2026-03-23T10:30:00+00:00,14370.489999999998,14381.989999999998,14364.47,14373.989999999998,1012
2026-03-23T10:45:00+00:00,14373.989999999998,14400.489999999998,14365.97,14386.989999999998,1578
2026-03-23T11:00:00+00:00,14386.989999999998,14673.97,14386.98,14625.489999999998,10477
2026-03-23T11:15:00+00:00,14625.489999999998,14679.97,14550.97,14569.47,11424
2026-03-23T11:30:00+00:00,14569.47,14615.989999999998,14561.47,14565.48,6840
2026-03-23T11:45:00+00:00,14565.48,14569.989999999998,14512.48,14523.97,7423
2026-03-23T12:00:00+00:00,14523.97,14564.98,14499.98,14527.98,5808
2026-03-23T12:15:00+00:00,14527.98,14596.489999999998,14526.97,14593.48,3300
2026-03-23T12:30:00+00:00,14593.48,14663.989999999998,14579.989999999998,14661.97,5359
2026-03-23T12:45:00+00:00,14661.97,14696.489999999998,14645.989999999998,14693.97,4303
2026-03-23T13:00:00+00:00,14693.97,14695.989999999998,14639.989999999998,14643.489999999998,3224
2026-03-23T13:15:00+00:00,14643.489999999998,14651.489999999998,14599.47,14600.989999999998,2822
2026-03-23T13:30:00+00:00,14600.989999999998,14614.989999999998,14567.98,14590.47,8230
2026-03-23T13:45:00+00:00,14590.47,14624.989999999998,14587.989999999998,14619.48,4900
2026-03-23T14:00:00+00:00,14619.48,14634.489999999998,14609.97,14617.489999999998,4860
2026-03-23T14:15:00+00:00,14617.489999999998,14669.989999999998,14615.489999999998,14655.48,2807
2026-03-23T14:30:00+00:00,14655.48,14655.98,14622.47,14632.48,3197
2026-03-23T14:45:00+00:00,14632.48,14645.989999999998,14620.47,14635.489999999998,3065
2026-03-23T15:00:00+00:00,14635.489999999998,14659.989999999998,14631.97,14634.48,2251
2026-03-23T15:15:00+00:00,14634.48,14637.97,14594.989999999998,14600.47,2572
2026-03-23T15:30:00+00:00,14600.47,14603.989999999998,14567.97,14572.97,2311
2026-03-23T15:45:00+00:00,14572.97,14580.989999999998,14536.97,14541.97,3937
2026-03-23T16:00:00+00:00,14541.97,14560.989999999998,14537.97,14551.98,3378
2026-03-23T16:15:00+00:00,14551.98,14553.98,14520.98,14522.98,2349
2026-03-23T16:30:00+00:00,14522.98,14549.989999999998,14521.47,14548.97,2839
2026-03-23T16:45:00+00:00,14548.97,14557.989999999998,14534.97,14537.489999999998,2457
2026-03-23T17:00:00+00:00,14537.489999999998,14544.98,14521.989999999998,14527.97,2187
2026-03-23T17:15:00+00:00,14527.97,14534.989999999998,14517.98,14530.97,1845
2026-03-23T17:30:00+00:00,14530.97,14574.989999999998,14529.97,14558.97,2246
2026-03-23T17:45:00+00:00,14558.97,14576.97,14550.98,14574.489999999998,1389
2026-03-23T18:00:00+00:00,14574.489999999998,14580.97,14553.98,14569.47,1863
2026-03-23T18:15:00+00:00,14569.47,14575.489999999998,14563.97,14572.97,1216
2026-03-23T18:30:00+00:00,14572.97,14595.48,14572.97,14589.47,1663
2026-03-23T18:45:00+00:00,14589.47,14593.98,14578.48,14580.989999999998,950
2026-03-23T19:00:00+00:00,14580.989999999998,14582.98,14574.47,14574.97,507
2026-03-23T19:15:00+00:00,14574.97,14576.989999999998,14565.47,14568.97,570
2026-03-23T19:30:00+00:00,14568.97,14573.989999999998,14567.97,14572.989999999998,502
2026-03-23T19:45:00+00:00,14572.989999999998,14573.989999999998,14550.97,14559.47,591
2026-03-23T20:00:00+00:00,14559.47,14565.489999999998,14554.97,14563.989999999998,280
2026-03-23T20:15:00+00:00,14563.989999999998,14564.98,14553.97,14558.48,179
2026-03-23T20:30:00+00:00,14558.48,14562.48,14555.989999999998,14561.98,144
2026-03-24T01:00:00+00:00,14561.98,14561.98,14518.8,14533.31,999.68604750879
2026-03-24T01:15:00+00:00,14533.31,14533.81,14483.819999999998,14486.819999999998,3417
2026-03-24T01:30:00+00:00,14486.819999999998,14490.319999999998,14345.81,14367.8,13829
2026-03-24T01:45:00+00:00,14367.8,14415.8,14343.81,14344.31,10497
2026-03-24T02:00:00+00:00,14344.31,14424.319999999998,14340.81,14362.319999999998,11730
2026-03-24T02:15:00+00:00,14362.319999999998,14449.819999999998,14316.8,14447.81,11433
2026-03-24T02:30:00+00:00,14447.81,14487.819999999998,14433.8,14485.8,8125
2026-03-24T02:45:00+00:00,14485.8,14496.819999999998,14448.8,14478.819999999998,5146
2026-03-24T03:00:00+00:00,14478.819999999998,14485.819999999998,14441.8,14466.8,5594
2026-03-24T03:15:00+00:00,14466.8,14500.819999999998,14463.81,14474.3,3911
2026-03-24T03:30:00+00:00,14474.3,14476.8,14456.8,14466.3,1701
2026-03-24T03:45:00+00:00,14466.3,14481.81,14463.8,14475.8,994
2026-03-24T04:00:00+00:00,14475.8,14476.8,14468.319999999998,14471.81,212
2026-03-24T04:15:00+00:00,14471.81,14471.81,14460.8,14462.8,227
2026-03-24T04:30:00+00:00,14462.8,14465.319999999998,14458.8,14459.8,159
2026-03-24T04:45:00+00:00,14459.8,14465.81,14458.8,14464.31,182
2026-03-24T05:00:00+00:00,14464.31,14476.81,14408.31,14427.819999999998,6130
2026-03-24T05:15:00+00:00,14427.819999999998,14456.3,14403.8,14407.819999999998,4758
2026-03-24T05:30:00+00:00,14407.819999999998,14460.819999999998,14402.3,14436.81,4245
2026-03-24T05:45:00+00:00,14436.81,14448.319999999998,14419.8,14428.819999999998,3429
2026-03-24T06:00:00+00:00,14428.819999999998,14463.3,14418.31,14460.81,3732
2026-03-24T06:15:00+00:00,14460.81,14528.81,14459.319999999998,14513.319999999998,4838
2026-03-24T06:30:00+00:00,14513.319999999998,14532.31,14502.81,14525.319999999998,4369
2026-03-24T06:45:00+00:00,14525.319999999998,14531.8,14508.8,14519.819999999998,3451
2026-03-24T07:00:00+00:00,14519.819999999998,14547.819999999998,14517.319999999998,14534.81,1410
2026-03-24T07:15:00+00:00,14534.81,14536.819999999998,14523.8,14528.31,1077
2026-03-24T07:30:00+00:00,14528.31,14528.81,14516.81,14525.819999999998,761
2026-03-24T07:45:00+00:00,14525.819999999998,14530.819999999998,14514.8,14526.819999999998,1009
2026-03-24T08:00:00+00:00,14526.819999999998,14537.819999999998,14522.3,14529.819999999998,1456
2026-03-24T08:15:00+00:00,14529.819999999998,14533.819999999998,14502.8,14507.3,1130
2026-03-24T09:00:00+00:00,14507.3,14509.819999999998,14480.81,14480.819999999998,324
2026-03-24T09:15:00+00:00,14480.819999999998,14498.319999999998,14475.31,14495.319999999998,418
2026-03-24T09:30:00+00:00,14495.319999999998,14509.819999999998,14490.819999999998,14509.319999999998,296
2026-03-24T09:45:00+00:00,14509.319999999998,14520.819999999998,14497.3,14518.319999999998,402
2026-03-24T10:00:00+00:00,14518.319999999998,14518.819999999998,14504.8,14513.8,768
2026-03-24T10:15:00+00:00,14513.8,14517.819999999998,14503.319999999998,14505.8,629
2026-03-24T10:30:00+00:00,14505.8,14513.3,14492.819999999998,14510.8,875
2026-03-24T10:45:00+00:00,14510.8,14515.819999999998,14499.8,14508.819999999998,682
2026-03-24T11:00:00+00:00,14508.819999999998,14518.819999999998,14503.8,14517.3,855
2026-03-24T11:15:00+00:00,14517.3,14517.3,14502.819999999998,14508.319999999998,542
2026-03-24T11:30:00+00:00,14508.319999999998,14511.819999999998,14502.8,14502.8,542
2026-03-24T11:45:00+00:00,14502.8,14514.81,14482.8,14512.31,1196
2026-03-24T12:00:00+00:00,14512.31,14515.819999999998,14495.8,14503.31,730
2026-03-24T12:15:00+00:00,14503.31,14510.819999999998,14497.8,14507.31,507
2026-03-24T12:30:00+00:00,14507.31,14507.31,14473.8,14476.8,1061
2026-03-24T12:45:00+00:00,14476.8,14484.819999999998,14466.81,14469.8,1175
2026-03-24T13:00:00+00:00,14469.8,14475.819999999998,14450.8,14471.31,1636
2026-03-24T13:15:00+00:00,14471.31,14477.31,14454.8,14461.8,1197
2026-03-24T13:30:00+00:00,14461.8,14485.819999999998,14449.819999999998,14455.31,3953
2026-03-24T13:45:00+00:00,14455.31,14474.819999999998,14435.819999999998,14473.81,3009
2026-03-24T14:00:00+00:00,14473.81,14503.819999999998,14470.819999999998,14489.8,1944
2026-03-24T14:15:00+00:00,14489.8,14497.819999999998,14478.8,14481.81,2232
2026-03-24T14:30:00+00:00,14481.81,14500.819999999998,14478.8,14498.819999999998,1676
2026-03-24T14:45:00+00:00,14498.819999999998,14532.319999999998,14480.819999999998,14491.81,4287
2026-03-24T15:00:00+00:00,14491.81,14506.819999999998,14491.81,14504.81,2602
2026-03-24T15:15:00+00:00,14504.81,14521.319999999998,14501.8,14510.8,1195
2026-03-24T15:30:00+00:00,14510.8,14518.819999999998,14507.8,14513.81,1115
2026-03-24T15:45:00+00:00,14513.81,14520.819999999998,14495.8,14496.81,1102
2026-03-24T16:00:00+00:00,14496.81,14510.3,14495.3,14506.8,1348
2026-03-24T16:15:00+00:00,14506.8,14524.81,14505.81,14523.8,972
2026-03-24T16:30:00+00:00,14523.8,14526.319999999998,14494.8,14506.81,1056
2026-03-24T16:45:00+00:00,14506.81,14513.8,14500.319999999998,14505.819999999998,949
2026-03-24T17:00:00+00:00,14505.819999999998,14507.819999999998,14476.8,14481.8,1967
2026-03-24T17:15:00+00:00,14481.8,14487.819999999998,14476.319999999998,14485.3,1205
2026-03-24T17:30:00+00:00,14485.3,14489.819999999998,14471.8,14473.8,1026
2026-03-24T17:45:00+00:00,14473.8,14503.819999999998,14472.8,14495.819999999998,2005
2026-03-24T18:00:00+00:00,14495.819999999998,14502.819999999998,14486.8,14489.3,1093
2026-03-24T18:15:00+00:00,14489.3,14501.819999999998,14484.8,14499.31,1134
2026-03-24T18:30:00+00:00,14499.31,14519.8,14496.8,14505.8,1177
2026-03-24T18:45:00+00:00,14505.8,14508.81,14496.819999999998,14499.819999999998,693
2026-03-24T19:00:00+00:00,14499.819999999998,14514.819999999998,14499.8,14514.819999999998,446
2026-03-24T19:15:00+00:00,14514.819999999998,14514.819999999998,14500.8,14500.8,343
2026-03-24T19:30:00+00:00,14500.8,14503.819999999998,14497.8,14501.81,392
2026-03-24T19:45:00+00:00,14501.81,14501.81,14487.8,14489.8,543
2026-03-24T20:00:00+00:00,14489.8,14494.819999999998,14486.8,14494.31,142
2026-03-24T20:15:00+00:00,14494.31,14538.81,14492.8,14518.3,1371
2026-03-24T20:30:00+00:00,14518.3,14532.819999999998,14516.31,14522.31,626
2026-03-25T01:00:00+00:00,14522.31,14586.429999999998,14521.81,14560.929999999998,631.8797573622933
2026-03-25T01:15:00+00:00,14560.929999999998,14611.429999999998,14560.429999999998,14604.919999999998,1928
2026-03-25T01:30:00+00:00,14604.919999999998,14657.419999999998,14542.939999999999,14624.929999999998,14213
2026-03-25T01:45:00+00:00,14624.929999999998,14655.939999999999,14592.419999999998,14633.439999999999,8539
2026-03-25T02:00:00+00:00,14633.439999999999,14664.439999999999,14614.429999999998,14655.419999999998,7626
2026-03-25T02:15:00+00:00,14655.419999999998,14695.439999999999,14643.919999999998,14683.439999999999,6112
2026-03-25T02:30:00+00:00,14683.439999999999,14714.439999999999,14651.919999999998,14700.429999999998,5966
2026-03-25T02:45:00+00:00,14700.429999999998,14710.939999999999,14681.419999999998,14690.439999999999,4493
2026-03-25T03:00:00+00:00,14690.439999999999,14696.939999999999,14662.419999999998,14676.419999999998,4194
2026-03-25T03:15:00+00:00,14676.419999999998,14685.439999999999,14656.439999999999,14672.919999999998,3244
2026-03-25T03:30:00+00:00,14672.919999999998,14675.419999999998,14653.419999999998,14659.419999999998,1216
2026-03-25T03:45:00+00:00,14659.419999999998,14662.939999999999,14647.419999999998,14648.939999999999,901
2026-03-25T04:00:00+00:00,14648.939999999999,14670.429999999998,14647.419999999998,14669.939999999999,378
2026-03-25T04:15:00+00:00,14669.939999999999,14679.439999999999,14666.939999999999,14676.929999999998,330
2026-03-25T04:30:00+00:00,14676.929999999998,14679.939999999999,14673.419999999998,14673.919999999998,273
2026-03-25T04:45:00+00:00,14673.919999999998,14674.919999999998,14669.429999999998,14674.419999999998,350
2026-03-25T05:00:00+00:00,14674.419999999998,14707.439999999999,14670.419999999998,14703.419999999998,4419
2026-03-25T05:15:00+00:00,14703.419999999998,14745.439999999999,14696.429999999998,14741.439999999999,3485
2026-03-25T05:30:00+00:00,14741.439999999999,14772.429999999998,14726.419999999998,14757.429999999998,4611
2026-03-25T05:45:00+00:00,14757.429999999998,14772.429999999998,14720.929999999998,14734.939999999999,3864
2026-03-25T06:00:00+00:00,14734.939999999999,14741.939999999999,14711.429999999998,14714.429999999998,3235
2026-03-25T06:15:00+00:00,14714.429999999998,14727.419999999998,14706.919999999998,14710.929999999998,2602
2026-03-25T06:30:00+00:00,14710.929999999998,14734.939999999999,14710.929999999998,14725.429999999998,3161
2026-03-25T06:45:00+00:00,14725.429999999998,14737.439999999999,14723.419999999998,14728.929999999998,2118
2026-03-25T07:00:00+00:00,14728.929999999998,14738.419999999998,14725.419999999998,14734.419999999998,1331
2026-03-25T07:15:00+00:00,14734.419999999998,14739.439999999999,14730.919999999998,14736.439999999999,606
2026-03-25T07:30:00+00:00,14736.439999999999,14739.929999999998,14732.419999999998,14733.439999999999,361
2026-03-25T07:45:00+00:00,14733.439999999999,14743.939999999999,14728.419999999998,14739.419999999998,345
2026-03-25T08:00:00+00:00,14739.419999999998,14782.429999999998,14738.439999999999,14762.429999999998,1286
2026-03-25T08:15:00+00:00,14762.429999999998,14775.439999999999,14760.429999999998,14772.939999999999,801
2026-03-25T09:00:00+00:00,14772.939999999999,14772.939999999999,14745.429999999998,14755.939999999999,163
2026-03-25T09:15:00+00:00,14755.939999999999,14759.419999999998,14735.429999999998,14735.929999999998,302
2026-03-25T09:30:00+00:00,14735.929999999998,14744.929999999998,14735.929999999998,14739.929999999998,248
2026-03-25T09:45:00+00:00,14739.929999999998,14753.439999999999,14729.439999999999,14745.929999999998,349
2026-03-25T10:00:00+00:00,14745.929999999998,14761.439999999999,14745.929999999998,14749.919999999998,213
2026-03-25T10:15:00+00:00,14749.919999999998,14753.429999999998,14742.439999999999,14747.429999999998,200
2026-03-25T10:30:00+00:00,14747.429999999998,14754.429999999998,14743.419999999998,14744.919999999998,234
2026-03-25T10:45:00+00:00,14744.919999999998,14751.929999999998,14740.429999999998,14743.939999999999,373
2026-03-25T11:00:00+00:00,14743.939999999999,14762.439999999999,14743.429999999998,14758.429999999998,433
2026-03-25T11:15:00+00:00,14758.429999999998,14761.439999999999,14752.929999999998,14761.419999999998,333
2026-03-25T11:30:00+00:00,14761.419999999998,14768.919999999998,14759.929999999998,14768.919999999998,290
2026-03-25T11:45:00+00:00,14768.919999999998,14771.929999999998,14742.929999999998,14760.939999999999,956
2026-03-25T12:00:00+00:00,14760.939999999999,14778.939999999999,14760.419999999998,14771.439999999999,313
2026-03-25T12:15:00+00:00,14771.439999999999,14771.439999999999,14734.419999999998,14743.419999999998,1917
2026-03-25T12:30:00+00:00,14743.419999999998,14746.439999999999,14727.419999999998,14740.429999999998,1024
2026-03-25T12:45:00+00:00,14740.429999999998,14754.439999999999,14737.419999999998,14750.919999999998,532
2026-03-25T13:00:00+00:00,14750.919999999998,14763.439999999999,14745.919999999998,14748.439999999999,713
2026-03-25T13:15:00+00:00,14748.439999999999,14751.439999999999,14743.419999999998,14746.919999999998,452
2026-03-25T13:30:00+00:00,14746.919999999998,14768.429999999998,14746.419999999998,14749.429999999998,2151
2026-03-25T13:45:00+00:00,14749.429999999998,14753.939999999999,14732.429999999998,14739.429999999998,1917
2026-03-25T14:00:00+00:00,14739.429999999998,14760.439999999999,14730.419999999998,14759.429999999998,1945
2026-03-25T14:15:00+00:00,14759.429999999998,14765.439999999999,14749.939999999999,14758.439999999999,1527
2026-03-25T14:30:00+00:00,14758.439999999999,14767.439999999999,14754.419999999998,14760.429999999998,1056
2026-03-25T14:45:00+00:00,14760.429999999998,14774.439999999999,14758.419999999998,14761.419999999998,871
2026-03-25T15:00:00+00:00,14761.419999999998,14763.429999999998,14733.419999999998,14734.929999999998,1168
2026-03-25T15:15:00+00:00,14734.929999999998,14758.439999999999,14712.919999999998,14758.419999999998,1939
2026-03-25T15:30:00+00:00,14758.419999999998,14763.919999999998,14741.419999999998,14748.429999999998,1040
2026-03-25T15:45:00+00:00,14748.429999999998,14751.419999999998,14741.419999999998,14747.439999999999,1158
2026-03-25T16:00:00+00:00,14747.439999999999,14751.439999999999,14737.939999999999,14743.429999999998,1001
2026-03-25T16:15:00+00:00,14743.429999999998,14773.439999999999,14736.419999999998,14767.429999999998,1564
2026-03-25T16:30:00+00:00,14767.429999999998,14771.939999999999,14763.419999999998,14763.439999999999,983
2026-03-25T16:45:00+00:00,14763.439999999999,14765.439999999999,14755.419999999998,14757.419999999998,681
2026-03-25T17:00:00+00:00,14757.419999999998,14764.939999999999,14752.919999999998,14763.439999999999,790
2026-03-25T17:15:00+00:00,14763.439999999999,14769.429999999998,14753.429999999998,14764.419999999998,532
2026-03-25T17:30:00+00:00,14764.419999999998,14777.939999999999,14761.439999999999,14771.439999999999,678
2026-03-25T17:45:00+00:00,14771.439999999999,14773.439999999999,14759.419999999998,14761.419999999998,850
2026-03-25T18:00:00+00:00,14761.419999999998,14767.439999999999,14759.419999999998,14760.939999999999,538
2026-03-25T18:15:00+00:00,14760.939999999999,14765.919999999998,14757.429999999998,14759.439999999999,385
2026-03-25T18:30:00+00:00,14759.439999999999,14764.439999999999,14754.419999999998,14755.419999999998,489
2026-03-25T18:45:00+00:00,14755.419999999998,14756.429999999998,14742.429999999998,14754.429999999998,638
2026-03-25T19:00:00+00:00,14754.429999999998,14754.439999999999,14744.939999999999,14751.929999999998,555
2026-03-25T19:15:00+00:00,14751.929999999998,14758.939999999999,14751.419999999998,14756.429999999998,345
2026-03-25T19:30:00+00:00,14756.429999999998,14757.439999999999,14751.919999999998,14754.929999999998,260
2026-03-25T19:45:00+00:00,14754.929999999998,14758.439999999999,14751.919999999998,14757.919999999998,274
2026-03-25T20:00:00+00:00,14757.919999999998,14763.429999999998,14756.939999999999,14762.419999999998,152
2026-03-25T20:15:00+00:00,14762.419999999998,14763.439999999999,14759.419999999998,14759.439999999999,48.355300859598856
2026-03-25T20:30:00+00:00,14759.439999999999,14759.439999999999,14754.419999999998,14755.439999999999,35.57929013796202
2026-03-26T01:00:00+00:00,14755.439999999999,14765.569999999998,14739.05,14760.569999999998,390.02843426883305
2026-03-26T01:15:00+00:00,14760.569999999998,14762.569999999998,14714.55,14719.55,1712
2026-03-26T01:30:00+00:00,14719.55,14788.569999999998,14706.56,14780.069999999998,11285
2026-03-26T01:45:00+00:00,14780.069999999998,14796.55,14749.55,14775.569999999998,6511
2026-03-26T02:00:00+00:00,14775.569999999998,14797.569999999998,14765.55,14794.56,6331
2026-03-26T02:15:00+00:00,14794.56,14810.069999999998,14766.56,14770.069999999998,4072
2026-03-26T02:30:00+00:00,14770.069999999998,14784.55,14742.55,14766.06,4398
2026-03-26T02:45:00+00:00,14766.06,14775.569999999998,14739.069999999998,14751.56,3687
2026-03-26T03:00:00+00:00,14751.56,14765.56,14733.55,14756.569999999998,3397
2026-03-26T03:15:00+00:00,14756.569999999998,14763.569999999998,14734.05,14744.56,2950
2026-03-26T03:30:00+00:00,14744.56,14761.55,14742.069999999998,14754.569999999998,1110
2026-03-26T03:45:00+00:00,14754.569999999998,14757.569999999998,14749.05,14756.069999999998,606
2026-03-26T04:00:00+00:00,14756.069999999998,14760.069999999998,14750.56,14759.06,164
2026-03-26T04:15:00+00:00,14759.06,14764.069999999998,14758.06,14761.56,153
2026-03-26T04:30:00+00:00,14761.56,14763.569999999998,14755.55,14759.56,139
2026-03-26T04:45:00+00:00,14759.56,14761.56,14754.55,14757.06,237
2026-03-26T05:00:00+00:00,14757.06,14760.56,14702.55,14703.55,4153
2026-03-26T05:15:00+00:00,14703.55,14719.56,14666.56,14685.56,4041
2026-03-26T05:30:00+00:00,14685.56,14704.569999999998,14669.56,14688.56,3386
2026-03-26T05:45:00+00:00,14688.56,14688.56,14644.55,14649.569999999998,2825
2026-03-26T06:00:00+00:00,14649.569999999998,14667.569999999998,14633.56,14635.069999999998,3462
2026-03-26T06:15:00+00:00,14635.069999999998,14643.05,14616.05,14633.069999999998,2565
2026-03-26T06:30:00+00:00,14633.069999999998,14644.56,14610.569999999998,14616.55,3502
2026-03-26T06:45:00+00:00,14616.55,14644.55,14610.56,14639.06,2497
2026-03-26T07:00:00+00:00,14639.06,14642.569999999998,14624.55,14632.56,835
2026-03-26T07:15:00+00:00,14632.56,14636.55,14621.55,14630.06,657
2026-03-26T07:30:00+00:00,14630.06,14631.56,14624.55,14626.55,345
2026-03-26T07:45:00+00:00,14626.55,14631.06,14621.55,14630.569999999998,448
2026-03-26T08:00:00+00:00,14630.569999999998,14639.569999999998,14621.06,14621.56,1078
2026-03-26T08:15:00+00:00,14621.56,14625.56,14616.55,14624.569999999998,858
2026-03-26T09:00:00+00:00,14624.569999999998,14624.569999999998,14597.569999999998,14609.569999999998,357
2026-03-26T09:15:00+00:00,14609.569999999998,14615.569999999998,14605.55,14614.06,312
2026-03-26T09:30:00+00:00,14614.06,14614.069999999998,14602.069999999998,14603.05,375
2026-03-26T09:45:00+00:00,14603.05,14623.569999999998,14599.55,14623.05,371
2026-03-26T10:00:00+00:00,14623.05,14636.069999999998,14618.55,14630.55,281
2026-03-26T10:15:00+00:00,14630.55,14633.569999999998,14624.56,14632.569999999998,118
2026-03-26T10:30:00+00:00,14632.569999999998,14636.569999999998,14625.069999999998,14628.05,219
2026-03-26T10:45:00+00:00,14628.05,14630.56,14625.55,14625.56,177
2026-03-26T11:00:00+00:00,14625.56,14626.55,14614.55,14615.06,227
2026-03-26T11:15:00+00:00,14615.06,14621.069999999998,14606.55,14609.569999999998,366
2026-03-26T11:30:00+00:00,14609.569999999998,14613.569999999998,14605.55,14608.05,387
2026-03-26T11:45:00+00:00,14608.05,14608.569999999998,14597.56,14600.06,354
2026-03-26T12:00:00+00:00,14600.06,14618.569999999998,14593.06,14617.069999999998,428
2026-03-26T12:15:00+00:00,14617.069999999998,14617.569999999998,14609.55,14612.069999999998,326
2026-03-26T12:30:00+00:00,14612.069999999998,14612.069999999998,14600.55,14603.05,552
2026-03-26T12:45:00+00:00,14603.05,14613.569999999998,14600.55,14612.55,438
2026-03-26T13:00:00+00:00,14612.55,14625.56,14607.55,14619.069999999998,504
2026-03-26T13:15:00+00:00,14619.069999999998,14629.56,14617.55,14629.56,420
2026-03-26T13:30:00+00:00,14629.56,14639.56,14616.55,14639.56,2059
2026-03-26T13:45:00+00:00,14639.56,14662.569999999998,14633.56,14649.55,1986
2026-03-26T14:00:00+00:00,14649.55,14661.569999999998,14642.55,14661.55,1624
2026-03-26T14:15:00+00:00,14661.55,14668.569999999998,14654.55,14657.569999999998,1091
2026-03-26T14:30:00+00:00,14657.569999999998,14670.569999999998,14644.55,14646.569999999998,1794
2026-03-26T14:45:00+00:00,14646.569999999998,14651.569999999998,14625.55,14648.56,1867
2026-03-26T15:00:00+00:00,14648.56,14657.569999999998,14645.55,14652.06,1402
2026-03-26T15:15:00+00:00,14652.06,14653.569999999998,14637.55,14642.569999999998,836
2026-03-26T15:30:00+00:00,14642.569999999998,14644.55,14635.55,14639.55,712
2026-03-26T15:45:00+00:00,14639.55,14653.569999999998,14637.55,14644.05,989
2026-03-26T16:00:00+00:00,14644.05,14646.569999999998,14635.55,14644.56,548
2026-03-26T16:15:00+00:00,14644.56,14644.56,14619.55,14622.56,811
2026-03-26T16:30:00+00:00,14622.56,14630.569999999998,14619.05,14620.569999999998,744
2026-03-26T16:45:00+00:00,14620.569999999998,14623.569999999998,14614.55,14621.06,461
2026-03-26T17:00:00+00:00,14621.06,14625.569999999998,14619.55,14621.569999999998,543
2026-03-26T17:15:00+00:00,14621.569999999998,14623.569999999998,14610.569999999998,14614.569999999998,418
2026-03-26T17:30:00+00:00,14614.569999999998,14619.569999999998,14610.55,14611.55,473
2026-03-26T17:45:00+00:00,14611.55,14613.56,14602.55,14602.569999999998,590
2026-03-26T18:00:00+00:00,14602.569999999998,14610.569999999998,14602.55,14607.569999999998,569
2026-03-26T18:15:00+00:00,14607.569999999998,14607.569999999998,14599.55,14601.05,397
2026-03-26T18:30:00+00:00,14601.05,14613.56,14601.05,14611.56,342
2026-03-26T18:45:00+00:00,14611.56,14613.569999999998,14607.55,14613.569999999998,319
2026-03-26T19:00:00+00:00,14613.569999999998,14613.569999999998,14596.56,14600.069999999998,291
2026-03-26T19:15:00+00:00,14600.069999999998,14603.569999999998,14595.55,14596.56,326
2026-03-26T19:30:00+00:00,14596.56,14598.56,14590.55,14592.569999999998,460
2026-03-26T19:45:00+00:00,14592.569999999998,14593.569999999998,14586.05,14586.56,313
2026-03-26T20:00:00+00:00,14586.56,14620.069999999998,14578.55,14605.06,1324
2026-03-26T20:15:00+00:00,14605.06,14618.069999999998,14592.55,14599.05,747
2026-03-26T20:30:00+00:00,14599.05,14606.06,14598.55,14604.55,119
2026-03-27T01:00:00+00:00,14604.55,14604.55,14589.339999999998,14601.859999999999,477.5785536159601
2026-03-27T01:15:00+00:00,14601.859999999999,14615.839999999998,14558.849999999999,14563.359999999999,2227
2026-03-27T01:30:00+00:00,14563.359999999999,14654.839999999998,14563.339999999998,14601.359999999999,13210
2026-03-27T01:45:00+00:00,14601.359999999999,14635.859999999999,14577.839999999998,14635.839999999998,7681
2026-03-27T02:00:00+00:00,14635.839999999998,14675.859999999999,14629.359999999999,14672.839999999998,5912
2026-03-27T02:15:00+00:00,14672.839999999998,14703.849999999999,14637.839999999998,14695.839999999998,4591
2026-03-27T02:30:00+00:00,14695.839999999998,14713.859999999999,14681.839999999998,14698.839999999998,4661
2026-03-27T02:45:00+00:00,14698.839999999998,14739.839999999998,14670.839999999998,14675.349999999999,4946
2026-03-27T03:00:00+00:00,14675.349999999999,14711.859999999999,14671.839999999998,14703.349999999999,3587
2026-03-27T03:15:00+00:00,14703.349999999999,14720.859999999999,14696.359999999999,14714.339999999998,3191
2026-03-27T03:30:00+00:00,14714.339999999998,14751.859999999999,14711.839999999998,14742.339999999998,1375
2026-03-27T03:45:00+00:00,14742.339999999998,14763.859999999999,14735.839999999998,14760.859999999999,554
2026-03-27T04:00:00+00:00,14760.859999999999,14767.339999999998,14753.859999999999,14765.349999999999,316
2026-03-27T04:15:00+00:00,14765.349999999999,14765.359999999999,14747.839999999998,14750.339999999998,157
2026-03-27T04:30:00+00:00,14750.339999999998,14755.849999999999,14748.359999999999,14755.359999999999,83
2026-03-27T04:45:00+00:00,14755.359999999999,14755.849999999999,14747.839999999998,14747.839999999998,87
2026-03-27T05:00:00+00:00,14747.839999999998,14798.359999999999,14747.839999999998,14775.839999999998,5908
2026-03-27T05:15:00+00:00,14775.839999999998,14800.849999999999,14755.339999999998,14767.359999999999,3407
2026-03-27T05:30:00+00:00,14767.359999999999,14797.859999999999,14765.839999999998,14787.339999999998,3039
2026-03-27T05:45:00+00:00,14787.339999999998,14794.849999999999,14759.839999999998,14760.349999999999,2021
2026-03-27T06:00:00+00:00,14760.349999999999,14763.859999999999,14733.339999999998,14746.849999999999,2347
2026-03-27T06:15:00+00:00,14746.849999999999,14751.859999999999,14733.339999999998,14738.859999999999,1264
2026-03-27T06:30:00+00:00,14738.859999999999,14759.859999999999,14737.849999999999,14746.339999999998,1461
2026-03-27T06:45:00+00:00,14746.339999999998,14755.349999999999,14734.839999999998,14739.339999999998,1156
2026-03-27T07:00:00+00:00,14739.339999999998,14747.359999999999,14732.349999999999,14746.339999999998,628
2026-03-27T07:15:00+00:00,14746.339999999998,14746.359999999999,14730.839999999998,14734.349999999999,436
2026-03-27T07:30:00+00:00,14734.349999999999,14736.359999999999,14727.839999999998,14732.859999999999,303
2026-03-27T07:45:00+00:00,14732.859999999999,14733.359999999999,14723.839999999998,14724.359999999999,317
2026-03-27T08:00:00+00:00,14724.359999999999,14730.859999999999,14720.839999999998,14723.359999999999,774
2026-03-27T08:15:00+00:00,14723.359999999999,14723.849999999999,14704.839999999998,14709.349999999999,514
2026-03-27T09:00:00+00:00,14709.349999999999,14709.349999999999,14674.839999999998,14687.859999999999,412
2026-03-27T09:15:00+00:00,14687.859999999999,14705.839999999998,14681.339999999998,14702.349999999999,455
2026-03-27T09:30:00+00:00,14702.349999999999,14713.349999999999,14697.839999999998,14713.349999999999,354
2026-03-27T09:45:00+00:00,14713.349999999999,14713.849999999999,14705.839999999998,14707.359999999999,206
2026-03-27T10:00:00+00:00,14707.359999999999,14714.859999999999,14700.839999999998,14703.359999999999,186
2026-03-27T10:15:00+00:00,14703.359999999999,14709.859999999999,14701.849999999999,14706.839999999998,231
2026-03-27T10:30:00+00:00,14706.839999999998,14707.859999999999,14684.839999999998,14687.339999999998,333
2026-03-27T10:45:00+00:00,14687.339999999998,14688.359999999999,14680.359999999999,14682.839999999998,312
2026-03-27T11:00:00+00:00,14682.839999999998,14685.839999999998,14674.849999999999,14679.859999999999,649
2026-03-27T11:15:00+00:00,14679.859999999999,14689.849999999999,14676.339999999998,14688.859999999999,446
2026-03-27T11:30:00+00:00,14688.859999999999,14691.859999999999,14685.359999999999,14690.339999999998,424
2026-03-27T11:45:00+00:00,14690.339999999998,14693.859999999999,14675.849999999999,14677.349999999999,448
2026-03-27T12:00:00+00:00,14677.349999999999,14678.859999999999,14661.849999999999,14667.839999999998,565
2026-03-27T12:15:00+00:00,14667.839999999998,14682.839999999998,14667.839999999998,14674.859999999999,531
2026-03-27T12:30:00+00:00,14674.859999999999,14679.839999999998,14666.839999999998,14679.839999999998,516
2026-03-27T12:45:00+00:00,14679.839999999998,14685.859999999999,14672.839999999998,14679.859999999999,557
2026-03-27T13:00:00+00:00,14679.859999999999,14681.849999999999,14668.839999999998,14669.359999999999,609
2026-03-27T13:15:00+00:00,14669.359999999999,14681.849999999999,14668.849999999999,14676.839999999998,507
2026-03-27T13:30:00+00:00,14676.839999999998,14677.859999999999,14647.839999999998,14660.849999999999,2189
2026-03-27T13:45:00+00:00,14660.849999999999,14681.849999999999,14643.839999999998,14650.359999999999,1473
2026-03-27T14:00:00+00:00,14650.359999999999,14655.859999999999,14644.839999999998,14654.339999999998,1360
2026-03-27T14:15:00+00:00,14654.339999999998,14670.859999999999,14650.839999999998,14652.849999999999,1164
2026-03-27T14:30:00+00:00,14652.849999999999,14661.359999999999,14646.839999999998,14653.339999999998,1005
2026-03-27T14:45:00+00:00,14653.339999999998,14669.859999999999,14647.339999999998,14660.349999999999,970
2026-03-27T15:00:00+00:00,14660.349999999999,14679.849999999999,14660.349999999999,14666.849999999999,989
2026-03-27T15:15:00+00:00,14666.849999999999,14688.839999999998,14656.839999999998,14670.859999999999,1631
2026-03-27T15:30:00+00:00,14670.859999999999,14678.859999999999,14658.839999999998,14662.839999999998,1040
2026-03-27T15:45:00+00:00,14662.839999999998,14669.859999999999,14656.849999999999,14658.839999999998,634
2026-03-27T16:00:00+00:00,14658.839999999998,14660.359999999999,14648.349999999999,14651.859999999999,490
2026-03-27T16:15:00+00:00,14651.859999999999,14654.339999999998,14643.839999999998,14647.849999999999,476
2026-03-27T16:30:00+00:00,14647.849999999999,14649.859999999999,14633.839999999998,14639.839999999998,645
2026-03-27T16:45:00+00:00,14639.839999999998,14652.859999999999,14636.339999999998,14642.359999999999,613
2026-03-27T17:00:00+00:00,14642.359999999999,14658.839999999998,14635.839999999998,14640.859999999999,1049
2026-03-27T17:15:00+00:00,14640.859999999999,14642.859999999999,14628.859999999999,14629.859999999999,363
2026-03-27T17:30:00+00:00,14629.859999999999,14634.849999999999,14629.839999999998,14631.339999999998,254
2026-03-27T17:45:00+00:00,14631.339999999998,14635.849999999999,14626.839999999998,14630.859999999999,276
2026-03-27T18:00:00+00:00,14630.859999999999,14634.359999999999,14626.839999999998,14629.339999999998,282
2026-03-27T18:15:00+00:00,14629.339999999998,14636.859999999999,14627.839999999998,14633.849999999999,474
2026-03-27T18:30:00+00:00,14633.849999999999,14645.349999999999,14631.839999999998,14634.849999999999,401
2026-03-27T18:45:00+00:00,14634.849999999999,14637.359999999999,14627.359999999999,14630.339999999998,345
2026-03-27T19:00:00+00:00,14630.339999999998,14632.339999999998,14623.849999999999,14628.849999999999,225
2026-03-27T19:15:00+00:00,14628.849999999999,14636.849999999999,14626.859999999999,14631.359999999999,267
2026-03-27T19:30:00+00:00,14631.359999999999,14634.859999999999,14621.849999999999,14624.349999999999,314
2026-03-27T19:45:00+00:00,14624.349999999999,14632.859999999999,14618.839999999998,14626.849999999999,759
2026-03-27T20:00:00+00:00,14626.849999999999,14627.859999999999,14613.849999999999,14614.859999999999,350
2026-03-27T20:15:00+00:00,14614.859999999999,14615.839999999998,14610.339999999998,14613.339999999998,176
2026-03-27T20:30:00+00:00,14613.339999999998,14613.849999999999,14610.849999999999,14610.849999999999,77.96238244514106
2026-03-30T01:00:00+00:00,14610.849999999999,14610.849999999999,14487.399999999998,14501.909999999998,976.8445825932504
2026-03-30T01:15:00+00:00,14501.909999999998,14549.409999999998,14492.409999999998,14542.39,2854
2026-03-30T01:30:00+00:00,14542.39,14632.399999999998,14522.39,14615.89,12643
2026-03-30T01:45:00+00:00,14615.89,14634.399999999998,14548.399999999998,14552.89,7874
2026-03-30T02:00:00+00:00,14552.89,14589.399999999998,14550.399999999998,14583.409999999998,6072
2026-03-30T02:15:00+00:00,14583.409999999998,14602.409999999998,14535.89,14560.409999999998,5360
2026-03-30T02:30:00+00:00,14560.409999999998,14587.409999999998,14540.399999999998,14583.89,4866
2026-03-30T02:45:00+00:00,14583.89,14634.409999999998,14576.39,14606.409999999998,3792
2026-03-30T03:00:00+00:00,14606.409999999998,14695.399999999998,14601.899999999998,14670.399999999998,3635
2026-03-30T03:15:00+00:00,14670.399999999998,14702.399999999998,14663.409999999998,14693.909999999998,3357
2026-03-30T03:30:00+00:00,14693.909999999998,14696.409999999998,14685.39,14688.909999999998,1152
2026-03-30T03:45:00+00:00,14688.909999999998,14693.409999999998,14684.39,14690.39,604
2026-03-30T04:00:00+00:00,14690.39,14695.399999999998,14687.909999999998,14691.909999999998,138
2026-03-30T04:15:00+00:00,14691.909999999998,14695.409999999998,14690.39,14693.399999999998,88
2026-03-30T04:30:00+00:00,14693.399999999998,14694.409999999998,14690.39,14693.409999999998,128
2026-03-30T04:45:00+00:00,14693.409999999998,14695.899999999998,14690.399999999998,14692.399999999998,94
2026-03-30T05:00:00+00:00,14692.399999999998,14696.409999999998,14642.39,14661.899999999998,5454
2026-03-30T05:15:00+00:00,14661.899999999998,14687.399999999998,14658.89,14675.39,3233
2026-03-30T05:30:00+00:00,14675.39,14691.399999999998,14646.39,14649.399999999998,2793
2026-03-30T05:45:00+00:00,14649.399999999998,14680.409999999998,14639.409999999998,14677.399999999998,2215
2026-03-30T06:00:00+00:00,14677.399999999998,14685.399999999998,14662.39,14675.899999999998,1763
2026-03-30T06:15:00+00:00,14675.899999999998,14685.399999999998,14671.909999999998,14675.399999999998,1454
2026-03-30T06:30:00+00:00,14675.399999999998,14686.399999999998,14669.89,14685.39,1484
2026-03-30T06:45:00+00:00,14685.39,14697.39,14675.409999999998,14691.39,2008
2026-03-30T07:00:00+00:00,14691.39,14691.399999999998,14675.409999999998,14681.409999999998,740
2026-03-30T07:15:00+00:00,14681.409999999998,14681.409999999998,14669.39,14672.409999999998,348
2026-03-30T07:30:00+00:00,14672.409999999998,14675.89,14665.39,14673.409999999998,408
2026-03-30T07:45:00+00:00,14673.409999999998,14675.409999999998,14663.399999999998,14673.409999999998,521
2026-03-30T08:00:00+00:00,14673.409999999998,14684.39,14667.39,14683.409999999998,559
2026-03-30T08:15:00+00:00,14683.409999999998,14686.909999999998,14679.899999999998,14684.909999999998,333
2026-03-30T09:00:00+00:00,14684.909999999998,14687.409999999998,14670.899999999998,14671.399999999998,213
2026-03-30T09:15:00+00:00,14671.399999999998,14673.409999999998,14660.399999999998,14668.409999999998,627
2026-03-30T09:30:00+00:00,14668.409999999998,14670.899999999998,14659.409999999998,14660.39,512
2026-03-30T09:45:00+00:00,14660.39,14663.409999999998,14652.39,14659.89,548
2026-03-30T10:00:00+00:00,14659.89,14661.409999999998,14654.39,14655.409999999998,497
2026-03-30T10:15:00+00:00,14655.409999999998,14661.409999999998,14653.899999999998,14658.399999999998,399
2026-03-30T10:30:00+00:00,14658.399999999998,14665.409999999998,14657.39,14664.399999999998,398
2026-03-30T10:45:00+00:00,14664.399999999998,14676.409999999998,14662.399999999998,14674.39,303
2026-03-30T11:00:00+00:00,14674.39,14696.409999999998,14673.399999999998,14683.909999999998,487
2026-03-30T11:15:00+00:00,14683.909999999998,14726.39,14681.89,14697.39,1950.1882272416153
2026-03-30T11:30:00+00:00,14697.39,14702.37,14685.88,14691.88,1045
2026-03-30T11:45:00+00:00,14691.88,14699.87,14686.87,14688.39,435
2026-03-30T12:00:00+00:00,14688.39,14689.88,14679.89,14683.89,327
2026-03-30T12:15:00+00:00,14683.89,14708.38,14681.87,14702.38,433
2026-03-30T12:30:00+00:00,14702.38,14704.89,14693.87,14699.87,433
2026-03-30T12:45:00+00:00,14699.87,14702.87,14696.87,14699.38,271
2026-03-30T13:00:00+00:00,14699.38,14704.39,14688.87,14693.89,448
2026-03-30T13:15:00+00:00,14693.89,14703.88,14692.87,14695.89,503
2026-03-30T13:30:00+00:00,14695.89,14704.88,14682.88,14691.38,1805
2026-03-30T13:45:00+00:00,14691.38,14693.89,14672.89,14678.39,1224
2026-03-30T14:00:00+00:00,14678.39,14689.89,14676.89,14686.88,1537
2026-03-30T14:15:00+00:00,14686.88,14688.88,14668.87,14671.89,1408
2026-03-30T14:30:00+00:00,14671.89,14680.89,14663.89,14665.37,1342
2026-03-30T14:45:00+00:00,14665.37,14684.89,14661.87,14683.88,1868
2026-03-30T15:00:00+00:00,14683.88,14700.39,14672.88,14672.88,1529
2026-03-30T15:15:00+00:00,14672.88,14685.89,14665.88,14680.89,1347
2026-03-30T15:30:00+00:00,14680.89,14715.38,14678.87,14713.38,1009
2026-03-30T15:45:00+00:00,14713.38,14718.88,14703.39,14704.37,839
2026-03-30T16:00:00+00:00,14704.37,14705.38,14687.88,14695.39,798
2026-03-30T16:15:00+00:00,14695.39,14698.88,14688.88,14690.89,546
2026-03-30T16:30:00+00:00,14690.89,14696.89,14688.87,14693.89,623
2026-03-30T16:45:00+00:00,14693.89,14696.89,14684.87,14687.89,463
2026-03-30T17:00:00+00:00,14687.89,14690.89,14675.87,14677.89,578
2026-03-30T17:15:00+00:00,14677.89,14677.89,14666.87,14668.87,570
2026-03-30T17:30:00+00:00,14668.87,14679.88,14666.87,14678.87,540
2026-03-30T17:45:00+00:00,14678.87,14685.89,14668.87,14670.88,640
2026-03-30T18:00:00+00:00,14670.88,14675.87,14667.87,14674.89,441
2026-03-30T18:15:00+00:00,14674.89,14678.89,14664.87,14666.37,405
2026-03-30T18:30:00+00:00,14666.37,14673.89,14665.87,14667.88,404
2026-03-30T18:45:00+00:00,14667.88,14669.89,14660.87,14662.89,365
2026-03-30T19:00:00+00:00,14662.89,14663.88,14645.87,14645.87,332
2026-03-30T19:15:00+00:00,14645.87,14650.89,14643.87,14646.89,429
2026-03-30T19:30:00+00:00,14646.89,14660.88,14645.87,14657.88,484
2026-03-30T19:45:00+00:00,14657.88,14672.89,14652.87,14671.87,583
2026-03-30T20:00:00+00:00,14671.87,14673.89,14657.88,14662.87,212
2026-03-30T20:15:00+00:00,14662.87,14664.88,14661.87,14664.87,58.02234258632363
2026-03-30T20:30:00+00:00,14664.87,14667.88,14664.37,14667.88,51.05250690880379
2026-03-31T01:00:00+00:00,14667.88,14697.88,14667.88,14682.36,811.6296431172615
2026-03-31T01:15:00+00:00,14682.36,14761.38,14670.38,14734.36,2821
2026-03-31T01:30:00+00:00,14734.36,14803.87,14706.86,14766.86,11917
2026-03-31T01:45:00+00:00,14766.86,14777.88,14727.36,14754.38,7408
2026-03-31T02:00:00+00:00,14754.38,14826.38,14733.36,14788.87,5264
2026-03-31T02:15:00+00:00,14788.87,14831.86,14783.87,14815.88,5386
2026-03-31T02:30:00+00:00,14815.88,14825.86,14767.86,14772.88,5031
2026-03-31T02:45:00+00:00,14772.88,14775.88,14732.38,14732.88,4282
2026-03-31T03:00:00+00:00,14732.88,14740.88,14709.36,14712.86,3475
2026-03-31T03:15:00+00:00,14712.86,14720.38,14672.86,14683.86,3515
2026-03-31T03:30:00+00:00,14683.86,14691.88,14676.87,14678.86,1511
2026-03-31T03:45:00+00:00,14678.86,14684.37,14673.86,14681.88,963
2026-03-31T04:00:00+00:00,14681.88,14684.38,14678.36,14680.38,253.253152039555
2026-03-31T04:15:00+00:00,14680.38,14685.88,14677.86,14678.88,194
2026-03-31T04:30:00+00:00,14678.88,14687.36,14676.86,14685.88,182
2026-03-31T04:45:00+00:00,14685.88,14690.87,14681.87,14689.37,208
2026-03-31T05:00:00+00:00,14689.37,14712.38,14658.36,14659.86,4117
2026-03-31T05:15:00+00:00,14659.86,14718.86,14652.36,14715.87,3027
2026-03-31T05:30:00+00:00,14715.87,14748.88,14712.36,14732.87,3101
2026-03-31T05:45:00+00:00,14732.87,14776.88,14730.86,14746.86,2827
2026-03-31T06:00:00+00:00,14746.86,14750.88,14706.86,14710.86,2706
2026-03-31T06:15:00+00:00,14710.86,14712.37,14680.86,14684.88,2241
2026-03-31T06:30:00+00:00,14684.88,14695.87,14657.86,14661.38,2663
2026-03-31T06:45:00+00:00,14661.38,14670.88,14640.86,14656.86,2566
2026-03-31T07:00:00+00:00,14656.86,14670.87,14652.86,14656.87,926
2026-03-31T07:15:00+00:00,14656.87,14666.37,14652.38,14664.86,486
2026-03-31T07:30:00+00:00,14664.86,14673.87,14663.36,14673.87,266
2026-03-31T07:45:00+00:00,14673.87,14677.88,14670.86,14675.87,324
2026-03-31T08:00:00+00:00,14675.87,14682.88,14666.36,14666.87,473
2026-03-31T08:15:00+00:00,14666.87,14672.88,14665.86,14672.36,458
2026-03-31T09:00:00+00:00,14672.36,14672.36,14651.87,14658.37,289
2026-03-31T09:15:00+00:00,14658.37,14675.88,14658.36,14667.37,316
2026-03-31T09:30:00+00:00,14667.37,14670.37,14659.37,14663.36,224
2026-03-31T09:45:00+00:00,14663.36,14667.38,14655.87,14656.86,186
2026-03-31T10:00:00+00:00,14656.86,14667.88,14656.37,14662.38,235
2026-03-31T10:15:00+00:00,14662.38,14664.38,14656.87,14663.88,253
2026-03-31T10:30:00+00:00,14663.88,14665.37,14636.86,14643.87,694
2026-03-31T10:45:00+00:00,14643.87,14672.88,14639.86,14670.88,469
2026-03-31T11:00:00+00:00,14670.88,14709.87,14659.87,14683.86,1917
2026-03-31T11:15:00+00:00,14683.86,14706.88,14680.86,14697.87,1867
2026-03-31T11:30:00+00:00,14697.87,14705.88,14686.86,14705.88,672
2026-03-31T11:45:00+00:00,14705.88,14705.88,14689.86,14700.88,832
2026-03-31T12:00:00+00:00,14700.88,14719.86,14694.86,14695.88,1078
2026-03-31T12:15:00+00:00,14695.88,14713.88,14690.37,14712.88,1129
2026-03-31T12:30:00+00:00,14712.88,14721.38,14708.86,14713.38,777
2026-03-31T12:45:00+00:00,14713.38,14715.38,14697.87,14697.87,383
2026-03-31T13:00:00+00:00,14697.87,14702.87,14691.86,14695.88,469
2026-03-31T13:15:00+00:00,14695.88,14708.87,14695.86,14700.86,353
2026-03-31T13:30:00+00:00,14700.86,14707.88,14690.87,14697.37,1679
2026-03-31T13:45:00+00:00,14697.37,14733.38,14697.37,14730.86,1284
2026-03-31T14:00:00+00:00,14730.86,14738.88,14724.37,14734.88,1474
2026-03-31T14:15:00+00:00,14734.88,14742.38,14726.86,14741.38,1269
2026-03-31T14:30:00+00:00,14741.38,14752.86,14723.87,14727.86,1074
2026-03-31T14:45:00+00:00,14727.86,14728.88,14699.87,14708.88,1053
2026-03-31T15:00:00+00:00,14708.88,14746.87,14705.86,14745.88,1094
2026-03-31T15:15:00+00:00,14745.88,14746.88,14727.36,14728.87,1072
2026-03-31T15:30:00+00:00,14728.87,14736.88,14721.86,14728.38,1113
2026-03-31T15:45:00+00:00,14728.38,14731.88,14714.86,14717.86,948
2026-03-31T16:00:00+00:00,14717.86,14733.36,14715.86,14730.86,722
2026-03-31T16:15:00+00:00,14730.86,14741.88,14728.36,14736.87,589
2026-03-31T16:30:00+00:00,14736.87,14809.38,14733.86,14793.36,4275
2026-03-31T16:45:00+00:00,14793.36,14803.86,14769.87,14785.36,5673
2026-03-31T17:00:00+00:00,14785.36,14803.88,14778.88,14792.87,2411
2026-03-31T17:15:00+00:00,14792.87,14803.86,14789.86,14791.36,1513
2026-03-31T17:30:00+00:00,14791.36,14805.88,14787.88,14797.38,1898
2026-03-31T17:45:00+00:00,14797.38,14800.88,14784.86,14787.87,878
2026-03-31T18:00:00+00:00,14787.87,14800.86,14786.37,14798.38,706
2026-03-31T18:15:00+00:00,14798.38,14803.88,14791.86,14797.86,718
2026-03-31T18:30:00+00:00,14797.86,14806.87,14792.86,14802.87,648
2026-03-31T18:45:00+00:00,14802.87,14814.88,14802.86,14812.88,575
2026-03-31T19:00:00+00:00,14812.88,14817.88,14805.86,14817.36,365
2026-03-31T19:15:00+00:00,14817.36,14820.36,14812.86,14815.87,273
2026-03-31T19:30:00+00:00,14815.87,14827.88,14815.37,14827.38,298
2026-03-31T19:45:00+00:00,14827.38,14850.87,14826.37,14849.86,665
2026-03-31T20:00:00+00:00,14849.86,14851.88,14838.86,14849.36,260
2026-03-31T20:15:00+00:00,14849.36,14851.38,14839.87,14842.38,168
2026-03-31T20:30:00+00:00,14842.38,14845.88,14839.86,14842.87,164
2026-04-01T01:00:00+00:00,14842.87,14844.87,14811.81,14821.81,879.8228393583912
2026-04-01T01:15:00+00:00,14821.81,14844.82,14805.81,14836.82,1581
2026-04-01T01:30:00+00:00,14836.82,14857.32,14750.81,14802.31,9623
2026-04-01T01:45:00+00:00,14802.31,14826.83,14797.31,14813.83,4686
2026-04-01T02:00:00+00:00,14813.83,14896.82,14812.81,14882.33,4853
2026-04-01T02:15:00+00:00,14882.33,14903.83,14869.81,14870.32,3284
2026-04-01T02:30:00+00:00,14870.32,14876.83,14850.81,14873.31,2870
2026-04-01T02:45:00+00:00,14873.31,14898.31,14868.32,14890.82,2427
2026-04-01T03:00:00+00:00,14890.82,14896.83,14856.81,14871.32,1468
2026-04-01T03:15:00+00:00,14871.32,14882.83,14847.81,14850.31,1300
2026-04-01T03:30:00+00:00,14850.31,14862.83,14850.31,14859.81,244
2026-04-01T03:45:00+00:00,14859.81,14863.83,14853.82,14855.81,195
2026-04-01T04:00:00+00:00,14855.81,14857.83,14848.81,14851.83,146
2026-04-01T04:15:00+00:00,14851.83,14856.83,14851.31,14854.31,135
2026-04-01T04:30:00+00:00,14854.31,14854.83,14847.81,14850.32,131
2026-04-01T04:45:00+00:00,14850.32,14850.82,14844.82,14847.82,121
2026-04-01T05:00:00+00:00,14847.82,14890.82,14829.82,14884.81,1923
2026-04-01T05:15:00+00:00,14884.81,14891.32,14871.82,14883.83,1538
2026-04-01T05:30:00+00:00,14883.83,14891.83,14861.31,14868.81,2021
2026-04-01T05:45:00+00:00,14868.81,14869.83,14829.32,14835.83,1579
2026-04-01T06:00:00+00:00,14835.83,14875.82,14831.81,14871.82,1640
2026-04-01T06:15:00+00:00,14871.82,14893.83,14871.31,14884.83,914
2026-04-01T06:30:00+00:00,14884.83,14888.83,14862.81,14880.32,1171
2026-04-01T06:45:00+00:00,14880.32,14888.83,14870.81,14877.81,1217
2026-04-01T07:00:00+00:00,14877.81,14879.83,14857.81,14869.32,781
2026-04-01T07:15:00+00:00,14869.32,14871.31,14864.81,14867.81,198
2026-04-01T07:30:00+00:00,14867.81,14867.82,14846.83,14853.81,319
2026-04-01T07:45:00+00:00,14853.81,14853.82,14823.33,14825.83,492
2026-04-01T08:00:00+00:00,14825.83,14828.81,14815.81,14820.81,630
2026-04-01T08:15:00+00:00,14820.81,14840.31,14820.33,14838.33,424
2026-04-01T09:00:00+00:00,14838.33,14839.31,14824.32,14824.33,179
2026-04-01T09:15:00+00:00,14824.33,14824.33,14807.81,14814.32,314
2026-04-01T09:30:00+00:00,14814.32,14823.83,14814.32,14819.81,354
2026-04-01T09:45:00+00:00,14819.81,14825.31,14814.82,14821.33,415
2026-04-01T10:00:00+00:00,14821.33,14823.82,14810.81,14813.82,355
2026-04-01T10:15:00+00:00,14813.82,14816.32,14806.31,14811.82,434
2026-04-01T10:30:00+00:00,14811.82,14816.83,14808.31,14811.31,255
2026-04-01T10:45:00+00:00,14811.31,14823.83,14810.83,14822.82,387
2026-04-01T11:00:00+00:00,14822.82,14828.33,14820.31,14827.81,285
2026-04-01T11:15:00+00:00,14827.81,14829.83,14815.81,14820.31,292
2026-04-01T11:30:00+00:00,14820.31,14832.82,14819.81,14831.81,311
2026-04-01T11:45:00+00:00,14831.81,14832.83,14826.82,14832.33,264
2026-04-01T12:00:00+00:00,14832.33,14834.83,14822.81,14826.82,224
2026-04-01T12:15:00+00:00,14826.82,14828.83,14819.81,14820.33,231
2026-04-01T12:30:00+00:00,14820.33,14855.31,14818.81,14842.81,517
2026-04-01T12:45:00+00:00,14842.81,14846.31,14816.31,14820.82,2379
2026-04-01T13:00:00+00:00,14820.82,14825.83,14812.81,14823.81,673
2026-04-01T13:15:00+00:00,14823.81,14826.83,14817.83,14826.81,416
2026-04-01T13:30:00+00:00,14826.81,14850.83,14822.81,14826.83,1612
2026-04-01T13:45:00+00:00,14826.83,14830.83,14815.81,14826.81,1628
2026-04-01T14:00:00+00:00,14826.81,14833.82,14818.81,14831.32,1574
2026-04-01T14:15:00+00:00,14831.32,14844.83,14829.33,14842.82,1270
2026-04-01T14:30:00+00:00,14842.82,14854.83,14830.82,14848.82,1707
2026-04-01T14:45:00+00:00,14848.82,14863.83,14843.82,14862.81,847
2026-04-01T15:00:00+00:00,14862.81,14865.83,14856.81,14859.31,651
2026-04-01T15:15:00+00:00,14859.31,14869.81,14853.81,14855.83,708
2026-04-01T15:30:00+00:00,14855.83,14870.83,14849.83,14870.33,668
2026-04-01T15:45:00+00:00,14870.33,14879.83,14867.81,14874.81,528
2026-04-01T16:00:00+00:00,14874.81,14876.83,14866.82,14867.33,515
2026-04-01T16:15:00+00:00,14867.33,14870.32,14859.81,14861.82,369
2026-04-01T16:30:00+00:00,14861.82,14870.83,14859.81,14870.33,392
2026-04-01T16:45:00+00:00,14870.33,14875.83,14867.81,14873.82,272
2026-04-01T17:00:00+00:00,14873.82,14879.83,14872.81,14877.32,329
2026-04-01T17:15:00+00:00,14877.32,14880.82,14875.81,14876.82,213
2026-04-01T17:30:00+00:00,14876.82,14878.33,14870.81,14874.83,297
2026-04-01T17:45:00+00:00,14874.83,14875.83,14861.81,14861.82,394
2026-04-01T18:00:00+00:00,14861.82,14863.81,14849.81,14853.81,656
2026-04-01T18:15:00+00:00,14853.81,14853.83,14834.31,14834.82,767
2026-04-01T18:30:00+00:00,14834.82,14843.83,14828.82,14837.82,773
2026-04-01T18:45:00+00:00,14837.82,14840.83,14834.81,14835.83,495
2026-04-01T19:00:00+00:00,14835.83,14845.82,14833.82,14844.83,306
2026-04-01T19:15:00+00:00,14844.83,14853.83,14843.81,14853.81,272
2026-04-01T19:30:00+00:00,14853.81,14859.83,14850.82,14857.82,312
2026-04-01T19:45:00+00:00,14857.82,14857.83,14839.81,14841.83,598
2026-04-01T20:00:00+00:00,14841.83,14849.83,14840.31,14841.82,117.3725793958172
2026-04-01T20:15:00+00:00,14841.82,14841.83,14839.81,14840.81,57.18464566929134
2026-04-01T20:30:00+00:00,14840.81,14846.33,14840.81,14845.33,65.19859620148637
2026-04-02T01:00:00+00:00,14845.33,14863.710000000001,14832.210000000001,14848.210000000001,877.8573860412332
2026-04-02T01:15:00+00:00,14848.210000000001,14848.69,14789.69,14798.2,4600
2026-04-02T01:30:00+00:00,14798.2,14827.710000000001,14757.19,14805.710000000001,11897
2026-04-02T01:45:00+00:00,14805.710000000001,14838.210000000001,14767.7,14829.19,6955
2026-04-02T02:00:00+00:00,14829.19,14854.210000000001,14806.69,14807.69,5727
2026-04-02T02:15:00+00:00,14807.69,14825.7,14803.69,14807.7,4376
2026-04-02T02:30:00+00:00,14807.7,14815.710000000001,14776.69,14779.69,3666
2026-04-02T02:45:00+00:00,14779.69,14797.710000000001,14764.69,14786.7,2689
2026-04-02T03:00:00+00:00,14786.7,14791.710000000001,14773.69,14781.2,2208
2026-04-02T03:15:00+00:00,14781.2,14792.710000000001,14765.19,14769.210000000001,1953
2026-04-02T03:30:00+00:00,14769.210000000001,14773.710000000001,14761.69,14768.7,879
2026-04-02T03:45:00+00:00,14768.7,14769.210000000001,14762.69,14765.7,409
2026-04-02T04:00:00+00:00,14765.7,14766.710000000001,14758.69,14761.2,213
2026-04-02T04:15:00+00:00,14761.2,14765.710000000001,14757.69,14758.2,123
2026-04-02T04:30:00+00:00,14758.2,14762.69,14757.69,14761.69,178
2026-04-02T04:45:00+00:00,14761.69,14763.710000000001,14757.69,14763.210000000001,226
2026-04-02T05:00:00+00:00,14763.210000000001,14763.210000000001,14715.19,14716.2,2938
2026-04-02T05:15:00+00:00,14716.2,14742.7,14705.2,14736.210000000001,2625
2026-04-02T05:30:00+00:00,14736.210000000001,14744.710000000001,14705.69,14718.710000000001,2341
2026-04-02T05:45:00+00:00,14718.710000000001,14718.710000000001,14674.69,14682.19,1992
2026-04-02T06:00:00+00:00,14682.19,14698.7,14669.710000000001,14697.210000000001,2487
2026-04-02T06:15:00+00:00,14697.210000000001,14758.7,14694.710000000001,14735.710000000001,2705
2026-04-02T06:30:00+00:00,14735.710000000001,14745.710000000001,14712.7,14721.710000000001,2019
2026-04-02T06:45:00+00:00,14721.710000000001,14740.2,14703.7,14737.19,2052
2026-04-02T07:00:00+00:00,14737.19,14750.710000000001,14728.69,14746.7,860
2026-04-02T07:15:00+00:00,14746.7,14756.710000000001,14743.7,14754.69,462
2026-04-02T07:30:00+00:00,14754.69,14757.210000000001,14747.210000000001,14748.69,366
2026-04-02T07:45:00+00:00,14748.69,14762.7,14748.69,14761.69,429
2026-04-02T08:00:00+00:00,14761.69,14763.710000000001,14750.2,14757.2,620
2026-04-02T08:15:00+00:00,14757.2,14758.19,14747.69,14753.7,403
2026-04-02T09:00:00+00:00,14753.7,14759.69,14747.69,14750.710000000001,167
2026-04-02T09:15:00+00:00,14750.710000000001,14761.69,14749.69,14758.69,173
2026-04-02T09:30:00+00:00,14758.69,14760.710000000001,14752.210000000001,14753.69,262
2026-04-02T09:45:00+00:00,14753.69,14757.710000000001,14750.19,14754.69,261
2026-04-02T10:00:00+00:00,14754.69,14754.710000000001,14741.69,14741.7,314
2026-04-02T10:15:00+00:00,14741.7,14745.69,14731.710000000001,14735.69,283
2026-04-02T10:30:00+00:00,14735.69,14744.210000000001,14734.69,14743.7,356
2026-04-02T10:45:00+00:00,14743.7,14748.710000000001,14741.69,14746.69,274
2026-04-02T11:00:00+00:00,14746.69,14750.710000000001,14745.19,14745.710000000001,238
2026-04-02T11:15:00+00:00,14745.710000000001,14747.210000000001,14741.69,14742.7,324
2026-04-02T11:30:00+00:00,14742.7,14746.7,14736.210000000001,14738.710000000001,255
2026-04-02T11:45:00+00:00,14738.710000000001,14743.710000000001,14733.69,14733.710000000001,295
2026-04-02T12:00:00+00:00,14733.710000000001,14734.710000000001,14724.2,14725.710000000001,435
2026-04-02T12:15:00+00:00,14725.710000000001,14751.7,14725.710000000001,14750.710000000001,349
2026-04-02T12:30:00+00:00,14750.710000000001,14756.710000000001,14743.69,14754.710000000001,499
2026-04-02T12:45:00+00:00,14754.710000000001,14761.710000000001,14744.7,14746.710000000001,511
2026-04-02T13:00:00+00:00,14746.710000000001,14753.710000000001,14741.69,14743.2,619
2026-04-02T13:15:00+00:00,14743.2,14746.710000000001,14734.69,14739.7,559
2026-04-02T13:30:00+00:00,14739.7,14748.19,14729.69,14741.710000000001,1832
2026-04-02T13:45:00+00:00,14741.710000000001,14782.69,14740.7,14782.69,1347
2026-04-02T14:00:00+00:00,14782.69,14787.710000000001,14774.69,14784.710000000001,1179
2026-04-02T14:15:00+00:00,14784.710000000001,14794.7,14783.69,14788.19,1145
2026-04-02T14:30:00+00:00,14788.19,14891.69,14786.69,14866.7,6189
2026-04-02T14:45:00+00:00,14866.7,14867.7,14838.210000000001,14857.710000000001,2433
2026-04-02T15:00:00+00:00,14857.710000000001,14858.710000000001,14827.69,14833.7,2206.8448
2026-04-02T15:15:00+00:00,14833.7,14838.19,14801.19,14811.19,1817
2026-04-02T15:30:00+00:00,14811.19,14816.710000000001,14803.69,14813.19,1388
2026-04-02T15:45:00+00:00,14813.19,14813.19,14787.69,14796.7,1098
2026-04-02T16:00:00+00:00,14796.7,14802.710000000001,14789.69,14795.710000000001,913
2026-04-02T16:15:00+00:00,14795.710000000001,14799.7,14785.69,14793.19,894
2026-04-02T16:30:00+00:00,14793.19,14813.710000000001,14791.69,14810.7,1196
2026-04-02T16:45:00+00:00,14810.7,14817.710000000001,14807.69,14807.710000000001,542
2026-04-02T17:00:00+00:00,14807.710000000001,14826.69,14803.69,14824.210000000001,548
2026-04-02T17:15:00+00:00,14824.210000000001,14840.710000000001,14824.210000000001,14835.710000000001,408
2026-04-02T17:30:00+00:00,14835.710000000001,14837.210000000001,14826.69,14832.7,447
2026-04-02T17:45:00+00:00,14832.7,14832.7,14817.69,14825.710000000001,455
2026-04-02T18:00:00+00:00,14825.710000000001,14836.7,14825.710000000001,14833.69,482
2026-04-02T18:15:00+00:00,14833.69,14836.710000000001,14828.7,14832.2,433
2026-04-02T18:30:00+00:00,14832.2,14841.710000000001,14831.69,14840.69,428
2026-04-02T18:45:00+00:00,14840.69,14848.710000000001,14839.7,14843.2,299
2026-04-02T19:00:00+00:00,14843.2,14850.210000000001,14841.710000000001,14848.210000000001,300
2026-04-02T19:15:00+00:00,14848.210000000001,14851.7,14844.69,14845.710000000001,344
2026-04-02T19:30:00+00:00,14845.710000000001,14846.210000000001,14840.7,14840.7,310
2026-04-02T19:45:00+00:00,14840.7,14849.210000000001,14838.69,14848.2,345
2026-04-02T20:00:00+00:00,14848.2,14848.210000000001,14844.69,14846.2,87.84128524046434
2026-04-02T20:15:00+00:00,14846.2,14847.710000000001,14845.69,14846.2,43.25
2026-04-02T20:30:00+00:00,14846.2,14847.7,14845.69,14846.7,61.25726959093149
2026-04-03T01:00:00+00:00,14846.7,14847.2,14793,14794.5,280.74939118884214
2026-04-03T01:15:00+00:00,14794.5,14830.02,14768.51,14809,758
2026-04-03T01:30:00+00:00,14809,14815.01,14717,14718.02,3889
2026-04-03T01:45:00+00:00,14718.02,14760.02,14705.02,14719,2491
2026-04-03T02:00:00+00:00,14719,14739.02,14694,14701.52,2303
2026-04-03T02:15:00+00:00,14701.52,14707.02,14689.02,14705.02,1650
2026-04-03T02:30:00+00:00,14705.02,14728.5,14696.51,14722,1467
2026-04-03T02:45:00+00:00,14722,14725.52,14692.01,14693.02,1215
2026-04-03T03:00:00+00:00,14693.02,14694.01,14659.01,14660.01,1257
2026-04-03T03:15:00+00:00,14660.01,14672.02,14641.5,14657.01,1700
2026-04-03T03:30:00+00:00,14657.01,14657.52,14650,14652.02,296
2026-04-03T03:45:00+00:00,14652.02,14659.52,14650,14655.52,157
2026-04-03T04:00:00+00:00,14655.52,14657.5,14649,14653.01,254
2026-04-03T04:15:00+00:00,14653.01,14654.52,14648,14648.51,160
2026-04-03T04:30:00+00:00,14648.51,14653.01,14641,14641.52,179
2026-04-03T04:45:00+00:00,14641.52,14647.02,14639.52,14646.5,222
2026-04-03T05:00:00+00:00,14646.5,14659.51,14640,14642,1404
2026-04-03T05:15:00+00:00,14642,14643.01,14613.51,14620.02,1452
2026-04-03T05:30:00+00:00,14620.02,14666.01,14618,14659.02,1766
2026-04-03T05:45:00+00:00,14659.02,14659.02,14630.01,14646,1365
2026-04-03T06:00:00+00:00,14646,14654.02,14610,14626.52,1605
2026-04-03T06:15:00+00:00,14626.52,14626.52,14604.02,14605.5,1005
2026-04-03T06:30:00+00:00,14605.5,14612.02,14580.51,14604.51,1688
2026-04-03T06:45:00+00:00,14604.51,14615.02,14597.51,14615.02,1735
2026-04-03T07:00:00+00:00,14615.02,14616.02,14590,14595.52,358
2026-04-03T07:15:00+00:00,14595.52,14599.5,14590,14595.01,148
2026-04-03T07:30:00+00:00,14595.01,14600.01,14593,14594.51,121
2026-04-03T07:45:00+00:00,14594.51,14595.02,14577.52,14581.02,142
2026-04-03T08:00:00+00:00,14581.02,14588.02,14581.01,14588.01,119
2026-04-03T08:15:00+00:00,14588.01,14588.52,14573,14579.51,169
2026-04-03T09:00:00+00:00,14579.51,14585.01,14573.5,14578.5,240
2026-04-03T09:15:00+00:00,14578.5,14585.5,14577.01,14584.51,46.861181923522594
2026-04-03T09:30:00+00:00,14584.51,14592.02,14583.5,14586.51,69.19514615414968
2026-04-03T09:45:00+00:00,14586.51,14586.51,14580.5,14581.52,65.00279329608938
2026-04-03T10:00:00+00:00,14581.52,14582.52,14578.01,14580,55.03048627781544
2026-04-03T10:15:00+00:00,14580,14583,14579,14579.01,63.90356211989574
2026-04-03T10:30:00+00:00,14579.01,14580.52,14578.01,14580,57.65745393634841
2026-04-03T10:45:00+00:00,14580,14584.02,14580,14584,46.374103695181276
2026-04-03T11:00:00+00:00,14584,14587.01,14578.52,14585,82
2026-04-03T11:15:00+00:00,14585,14596.51,14584.52,14596.02,98
2026-04-03T11:30:00+00:00,14596.02,14603.02,14596.02,14602.02,71.35094339622641
2026-04-03T11:45:00+00:00,14602.02,14606.52,14601.51,14603.51,61.18430034129693
2026-04-03T12:00:00+00:00,14603.51,14607.5,14602.5,14607.01,89.42053445850914
2026-04-03T12:15:00+00:00,14607.01,14607.01,14597.49,14603.01,174
2026-04-03T12:30:00+00:00,14603.01,14610.99,14596.51,14604.51,681
2026-04-03T12:45:00+00:00,14604.51,14606.5,14596.01,14601.49,177
2026-04-03T13:00:00+00:00,14601.49,14604.49,14597.5,14601.01,133
2026-04-03T13:15:00+00:00,14487.1,14487.1,14482.59,14484.59,33
2026-04-03T13:30:00+00:00,14484.59,14486.6,14482.1,14484.58,57
2026-04-03T13:45:00+00:00,14484.58,14490.6,14484.09,14488.58,40
2026-04-03T14:00:00+00:00,14488.58,14488.6,14487.58,14488.6,18
2026-04-03T14:15:00+00:00,14488.6,14488.6,14486.58,14487.08,9
2026-04-03T14:30:00+00:00,14487.08,14488.1,14486.58,14487.58,17
2026-04-03T14:45:00+00:00,14487.58,14488.1,14484.6,14486.59,21
2026-04-03T15:00:00+00:00,14486.59,14486.6,14485.59,14486.09,4
2026-04-03T15:15:00+00:00,14486.09,14487.59,14483.59,14485.59,5
2026-04-03T15:30:00+00:00,14485.59,14488.6,14485.08,14488.6,13
2026-04-03T15:45:00+00:00,14488.6,14489.6,14485.58,14489.08,28
2026-04-03T16:00:00+00:00,14489.08,14490.6,14488.08,14488.58,39
2026-04-03T16:15:00+00:00,14488.58,14489.59,14487.58,14487.58,13
2026-04-03T16:30:00+00:00,14487.58,14491.59,14486.6,14490.59,19
2026-04-03T16:45:00+00:00,14490.59,14492.58,14490.59,14492.58,10
2026-04-03T17:00:00+00:00,14492.58,14518.439999999999,14491.09,14518.439999999999,7.022756005056889
2026-04-03T17:15:00+00:00,14491.59,14491.6,14490.6,14490.6,3
2026-04-03T17:30:00+00:00,14490.6,14490.6,14489.58,14489.59,5
2026-04-03T17:45:00+00:00,14489.59,14493.1,14489.58,14492.08,12
2026-04-03T18:00:00+00:00,14492.08,14518.939999999999,14492.08,14518.939999999999,4.002572347266881
2026-04-03T18:15:00+00:00,14492.1,14518.949999999999,14492.08,14492.08,5.997425997425998
2026-04-03T18:30:00+00:00,14492.08,14498.1,14492.08,14494.59,23
2026-04-03T18:45:00+00:00,14494.59,14495.1,14490.08,14491.1,32
2026-04-03T19:00:00+00:00,14491.1,14492.6,14491.08,14491.08,13
2026-04-03T19:15:00+00:00,14491.08,14494.09,14491.08,14494.09,20
2026-04-03T19:30:00+00:00,14494.09,14508.58,14493.58,14504.6,33
2026-04-03T19:45:00+00:00,14504.6,14511.58,14499.59,14500.1,74
2026-04-03T20:00:00+00:00,14500.1,14501.1,14500.08,14500.08,12
2026-04-03T20:15:00+00:00,14500.08,14500.59,14497.08,14497.08,27
2026-04-03T20:30:00+00:00,14497.08,14498.08,14495.59,14496.09,22
2026-04-06T01:00:00+00:00,14496.09,14534.78,14496.09,14507.76,539.650390625
2026-04-06T01:15:00+00:00,14507.76,14518.76,14494.76,14495.26,438
2026-04-06T01:30:00+00:00,14495.26,14516.28,14481.76,14506.77,699
2026-04-06T01:45:00+00:00,14506.77,14516.26,14497.27,14503.27,353
2026-04-06T02:00:00+00:00,14503.27,14511.27,14492.77,14503.76,452
2026-04-06T02:15:00+00:00,14503.76,14528.26,14503.28,14519.28,657
2026-04-06T02:30:00+00:00,14519.28,14519.78,14496.78,14506.77,686
2026-04-06T02:45:00+00:00,14506.77,14518.77,14502.27,14506.26,375
2026-04-06T03:00:00+00:00,14506.26,14506.78,14498.78,14506.78,343
2026-04-06T03:15:00+00:00,14506.78,14508.77,14487.77,14495.76,466
2026-04-06T03:30:00+00:00,14495.76,14507.28,14493.78,14499.76,352
2026-04-06T03:45:00+00:00,14499.76,14504.27,14496.76,14502.77,137.29898516783763
2026-04-06T04:00:00+00:00,14502.77,14511.26,14498.77,14501.78,199
2026-04-06T04:15:00+00:00,14501.78,14502.27,14494.76,14498.78,154
2026-04-06T04:30:00+00:00,14498.78,14507.26,14496.76,14506.76,98.62769784172662
2026-04-06T04:45:00+00:00,14506.76,14511.77,14504.77,14510.76,111.32750472589792
2026-04-06T05:00:00+00:00,14510.76,14517.28,14509.27,14515.27,116.3058201058201
2026-04-06T05:15:00+00:00,14515.27,14516.77,14508.77,14509.27,103
2026-04-06T05:30:00+00:00,14509.27,14510.27,14497.77,14498.27,167
2026-04-06T05:45:00+00:00,14498.27,14499.78,14494.76,14497.77,146
2026-04-06T06:00:00+00:00,14497.77,14504.77,14494.76,14504.28,148
2026-04-06T06:15:00+00:00,14504.28,14504.28,14493.27,14494.27,122
2026-04-06T06:30:00+00:00,14494.27,14500.76,14490.78,14498.77,104
2026-04-06T06:45:00+00:00,14498.77,14507.78,14495.27,14500.77,336
2026-04-06T07:00:00+00:00,14500.77,14500.77,14490.76,14493.77,191
2026-04-06T07:15:00+00:00,14493.77,14498.27,14493.76,14495.78,86.00494071146245
2026-04-06T07:30:00+00:00,14495.78,14503.78,14495.77,14502.78,119
2026-04-06T07:45:00+00:00,14502.78,14523.78,14502.26,14515.76,276
2026-04-06T08:00:00+00:00,14515.76,14526.78,14514.77,14523.76,287
2026-04-06T08:15:00+00:00,14523.76,14525.78,14517.78,14524.76,173
2026-04-06T09:00:00+00:00,14524.76,14541.77,14514.28,14533.26,180
2026-04-06T09:15:00+00:00,14533.26,14544.77,14533.26,14542.26,189
2026-04-06T09:30:00+00:00,14542.26,14553.28,14541.76,14542.76,236
2026-04-06T09:45:00+00:00,14542.76,14547.76,14532.77,14535.28,384
2026-04-06T10:00:00+00:00,14535.28,14538.78,14532.78,14534.78,189
2026-04-06T10:15:00+00:00,14534.78,14537.78,14530.76,14533.77,133
2026-04-06T10:30:00+00:00,14533.77,14538.78,14532.76,14536.77,113
2026-04-06T10:45:00+00:00,14536.77,14538.28,14521.76,14533.27,655
2026-04-06T11:00:00+00:00,14533.27,14536.78,14526.76,14527.77,243
2026-04-06T11:15:00+00:00,14527.77,14533.78,14526.76,14531.27,156
2026-04-06T11:30:00+00:00,14531.27,14533.78,14528.76,14528.76,114
2026-04-06T11:45:00+00:00,14528.76,14533.78,14528.76,14530.76,101.85238406270412
2026-04-06T12:00:00+00:00,14530.76,14538.26,14528.77,14529.77,136
2026-04-06T12:15:00+00:00,14529.77,14532.78,14527.76,14530.77,118
2026-04-06T12:30:00+00:00,14530.77,14534.78,14528.76,14530.76,116
2026-04-06T12:45:00+00:00,14530.76,14537.78,14529.76,14529.77,144
2026-04-06T13:00:00+00:00,14529.77,14531.78,14520.77,14528.78,206
2026-04-06T13:15:00+00:00,14528.78,14530.77,14522.76,14526.76,165
2026-04-06T13:30:00+00:00,14526.76,14572.76,14526.76,14558.76,1745
2026-04-06T13:45:00+00:00,14558.76,14573.78,14553.76,14572.27,811
2026-04-06T14:00:00+00:00,14572.27,14589.27,14564.77,14583.28,1141
2026-04-06T14:15:00+00:00,14583.28,14591.77,14576.76,14588.76,578
2026-04-06T14:30:00+00:00,14588.76,14597.28,14571.76,14580.76,1154
2026-04-06T14:45:00+00:00,14580.76,14581.76,14568.77,14571.28,594
2026-04-06T15:00:00+00:00,14571.28,14576.78,14559.77,14562.77,491
2026-04-06T15:15:00+00:00,14562.77,14571.77,14559.76,14563.78,316
2026-04-06T15:30:00+00:00,14563.78,14566.78,14556.76,14559.78,253
2026-04-06T15:45:00+00:00,14559.78,14568.78,14558.28,14566.76,222
2026-04-06T16:00:00+00:00,14566.76,14569.78,14563.26,14567.76,201
2026-04-06T16:15:00+00:00,14567.76,14570.78,14564.76,14566.77,155
2026-04-06T16:30:00+00:00,14566.77,14575.77,14563.76,14569.27,187
2026-04-06T16:45:00+00:00,14569.27,14569.78,14558.76,14561.27,220
2026-04-06T17:00:00+00:00,14561.27,14561.27,14545.76,14551.26,521
2026-04-06T17:15:00+00:00,14551.26,14565.78,14546.77,14564.26,396
2026-04-06T17:30:00+00:00,14564.26,14575.27,14564.26,14567.77,455
2026-04-06T17:45:00+00:00,14567.77,14568.78,14563.26,14564.76,230
2026-04-06T18:00:00+00:00,14564.76,14584.77,14560.76,14581.78,498
2026-04-06T18:15:00+00:00,14581.78,14589.78,14580.76,14584.28,315
2026-04-06T18:30:00+00:00,14584.28,14586.78,14578.77,14580.76,156
2026-04-06T18:45:00+00:00,14580.76,14583.28,14578.76,14581.28,139
2026-04-06T19:00:00+00:00,14581.28,14582.78,14574.76,14575.27,182
2026-04-06T19:15:00+00:00,14575.27,14576.27,14571.76,14573.27,130.15684093437153
2026-04-06T19:30:00+00:00,14573.27,14577.78,14571.76,14577.76,120
2026-04-06T19:45:00+00:00,14577.76,14585.78,14573.76,14576.27,238
2026-04-06T20:00:00+00:00,14576.27,14578.28,14575.76,14577.26,55
2026-04-06T20:15:00+00:00,14577.26,14578.26,14575.77,14575.77,31.27952496720728
2026-04-06T20:30:00+00:00,14575.77,14576.78,14574.76,14576.78,37.67801719532212
2026-04-07T01:00:00+00:00,14576.78,14578.46,14548.94,14553.46,701.5333972515181
2026-04-07T01:15:00+00:00,14553.46,14559.45,14523.44,14533.96,1031
2026-04-07T01:30:00+00:00,14533.96,14585.45,14511.94,14575.45,6443
2026-04-07T01:45:00+00:00,14575.45,14595.96,14531.46,14531.96,3388
2026-04-07T02:00:00+00:00,14531.96,14537.45,14503.95,14512.96,3383
2026-04-07T02:15:00+00:00,14512.96,14524.95,14482.94,14511.45,1820
2026-04-07T02:30:00+00:00,14511.45,14524.45,14496.95,14514.46,1401
2026-04-07T02:45:00+00:00,14514.46,14523.96,14502.44,14514.44,1089
2026-04-07T03:00:00+00:00,14514.44,14519.46,14486.94,14493.44,1135
2026-04-07T03:15:00+00:00,14493.44,14495.95,14459.95,14462.94,1378
2026-04-07T03:30:00+00:00,14462.94,14479.46,14462.94,14476.94,405
2026-04-07T03:45:00+00:00,14476.94,14477.45,14469.45,14474.96,183
2026-04-07T04:00:00+00:00,14474.96,14475.45,14458.94,14461.96,252
2026-04-07T04:15:00+00:00,14461.96,14466.45,14456.45,14456.45,215
2026-04-07T04:30:00+00:00,14456.45,14461.95,14455.94,14456.96,162
2026-04-07T04:45:00+00:00,14456.96,14469.94,14456.96,14469.45,190
2026-04-07T05:00:00+00:00,14469.45,14496.46,14456.95,14461.94,1575
2026-04-07T05:15:00+00:00,14461.94,14462.46,14417.94,14438.96,2011
2026-04-07T05:30:00+00:00,14438.96,14465.96,14431.95,14440.44,1683
2026-04-07T05:45:00+00:00,14440.44,14483.96,14434.44,14478.94,1693
2026-04-07T06:00:00+00:00,14478.94,14484.94,14456.46,14458.45,1675
2026-04-07T06:15:00+00:00,14458.45,14468.96,14448.45,14460.96,970
2026-04-07T06:30:00+00:00,14460.96,14463.46,14432.44,14432.46,1111
2026-04-07T06:45:00+00:00,14432.46,14451.46,14431.94,14448.95,1196
2026-04-07T07:00:00+00:00,14448.95,14455.95,14441.94,14446.95,381
2026-04-07T07:15:00+00:00,14446.95,14446.96,14435.96,14439.44,326
2026-04-07T07:30:00+00:00,14439.44,14444.96,14439.44,14443.96,212
2026-04-07T07:45:00+00:00,14443.96,14445.44,14434.94,14442.46,295
2026-04-07T08:00:00+00:00,14442.46,14461.96,14439.94,14455.96,1224
2026-04-07T08:15:00+00:00,14455.96,14462.96,14453.45,14459.46,567
2026-04-07T09:00:00+00:00,14459.46,14474.95,14459.44,14469.44,260
2026-04-07T09:15:00+00:00,14469.44,14476.94,14461.44,14470.44,188
2026-04-07T09:30:00+00:00,14470.44,14470.95,14464.94,14465.94,237
2026-04-07T09:45:00+00:00,14465.94,14470.45,14462.95,14466.96,206
2026-04-07T10:00:00+00:00,14466.96,14468.95,14425.95,14446.96,1377
2026-04-07T10:15:00+00:00,14446.96,14455.45,14436.94,14445.95,981
2026-04-07T10:30:00+00:00,14445.95,14447.96,14433.94,14440.45,695
2026-04-07T10:45:00+00:00,14440.45,14441.94,14419.96,14427.94,775
2026-04-07T11:00:00+00:00,14427.94,14434.96,14425.94,14430.46,428
2026-04-07T11:15:00+00:00,14430.46,14435.46,14423.95,14429.45,412
2026-04-07T11:30:00+00:00,14429.45,14435.96,14422.95,14434.96,485
2026-04-07T11:45:00+00:00,14434.96,14436.95,14430.94,14433.94,231
2026-04-07T12:00:00+00:00,14433.94,14437.46,14414.95,14429.45,975
2026-04-07T12:15:00+00:00,14429.45,14443.44,14423.95,14443.44,718
2026-04-07T12:30:00+00:00,14443.44,14451.96,14438.95,14440.44,329
2026-04-07T12:45:00+00:00,14440.44,14454.96,14434.95,14442.94,625
2026-04-07T13:00:00+00:00,14442.94,14451.94,14437.94,14443.96,416
2026-04-07T13:15:00+00:00,14443.96,14446.96,14437.94,14441.45,274
2026-04-07T13:30:00+00:00,14441.45,14457.95,14438.46,14439.95,1289
2026-04-07T13:45:00+00:00,14439.95,14443.46,14426.94,14427.96,814
2026-04-07T14:00:00+00:00,14427.96,14429.96,14409.95,14418.46,768
2026-04-07T14:15:00+00:00,14418.46,14440.95,14418.46,14439.44,785
2026-04-07T14:30:00+00:00,14439.44,14447.96,14433.96,14436.96,678
2026-04-07T14:45:00+00:00,14436.96,14448.45,14413.95,14413.95,842
2026-04-07T15:00:00+00:00,14413.95,14417.96,14402.95,14412.96,781
2026-04-07T15:15:00+00:00,14412.96,14431.96,14411.94,14426.95,1047
2026-04-07T15:30:00+00:00,14426.95,14428.96,14413.44,14413.95,621
2026-04-07T15:45:00+00:00,14413.95,14425.94,14409.46,14417.96,650
2026-04-07T16:00:00+00:00,14417.96,14439.96,14417.95,14423.96,1069
2026-04-07T16:15:00+00:00,14423.96,14435.96,14421.46,14428.44,763
2026-04-07T16:30:00+00:00,14428.44,14430.96,14423.96,14426.95,378
2026-04-07T16:45:00+00:00,14426.95,14433.44,14425.94,14426.95,318
2026-04-07T17:00:00+00:00,14426.95,14435.96,14425.46,14434.95,451
2026-04-07T17:15:00+00:00,14434.95,14435.96,14426.45,14430.45,230
2026-04-07T17:30:00+00:00,14430.45,14451.96,14430.45,14441.96,689
2026-04-07T17:45:00+00:00,14441.96,14448.94,14431.94,14432.95,386
2026-04-07T18:00:00+00:00,14432.95,14440.94,14431.44,14438.94,248
2026-04-07T18:15:00+00:00,14438.94,14444.46,14437.96,14441.96,209
2026-04-07T18:30:00+00:00,14441.96,14445.45,14438.94,14442.44,211
2026-04-07T18:45:00+00:00,14442.44,14442.96,14426.44,14427.94,266
2026-04-07T19:00:00+00:00,14427.94,14438.95,14423.94,14437.46,596
2026-04-07T19:15:00+00:00,14437.46,14467.46,14436.96,14449.96,1451
2026-04-07T19:30:00+00:00,14449.96,14461.94,14447.94,14456.95,707
2026-04-07T19:45:00+00:00,14456.95,14476.96,14454.96,14472.96,2332
2026-04-07T20:00:00+00:00,14472.96,14474.96,14457.94,14460.46,272
2026-04-07T20:15:00+00:00,14460.46,14466.94,14458.94,14464.45,120
2026-04-07T20:30:00+00:00,14464.45,14470.45,14460.94,14460.94,108
2026-04-08T01:00:00+00:00,14460.94,14685.64,14458.94,14676.63,940.9533437013997
2026-04-08T01:15:00+00:00,14676.63,14750.14,14662.62,14666.12,5342
2026-04-08T01:30:00+00:00,14666.12,14781.14,14647.63,14758.64,14212
2026-04-08T01:45:00+00:00,14758.64,14775.64,14730.13,14751.64,7762
2026-04-08T02:00:00+00:00,14751.64,14811.12,14746.63,14788.62,6112
2026-04-08T02:15:00+00:00,14788.62,14803.12,14764.12,14797.62,3608
2026-04-08T02:30:00+00:00,14797.62,14840.13,14797.62,14820.13,3535
2026-04-08T02:45:00+00:00,14820.13,14841.14,14802.64,14807.14,2659
2026-04-08T03:00:00+00:00,14807.14,14835.14,14796.62,14832.62,2641
2026-04-08T03:15:00+00:00,14832.62,14844.63,14810.63,14824.63,2429
2026-04-08T03:30:00+00:00,14824.63,14834.62,14815.62,14821.13,1076
2026-04-08T03:45:00+00:00,14821.13,14826.64,14817.63,14819.64,615
2026-04-08T04:00:00+00:00,14819.64,14825.63,14819.12,14822.12,221
2026-04-08T04:15:00+00:00,14822.12,14824.64,14818.12,14819.13,194
2026-04-08T04:30:00+00:00,14819.13,14823.64,14816.64,14822.13,271
2026-04-08T04:45:00+00:00,14822.13,14825.64,14820.12,14822.62,303
2026-04-08T05:00:00+00:00,14822.62,14845.64,14813.62,14830.62,3107
2026-04-08T05:15:00+00:00,14830.62,14896.14,14826.12,14873.64,3520
2026-04-08T05:30:00+00:00,14873.64,14923.63,14864.14,14913.14,3398
2026-04-08T05:45:00+00:00,14913.14,14925.64,14897.13,14897.64,2527
2026-04-08T06:00:00+00:00,14897.64,14929.63,14892.62,14909.63,2737
2026-04-08T06:15:00+00:00,14909.63,14914.14,14883.63,14909.64,2248
2026-04-08T06:30:00+00:00,14909.64,14917.64,14888.13,14895.14,1778
2026-04-08T06:45:00+00:00,14895.14,14901.63,14880.12,14884.13,1985
2026-04-08T07:00:00+00:00,14884.13,14886.14,14865.64,14881.63,1424
2026-04-08T07:15:00+00:00,14881.63,14912.64,14880.13,14908.64,1005
2026-04-08T07:30:00+00:00,14908.64,14908.64,14884.62,14888.14,818
2026-04-08T07:45:00+00:00,14888.14,14890.62,14881.14,14882.62,576
2026-04-08T08:00:00+00:00,14882.62,14890.14,14879.62,14883.64,725
2026-04-08T08:15:00+00:00,14883.64,14898.13,14880.62,14898.12,544
2026-04-08T09:00:00+00:00,14898.12,14900.14,14876.62,14896.14,412
2026-04-08T09:15:00+00:00,14896.14,14905.13,14894.12,14897.62,268
2026-04-08T09:30:00+00:00,14897.62,14909.64,14894.12,14896.13,315
2026-04-08T09:45:00+00:00,14896.13,14912.14,14894.12,14899.64,337
2026-04-08T10:00:00+00:00,14899.64,14903.13,14890.63,14893.14,379
2026-04-08T10:15:00+00:00,14893.14,14897.64,14889.62,14895.62,415
2026-04-08T10:30:00+00:00,14895.62,14902.63,14895.62,14901.62,320
2026-04-08T10:45:00+00:00,14901.62,14905.64,14893.62,14903.64,340
2026-04-08T11:00:00+00:00,14903.64,14903.64,14890.62,14893.64,389
2026-04-08T11:15:00+00:00,14893.64,14920.64,14892.64,14916.62,502
2026-04-08T11:30:00+00:00,14916.62,14917.63,14899.62,14909.63,785
2026-04-08T11:45:00+00:00,14909.63,14921.64,14909.62,14918.62,546
2026-04-08T12:00:00+00:00,14918.62,14937.62,14918.13,14935.62,657
2026-04-08T12:15:00+00:00,14935.62,14935.63,14910.63,14926.62,1925
2026-04-08T12:30:00+00:00,14926.62,14936.62,14926.62,14930.64,556
2026-04-08T12:45:00+00:00,14930.64,14932.63,14918.62,14919.62,456
2026-04-08T13:00:00+00:00,14919.62,14932.64,14918.62,14929.62,644
2026-04-08T13:15:00+00:00,14929.62,14931.13,14918.63,14922.64,465
2026-04-08T13:30:00+00:00,14922.64,14932.63,14906.62,14913.64,2629
2026-04-08T13:45:00+00:00,14913.64,14929.64,14907.62,14925.64,2248
2026-04-08T14:00:00+00:00,14925.64,14931.62,14906.62,14922.63,2037
2026-04-08T14:15:00+00:00,14922.63,14926.63,14902.63,14904.62,1514
2026-04-08T14:30:00+00:00,14904.62,14911.13,14882.64,14894.62,2133
2026-04-08T14:45:00+00:00,14894.62,14904.64,14882.62,14900.62,1788
2026-04-08T15:00:00+00:00,14900.62,14908.64,14895.62,14906.62,1259
2026-04-08T15:15:00+00:00,14906.62,14915.64,14904.62,14905.63,898
2026-04-08T15:30:00+00:00,14905.63,14909.64,14899.64,14905.62,976
2026-04-08T15:45:00+00:00,14905.62,14916.63,14905.62,14913.63,487
2026-04-08T16:00:00+00:00,14913.63,14920.63,14911.62,14915.63,603
2026-04-08T16:15:00+00:00,14915.63,14916.63,14910.63,14915.13,565
2026-04-08T16:30:00+00:00,14915.13,14925.13,14913.14,14922.62,425
2026-04-08T16:45:00+00:00,14922.62,14929.14,14922.62,14928.14,330
2026-04-08T17:00:00+00:00,14928.14,14931.64,14924.62,14927.64,272
2026-04-08T17:15:00+00:00,14927.64,14929.64,14910.12,14914.62,805
2026-04-08T17:30:00+00:00,14914.62,14919.64,14904.62,14913.64,805
2026-04-08T17:45:00+00:00,14913.64,14917.62,14910.63,14916.64,340
2026-04-08T18:00:00+00:00,14916.64,14928.64,14913.12,14925.62,326
2026-04-08T18:15:00+00:00,14925.62,14927.64,14899.12,14905.63,1925
2026-04-08T18:30:00+00:00,14905.63,14910.14,14895.12,14895.62,750
2026-04-08T18:45:00+00:00,14895.62,14900.62,14884.13,14887.14,553.5239055641239
2026-04-08T19:00:00+00:00,14887.14,14899.14,14883.62,14897.63,429
2026-04-08T19:15:00+00:00,14897.63,14900.14,14893.12,14896.13,453
2026-04-08T19:30:00+00:00,14896.13,14909.14,14895.63,14908.64,445
2026-04-08T19:45:00+00:00,14908.64,14916.64,14902.12,14915.63,452
2026-04-08T20:00:00+00:00,14915.63,14915.64,14905.62,14905.62,78
2026-04-08T20:15:00+00:00,14905.62,14906.14,14901.63,14903.13,72.02249690397366
2026-04-08T20:30:00+00:00,14903.13,14903.64,14898.12,14900.64,61.534907597535934
2026-04-09T01:00:00+00:00,14900.64,14904.14,14873.38,14883.4,895.1530612244898
2026-04-09T01:15:00+00:00,14883.4,14886.4,14823.88,14835.4,1929
2026-04-09T01:30:00+00:00,14835.4,14846.89,14787.88,14816.9,9232
2026-04-09T01:45:00+00:00,14816.9,14845.89,14796.88,14834.4,4757
2026-04-09T02:00:00+00:00,14834.4,14841.89,14808.89,14823.89,4135
2026-04-09T02:15:00+00:00,14823.89,14836.88,14807.88,14812.9,2809
2026-04-09T02:30:00+00:00,14812.9,14836.89,14804.88,14830.4,2618
2026-04-09T02:45:00+00:00,14830.4,14854.9,14829.88,14846.39,2313
2026-04-09T03:00:00+00:00,14846.39,14856.89,14835.39,14840.88,2145
2026-04-09T03:15:00+00:00,14840.88,14852.9,14834.9,14836.88,1521
2026-04-09T03:30:00+00:00,14836.88,14843.9,14835.89,14837.9,400
2026-04-09T03:45:00+00:00,14837.9,14841.4,14831.88,14833.89,263
2026-04-09T04:00:00+00:00,14833.89,14834.89,14824.88,14829.9,192
2026-04-09T04:15:00+00:00,14829.9,14831.4,14827.89,14830.9,167.12950588235293
2026-04-09T04:30:00+00:00,14830.9,14831.9,14827.88,14828.88,138.40003933523454
2026-04-09T04:45:00+00:00,14828.88,14831.9,14824.89,14827.9,168.45320870853755
2026-04-09T05:00:00+00:00,14827.9,14830.9,14791.88,14793.88,1932
2026-04-09T05:15:00+00:00,14793.88,14826.9,14790.4,14824.89,1990
2026-04-09T05:30:00+00:00,14824.89,14848.89,14821.88,14844.89,1832
2026-04-09T05:45:00+00:00,14844.89,14845.9,14815.39,14815.88,1329
2026-04-09T06:00:00+00:00,14815.88,14827.4,14809.38,14812.38,1317
2026-04-09T06:15:00+00:00,14812.38,14816.39,14801.88,14811.9,1099
2026-04-09T06:30:00+00:00,14811.9,14822.9,14800.88,14807.89,1449
2026-04-09T06:45:00+00:00,14807.89,14815.39,14801.38,14811.38,1432
2026-04-09T07:00:00+00:00,14811.38,14823.88,14810.89,14816.89,712
2026-04-09T07:15:00+00:00,14816.89,14816.89,14792.39,14794.88,533
2026-04-09T07:30:00+00:00,14794.88,14797.39,14782.88,14785.89,466
2026-04-09T07:45:00+00:00,14785.89,14790.4,14780.9,14789.89,342
2026-04-09T08:00:00+00:00,14789.89,14792.9,14782.88,14786.89,484
2026-04-09T08:15:00+00:00,14786.89,14789.9,14782.9,14786.9,279
2026-04-09T09:00:00+00:00,14786.9,14789.9,14778.89,14786.38,200
2026-04-09T09:15:00+00:00,14786.38,14790.4,14779.9,14783.39,297
2026-04-09T09:30:00+00:00,14783.39,14784.88,14773.4,14778.88,257
2026-04-09T09:45:00+00:00,14778.88,14782.9,14777.88,14782.89,221
2026-04-09T10:00:00+00:00,14782.89,14784.9,14778.88,14779.89,226
2026-04-09T10:15:00+00:00,14779.89,14787.9,14777.88,14787.9,203
2026-04-09T10:30:00+00:00,14787.9,14788.9,14777.39,14784.9,183
2026-04-09T10:45:00+00:00,14784.9,14784.9,14767.88,14768.89,347
2026-04-09T11:00:00+00:00,14768.89,14769.9,14763.88,14768.89,321
2026-04-09T11:15:00+00:00,14768.89,14772.89,14767.88,14772.89,188
2026-04-09T11:30:00+00:00,14772.89,14792.38,14772.89,14791.9,323
2026-04-09T11:45:00+00:00,14791.9,14806.9,14791.39,14798.89,443
2026-04-09T12:00:00+00:00,14798.89,14802.9,14797.38,14799.89,225
2026-04-09T12:15:00+00:00,14799.89,14800.88,14794.88,14798.9,146
2026-04-09T12:30:00+00:00,14798.9,14807.39,14794.88,14796.89,783
2026-04-09T12:45:00+00:00,14796.89,14799.88,14791.88,14797.9,319
2026-04-09T13:00:00+00:00,14797.9,14799.9,14788.88,14793.39,323
2026-04-09T13:15:00+00:00,14793.39,14795.88,14787.4,14787.88,357
2026-04-09T13:30:00+00:00,14787.88,14810.9,14786.88,14803.88,1168
2026-04-09T13:45:00+00:00,14803.88,14806.9,14795.88,14801.89,878
2026-04-09T14:00:00+00:00,14801.89,14805.9,14794.88,14797.9,689
2026-04-09T14:15:00+00:00,14797.9,14797.9,14777.88,14784.88,676
2026-04-09T14:30:00+00:00,14784.88,14791.88,14780.89,14788.9,591
2026-04-09T14:45:00+00:00,14788.9,14798.89,14787.88,14793.89,542
2026-04-09T15:00:00+00:00,14793.89,14795.9,14784.88,14794.88,428
2026-04-09T15:15:00+00:00,14794.88,14816.9,14794.88,14814.39,728
2026-04-09T15:30:00+00:00,14814.39,14837.9,14812.88,14827.88,2005
2026-04-09T15:45:00+00:00,14827.88,14838.9,14824.88,14836.89,778
2026-04-09T16:00:00+00:00,14836.89,14845.89,14834.88,14834.89,735
2026-04-09T16:15:00+00:00,14834.89,14843.9,14832.88,14837.4,474
2026-04-09T16:30:00+00:00,14837.4,14837.9,14827.39,14830.9,390
2026-04-09T16:45:00+00:00,14830.9,14836.89,14825.9,14833.9,424
2026-04-09T17:00:00+00:00,14833.9,14842.89,14832.88,14841.9,393
2026-04-09T17:15:00+00:00,14841.9,14850.9,14840.88,14846.9,393
2026-04-09T17:30:00+00:00,14846.9,14854.39,14841.88,14847.9,435
2026-04-09T17:45:00+00:00,14847.9,14852.9,14847.88,14849.9,305
2026-04-09T18:00:00+00:00,14849.9,14849.9,14833.38,14837.9,842
2026-04-09T18:15:00+00:00,14837.9,14844.9,14832.88,14834.9,595
2026-04-09T18:30:00+00:00,14834.9,14840.88,14831.88,14839.9,305
2026-04-09T18:45:00+00:00,14839.9,14846.9,14838.88,14845.9,318
2026-04-09T19:00:00+00:00,14845.9,14855.9,14844.88,14855.89,171
2026-04-09T19:15:00+00:00,14855.89,14860.88,14854.88,14858.9,153
2026-04-09T19:30:00+00:00,14858.9,14863.9,14858.89,14862.9,160
2026-04-09T19:45:00+00:00,14862.9,14863.9,14854.9,14856.39,176.43513152028532
2026-04-09T20:00:00+00:00,14856.39,14856.39,14850.38,14851.38,55
2026-04-09T20:15:00+00:00,14851.38,14851.4,14848.89,14850.39,48.97860013880931
2026-04-09T20:30:00+00:00,14850.39,14852.4,14850.39,14851.39,37.682708609535005
2026-04-10T01:00:00+00:00,14851.39,14851.39,14822.16,14825.18,473.95989974937345
2026-04-10T01:15:00+00:00,14825.18,14875.67,14813.16,14875.67,1082
2026-04-10T01:30:00+00:00,14875.67,14962.17,14834.16,14954.67,9787
2026-04-10T01:45:00+00:00,14954.67,14996.68,14933.66,14995.18,5382
2026-04-10T02:00:00+00:00,14995.18,15038.66,14977.16,15009.66,4956
2026-04-10T02:15:00+00:00,15009.66,15033.66,14987.67,14995.16,3825
2026-04-10T02:30:00+00:00,14995.16,15008.17,14984.68,14988.16,3356
2026-04-10T02:45:00+00:00,14988.16,15022.67,14982.66,14990.66,2434
2026-04-10T03:00:00+00:00,14990.66,15001.68,14963.66,14965.16,2391
2026-04-10T03:15:00+00:00,14965.16,15000.18,14965.16,14979.66,2162
2026-04-10T03:30:00+00:00,14979.66,14991.68,14979.16,14989.18,504
2026-04-10T03:45:00+00:00,14989.18,14996.17,14987.67,14996.17,265
2026-04-10T04:00:00+00:00,14996.17,14999.68,14994.16,14998.66,137
2026-04-10T04:15:00+00:00,14998.66,15006.67,14998.66,15004.16,228
2026-04-10T04:30:00+00:00,15004.16,15004.68,14997.68,14997.68,109
2026-04-10T04:45:00+00:00,14997.68,15000.67,14994.67,14995.18,113.98952124591425
2026-04-10T05:00:00+00:00,14995.18,15057.18,14987.66,15019.18,4677
2026-04-10T05:15:00+00:00,15019.18,15066.18,15015.67,15049.67,3122
2026-04-10T05:30:00+00:00,15049.67,15084.18,15048.66,15066.66,2781
2026-04-10T05:45:00+00:00,15066.66,15125.17,15066.66,15117.67,2881
2026-04-10T06:00:00+00:00,15117.67,15136.68,15100.68,15113.18,3388
2026-04-10T06:15:00+00:00,15113.18,15118.68,15087.66,15111.17,2298
2026-04-10T06:30:00+00:00,15111.17,15123.67,15074.66,15082.68,2174
2026-04-10T06:45:00+00:00,15082.68,15085.68,15046.16,15051.67,2426
2026-04-10T07:00:00+00:00,15051.67,15056.18,15037.16,15041.68,1000
2026-04-10T07:15:00+00:00,15041.68,15058.16,15040.68,15054.68,339
2026-04-10T07:30:00+00:00,15054.68,15056.67,15039.68,15040.17,319
2026-04-10T07:45:00+00:00,15040.17,15041.68,15032.66,15034.66,368
2026-04-10T08:00:00+00:00,15034.66,15048.68,15030.66,15040.66,442
2026-04-10T08:15:00+00:00,15040.66,15051.67,15038.66,15050.17,499
2026-04-10T09:00:00+00:00,15050.17,15050.17,15037.17,15043.68,127
2026-04-10T09:15:00+00:00,15043.68,15059.68,15040.66,15048.18,508
2026-04-10T09:30:00+00:00,15048.18,15049.18,15037.68,15039.16,208
2026-04-10T09:45:00+00:00,15039.16,15050.18,15038.66,15048.68,195
2026-04-10T10:00:00+00:00,15048.68,15051.16,15041.66,15042.16,175
2026-04-10T10:15:00+00:00,15042.16,15053.68,15041.66,15051.17,173
2026-04-10T10:30:00+00:00,15051.17,15051.67,15044.66,15047.67,160
2026-04-10T10:45:00+00:00,15047.67,15050.67,15046.66,15046.67,137
2026-04-10T11:00:00+00:00,15046.67,15052.68,15045.67,15052.16,196
2026-04-10T11:15:00+00:00,15052.16,15055.67,15048.68,15052.67,120
2026-04-10T11:30:00+00:00,15052.67,15055.18,15048.17,15050.67,128
2026-04-10T11:45:00+00:00,15050.67,15053.67,15047.67,15049.68,196.28338983050847
2026-04-10T12:00:00+00:00,15049.68,15053.68,15047.66,15052.68,240
2026-04-10T12:15:00+00:00,15052.68,15058.18,15051.67,15057.68,215.12644564379337
2026-04-10T12:30:00+00:00,15057.68,15088.66,15057.68,15064.67,1199
2026-04-10T12:45:00+00:00,15064.67,15066.67,15058.66,15060.66,277
2026-04-10T13:00:00+00:00,15060.66,15070.67,15058.66,15070.66,316
2026-04-10T13:15:00+00:00,15070.66,15079.67,15067.66,15075.68,229
2026-04-10T13:30:00+00:00,15075.68,15079.68,15058.16,15060.66,1057
2026-04-10T13:45:00+00:00,15060.66,15067.18,15055.66,15067.17,632
2026-04-10T14:00:00+00:00,15067.17,15079.68,15064.16,15079.68,717
2026-04-10T14:15:00+00:00,15079.68,15083.17,15070.67,15071.68,671
2026-04-10T14:30:00+00:00,15071.68,15075.68,15051.67,15053.66,707
2026-04-10T14:45:00+00:00,15053.66,15058.68,15045.67,15051.67,714
2026-04-10T15:00:00+00:00,15051.67,15055.68,15047.18,15053.67,358
2026-04-10T15:15:00+00:00,15053.67,15063.66,15046.67,15047.67,488
2026-04-10T15:30:00+00:00,15047.67,15050.68,15037.17,15042.16,858.0504894384337
2026-04-10T15:45:00+00:00,15042.16,15043.67,15032.68,15036.67,485
2026-04-10T16:00:00+00:00,15036.67,15039.67,15029.16,15036.68,460
2026-04-10T16:15:00+00:00,15036.68,15039.17,15031.16,15033.67,364
2026-04-10T16:30:00+00:00,15033.67,15035.66,15022.66,15024.68,510
2026-04-10T16:45:00+00:00,15024.68,15041.67,15024.68,15039.16,493
2026-04-10T17:00:00+00:00,15039.16,15045.68,15035.66,15043.66,545
2026-04-10T17:15:00+00:00,15043.66,15044.68,15036.66,15040.66,304
2026-04-10T17:30:00+00:00,15040.66,15042.68,15036.66,15038.66,297
2026-04-10T17:45:00+00:00,15038.66,15042.68,15037.67,15040.17,193
2026-04-10T18:00:00+00:00,15040.17,15040.68,15032.66,15036.68,274
2026-04-10T18:15:00+00:00,15036.68,15041.68,15035.67,15040.16,228
2026-04-10T18:30:00+00:00,15040.16,15043.68,15036.67,15038.66,320
2026-04-10T18:45:00+00:00,15038.66,15042.66,15035.66,15040.68,214
2026-04-10T19:00:00+00:00,15040.68,15042.68,15038.16,15042.68,163
2026-04-10T19:15:00+00:00,15042.68,15042.68,15036.16,15036.18,162
2026-04-10T19:30:00+00:00,15036.18,15036.68,15029.67,15032.67,203
2026-04-10T19:45:00+00:00,15032.67,15035.67,15030.66,15032.17,284
2026-04-10T20:00:00+00:00,15032.17,15033.68,15026.67,15032.17,75.51439299123905
2026-04-10T20:15:00+00:00,15032.17,15034.17,15031.16,15031.18,48.81953502668567
2026-04-10T20:30:00+00:00,15031.18,15034.67,15030.66,15033.17,52.10607225211376
2026-04-13T01:00:00+00:00,15033.17,15034.67,14975.01,15002.03,1046.4587964737448
2026-04-13T01:15:00+00:00,15002.03,15026.03,14997.02,15013.03,1916
2026-04-13T01:30:00+00:00,15013.03,15094.03,15010.53,15050.03,10097
2026-04-13T01:45:00+00:00,15050.03,15099.53,15026.51,15098.51,5376
2026-04-13T02:00:00+00:00,15098.51,15128.03,15093.02,15117.51,5069
2026-04-13T02:15:00+00:00,15117.51,15119.53,15081.52,15090.51,3287
2026-04-13T02:30:00+00:00,15090.51,15102.51,15066.52,15072.01,2364
2026-04-13T02:45:00+00:00,15072.01,15082.03,15054.01,15074.01,2110
2026-04-13T03:00:00+00:00,15074.01,15076.51,15045.51,15051.51,1795
2026-04-13T03:15:00+00:00,15051.51,15070.53,15050.51,15068.03,1528
2026-04-13T03:30:00+00:00,15068.03,15077.53,15060.51,15075.53,403
2026-04-13T03:45:00+00:00,15075.53,15082.52,15072.51,15081.53,275
2026-04-13T04:00:00+00:00,15081.53,15097.51,15079.03,15094.01,273
2026-04-13T04:15:00+00:00,15094.01,15094.53,15085.53,15088.02,212
2026-04-13T04:30:00+00:00,15088.02,15089.52,15085.51,15086.51,175
2026-04-13T04:45:00+00:00,15086.51,15091.53,15085.51,15089.02,189
2026-04-13T05:00:00+00:00,15089.02,15115.02,15087.51,15087.53,3080
2026-04-13T05:15:00+00:00,15087.53,15124.52,15078.53,15122.52,2106
2026-04-13T05:30:00+00:00,15122.52,15145.53,15117.52,15131.52,1889
2026-04-13T05:45:00+00:00,15131.52,15133.52,15114.53,15121.53,1258
2026-04-13T06:00:00+00:00,15121.53,15146.52,15116.02,15117.01,1344
2026-04-13T06:15:00+00:00,15117.01,15118.03,15108.01,15117.51,681
2026-04-13T06:30:00+00:00,15117.51,15118.53,15093.51,15113.51,971
2026-04-13T06:45:00+00:00,15113.51,15124.53,15104.51,15124.02,1117
2026-04-13T07:00:00+00:00,15124.02,15138.03,15124.02,15137.51,504
2026-04-13T07:15:00+00:00,15137.51,15138.53,15132.53,15137.02,301
2026-04-13T07:30:00+00:00,15137.02,15138.53,15129.51,15135.53,221
2026-04-13T07:45:00+00:00,15135.53,15136.53,15130.51,15132.52,199
2026-04-13T08:00:00+00:00,15132.52,15144.53,15132.52,15138.02,461
2026-04-13T08:15:00+00:00,15138.02,15142.53,15133.03,15142.53,321
2026-04-13T09:00:00+00:00,15142.53,15142.53,15119.51,15121.52,311
2026-04-13T09:15:00+00:00,15121.52,15125.51,15119.02,15121.51,184
2026-04-13T09:30:00+00:00,15121.51,15131.52,15120.02,15121.53,199
2026-04-13T09:45:00+00:00,15121.53,15123.53,15119.52,15121.52,140
2026-04-13T10:00:00+00:00,15121.52,15122.53,15113.51,15118.52,143
2026-04-13T10:15:00+00:00,15118.52,15119.03,15111.51,15115.51,169
2026-04-13T10:30:00+00:00,15115.51,15117.02,15108.01,15109.03,160
2026-04-13T10:45:00+00:00,15109.03,15116.51,15108.51,15116.51,163
2026-04-13T11:00:00+00:00,15116.51,15124.53,15113.52,15114.52,258
2026-04-13T11:15:00+00:00,15114.52,15115.53,15108.51,15108.53,150
2026-04-13T11:30:00+00:00,15108.53,15110.03,15100.01,15108.02,191
2026-04-13T11:45:00+00:00,15108.02,15113.53,15105.52,15106.02,268
2026-04-13T12:00:00+00:00,15106.02,15111.52,15100.51,15111.51,255.84910655195233
2026-04-13T12:15:00+00:00,15111.51,15112.53,15094.51,15096.01,119
2026-04-13T12:30:00+00:00,15096.01,15105.53,15095.51,15100.52,206
2026-04-13T12:45:00+00:00,15100.52,15107.53,15100.51,15103.51,185
2026-04-13T13:00:00+00:00,15103.51,15109.03,15103.51,15108.03,156
2026-04-13T13:15:00+00:00,15108.03,15119.53,15107.51,15116.52,173
2026-04-13T13:30:00+00:00,15116.52,15121.53,15110.51,15117.52,509
2026-04-13T13:45:00+00:00,15117.52,15150.53,15112.51,15146.51,1686
2026-04-13T14:00:00+00:00,15146.51,15155.02,15140.51,15148.51,820
2026-04-13T14:15:00+00:00,15148.51,15153.53,15136.01,15149.03,816
2026-04-13T14:30:00+00:00,15149.03,15160.52,15148.51,15159.02,484
2026-04-13T14:45:00+00:00,15159.02,15159.53,15149.03,15157.51,358
2026-04-13T15:00:00+00:00,15157.51,15162.03,15149.51,15159.52,470
2026-04-13T15:15:00+00:00,15159.52,15165.52,15156.51,15161.51,389
2026-04-13T15:30:00+00:00,15161.51,15171.53,15156.02,15167.51,561
2026-04-13T15:45:00+00:00,15167.51,15169.03,15164.52,15168.53,212
2026-04-13T16:00:00+00:00,15168.53,15176.51,15163.51,15170.51,530
2026-04-13T16:15:00+00:00,15170.51,15181.53,15169.51,15177.51,626
2026-04-13T16:30:00+00:00,15177.51,15182.52,15170.51,15177.53,940
2026-04-13T16:45:00+00:00,15177.53,15184.53,15175.51,15180.53,532
2026-04-13T17:00:00+00:00,15180.53,15181.53,15175.51,15180.53,198
2026-04-13T17:15:00+00:00,15180.53,15186.53,15180.51,15183.53,245
2026-04-13T17:30:00+00:00,15183.53,15187.01,15180.51,15186.51,396
2026-04-13T17:45:00+00:00,15186.51,15188.01,15178.51,15178.53,215
2026-04-13T18:00:00+00:00,15178.53,15189.53,15178.52,15188.53,173
2026-04-13T18:15:00+00:00,15188.53,15189.53,15186.52,15189.52,165
2026-04-13T18:30:00+00:00,15189.52,15192.51,15188.51,15192.02,110
2026-04-13T18:45:00+00:00,15192.02,15198.03,15192.02,15195.03,218
2026-04-13T19:00:00+00:00,15195.03,15197.53,15192.51,15195.01,175
2026-04-13T19:15:00+00:00,15195.01,15198.03,15194.01,15197.52,79.68864864864865
2026-04-13T19:30:00+00:00,15197.52,15199.53,15194.51,15199.52,175
2026-04-13T19:45:00+00:00,15199.52,15204.53,15198.51,15203.51,190
2026-04-13T20:00:00+00:00,15203.51,15205.03,15201.01,15205.02,62.26264188100905
2026-04-13T20:15:00+00:00,15205.02,15205.53,15203.51,15205.03,39.01181759090584
2026-04-13T20:30:00+00:00,15205.03,15206.52,15204.51,15206.02,36.20859444181729
2026-04-14T01:00:00+00:00,15206.02,15206.02,15177.18,15182.19,370.7006441834028
2026-04-14T01:15:00+00:00,15182.19,15198.19,15174.68,15177.69,1040
2026-04-14T01:30:00+00:00,15177.69,15187.17,15138.67,15172.69,8391
2026-04-14T01:45:00+00:00,15172.69,15228.19,15169.67,15201.67,4745
2026-04-14T02:00:00+00:00,15201.67,15232.17,15187.67,15218.69,3659
2026-04-14T02:15:00+00:00,15218.69,15228.69,15201.18,15221.68,2559
2026-04-14T02:30:00+00:00,15221.68,15252.69,15216.67,15245.69,2922
2026-04-14T02:45:00+00:00,15245.69,15261.19,15225.68,15226.68,2389
2026-04-14T03:00:00+00:00,15226.68,15233.17,15210.67,15227.17,1951
2026-04-14T03:15:00+00:00,15227.17,15239.68,15219.67,15229.69,1707
2026-04-14T03:30:00+00:00,15229.69,15239.69,15226.67,15228.68,300
2026-04-14T03:45:00+00:00,15228.68,15232.67,15226.67,15228.18,129
2026-04-14T04:00:00+00:00,15228.18,15232.69,15228.17,15231.68,121.03668710423159
2026-04-14T04:15:00+00:00,15231.68,15233.69,15231.19,15232.17,88.0272286460276
2026-04-14T04:30:00+00:00,15232.17,15233.67,15229.17,15233.67,90.19632414369256
2026-04-14T04:45:00+00:00,15233.67,15234.68,15225.17,15225.18,82.23081841432224
2026-04-14T05:00:00+00:00,15225.18,15242.18,15196.69,15198.17,2381
2026-04-14T05:15:00+00:00,15198.17,15202.69,15151.68,15167.68,2554
2026-04-14T05:30:00+00:00,15167.68,15196.69,15151.67,15192.67,1968
2026-04-14T05:45:00+00:00,15192.67,15203.69,15180.68,15199.68,1470
2026-04-14T06:00:00+00:00,15199.68,15223.69,15199.68,15212.67,1424
2026-04-14T06:15:00+00:00,15212.67,15234.69,15212.17,15228.17,840
2026-04-14T06:30:00+00:00,15228.17,15286.69,15228.17,15285.67,1701
2026-04-14T06:45:00+00:00,15285.67,15312.69,15284.69,15306.69,1664
2026-04-14T07:00:00+00:00,15306.69,15328.19,15306.69,15318.68,946
2026-04-14T07:15:00+00:00,15318.68,15334.18,15318.68,15326.18,563
2026-04-14T07:30:00+00:00,15326.18,15338.18,15321.18,15327.67,392
2026-04-14T07:45:00+00:00,15327.67,15330.68,15319.67,15321.19,377
2026-04-14T08:00:00+00:00,15321.19,15327.68,15316.68,15322.69,473
2026-04-14T08:15:00+00:00,15322.69,15332.69,15320.67,15332.69,287
2026-04-14T09:00:00+00:00,15332.69,15339.67,15324.67,15338.18,252
2026-04-14T09:15:00+00:00,15338.18,15341.69,15334.68,15335.19,212
2026-04-14T09:30:00+00:00,15335.19,15337.69,15327.67,15334.69,271
2026-04-14T09:45:00+00:00,15334.69,15337.69,15333.67,15335.67,187
2026-04-14T10:00:00+00:00,15335.67,15338.19,15334.67,15334.68,90
2026-04-14T10:15:00+00:00,15334.68,15338.69,15332.69,15334.67,136
2026-04-14T10:30:00+00:00,15334.67,15339.69,15333.69,15336.18,222
2026-04-14T10:45:00+00:00,15336.18,15337.69,15334.67,15335.67,143
2026-04-14T11:00:00+00:00,15335.67,15344.69,15334.67,15343.68,155
2026-04-14T11:15:00+00:00,15343.68,15352.69,15343.67,15349.68,178
2026-04-14T11:30:00+00:00,15349.68,15354.69,15348.67,15352.19,156
2026-04-14T11:45:00+00:00,15352.19,15363.69,15348.68,15354.17,495
2026-04-14T12:00:00+00:00,15354.17,15356.68,15344.18,15345.19,317
2026-04-14T12:15:00+00:00,15345.19,15347.69,15336.67,15347.69,185
2026-04-14T12:30:00+00:00,15347.69,15360.18,15347.67,15348.69,564
2026-04-14T12:45:00+00:00,15348.69,15354.68,15342.67,15353.69,292
2026-04-14T13:00:00+00:00,15353.69,15360.69,15346.67,15355.67,293
2026-04-14T13:15:00+00:00,15355.67,15355.69,15342.18,15344.68,322
2026-04-14T13:30:00+00:00,15344.68,15376.69,15341.68,15372.19,1362
2026-04-14T13:45:00+00:00,15372.19,15376.68,15369.67,15373.69,803
2026-04-14T14:00:00+00:00,15373.69,15379.69,15368.67,15377.69,1036
2026-04-14T14:15:00+00:00,15377.69,15389.69,15376.67,15389.19,565
2026-04-14T14:30:00+00:00,15389.19,15393.19,15385.69,15388.68,464
2026-04-14T14:45:00+00:00,15388.68,15392.69,15385.67,15386.68,343
2026-04-14T15:00:00+00:00,15386.68,15386.69,15370.68,15375.68,484
2026-04-14T15:15:00+00:00,15375.68,15387.68,15373.67,15382.69,419
2026-04-14T15:30:00+00:00,15382.69,15385.69,15377.67,15381.67,313
2026-04-14T15:45:00+00:00,15381.67,15384.19,15376.67,15379.69,233
2026-04-14T16:00:00+00:00,15379.69,15384.19,15377.67,15379.67,254
2026-04-14T16:15:00+00:00,15379.67,15386.67,15378.67,15384.67,179
2026-04-14T16:30:00+00:00,15384.67,15385.68,15378.67,15379.67,264
2026-04-14T16:45:00+00:00,15379.67,15381.69,15372.67,15375.69,178
2026-04-14T17:00:00+00:00,15375.69,15380.19,15374.67,15376.69,214
2026-04-14T17:15:00+00:00,15376.69,15383.69,15376.68,15382.18,231
2026-04-14T17:30:00+00:00,15382.18,15387.69,15382.18,15385.68,127
2026-04-14T17:45:00+00:00,15385.68,15387.18,15384.67,15386.67,154
2026-04-14T18:00:00+00:00,15386.67,15392.17,15386.67,15391.67,116.16077170418006
2026-04-14T18:15:00+00:00,15391.67,15392.68,15384.67,15390.69,261
2026-04-14T18:30:00+00:00,15390.69,15393.69,15390.67,15390.69,153
2026-04-14T18:45:00+00:00,15390.69,15393.69,15389.67,15391.69,122
2026-04-14T19:00:00+00:00,15391.69,15400.69,15391.67,15398.69,134
2026-04-14T19:15:00+00:00,15398.69,15401.69,15398.69,15399.67,67.1168384879725
2026-04-14T19:30:00+00:00,15399.67,15399.69,15393.67,15394.67,120
2026-04-14T19:45:00+00:00,15394.67,15400.19,15391.67,15398.19,284
2026-04-14T20:00:00+00:00,15398.19,15398.69,15394.67,15396.69,66
2026-04-14T20:15:00+00:00,15396.69,15397.19,15395.67,15396.69,36.2853012515766
2026-04-14T20:30:00+00:00,15396.69,15397.19,15394.67,15395.69,55.296115189705006
2026-04-15T01:00:00+00:00,15395.69,15397.69,15379.54,15389.04,571.5942028985507
2026-04-15T01:15:00+00:00,15389.04,15414.05,15388.04,15409.05,657
2026-04-15T01:30:00+00:00,15409.05,15439.05,15390.05,15397.04,8682
2026-04-15T01:45:00+00:00,15397.04,15426.06,15392.04,15418.54,4751
2026-04-15T02:00:00+00:00,15418.54,15432.05,15390.56,15395.04,3507
2026-04-15T02:15:00+00:00,15395.04,15408.06,15387.05,15402.06,2482
2026-04-15T02:30:00+00:00,15402.06,15411.56,15374.04,15376.55,2187
2026-04-15T02:45:00+00:00,15376.55,15383.04,15362.56,15364.54,2088
2026-04-15T03:00:00+00:00,15364.54,15379.56,15353.56,15377.55,1709
2026-04-15T03:15:00+00:00,15377.55,15399.04,15372.04,15395.55,1663
2026-04-15T03:30:00+00:00,15395.55,15402.04,15391.54,15393.06,280
2026-04-15T03:45:00+00:00,15393.06,15398.06,15392.06,15396.55,224
2026-04-15T04:00:00+00:00,15396.55,15403.06,15396.54,15403.05,107
2026-04-15T04:15:00+00:00,15403.05,15405.06,15401.05,15403.55,224
2026-04-15T04:30:00+00:00,15403.55,15405.06,15398.04,15405.06,177
2026-04-15T04:45:00+00:00,15405.06,15407.06,15400.55,15401.04,227
2026-04-15T05:00:00+00:00,15401.04,15406.56,15376.04,15387.56,2874
2026-04-15T05:15:00+00:00,15387.56,15399.05,15362.04,15368.54,2454
2026-04-15T05:30:00+00:00,15368.54,15374.05,15350.04,15370.56,1812
2026-04-15T05:45:00+00:00,15370.56,15389.06,15356.04,15383.55,1476
2026-04-15T06:00:00+00:00,15383.55,15391.06,15354.56,15359.56,1259
2026-04-15T06:15:00+00:00,15359.56,15367.54,15343.05,15350.54,1455
2026-04-15T06:30:00+00:00,15350.54,15356.05,15308.04,15314.05,1820
2026-04-15T06:45:00+00:00,15314.05,15359.05,15308.54,15357.55,2142
2026-04-15T07:00:00+00:00,15357.55,15362.04,15352.05,15359.06,469
2026-04-15T07:15:00+00:00,15359.06,15362.56,15357.05,15359.06,184
2026-04-15T07:30:00+00:00,15359.06,15361.06,15350.04,15352.06,206
2026-04-15T07:45:00+00:00,15352.06,15354.04,15346.54,15348.06,301
2026-04-15T08:00:00+00:00,15348.06,15349.55,15340.04,15346.06,403
2026-04-15T08:15:00+00:00,15346.06,15350.05,15344.04,15349.54,172
2026-04-15T09:00:00+00:00,15349.54,15359.06,15326.56,15331.04,379
2026-04-15T09:15:00+00:00,15331.04,15338.05,15326.05,15330.55,437
2026-04-15T09:30:00+00:00,15330.55,15337.56,15328.04,15331.04,330
2026-04-15T09:45:00+00:00,15331.04,15333.06,15329.56,15331.54,225
2026-04-15T10:00:00+00:00,15331.54,15346.05,15331.54,15343.04,270
2026-04-15T10:15:00+00:00,15343.04,15343.06,15326.04,15329.04,742
2026-04-15T10:30:00+00:00,15329.04,15346.06,15327.04,15340.06,440
2026-04-15T10:45:00+00:00,15340.06,15346.06,15336.04,15336.06,330
2026-04-15T11:00:00+00:00,15336.06,15343.05,15333.54,15340.05,289
2026-04-15T11:15:00+00:00,15340.05,15341.55,15337.55,15338.06,165
2026-04-15T11:30:00+00:00,15338.06,15343.54,15337.54,15340.06,246.1319381255687
2026-04-15T11:45:00+00:00,15340.06,15355.56,15338.05,15349.06,680
2026-04-15T12:00:00+00:00,15349.06,15357.05,15344.05,15354.54,618
2026-04-15T12:15:00+00:00,15354.54,15362.06,15353.05,15357.56,432
2026-04-15T12:30:00+00:00,15357.56,15365.06,15357.05,15363.06,270
2026-04-15T12:45:00+00:00,15363.06,15363.06,15358.05,15360.54,162
2026-04-15T13:00:00+00:00,15360.54,15367.05,15360.04,15367.04,178
2026-04-15T13:15:00+00:00,15367.04,15375.06,15365.04,15374.54,177
2026-04-15T13:30:00+00:00,15374.54,15378.06,15366.04,15372.05,1040
2026-04-15T13:45:00+00:00,15372.05,15392.06,15371.04,15391.55,925
2026-04-15T14:00:00+00:00,15391.55,15397.04,15387.04,15396.56,517
2026-04-15T14:15:00+00:00,15396.56,15406.06,15395.04,15402.05,623
2026-04-15T14:30:00+00:00,15402.05,15406.06,15394.06,15405.05,476
2026-04-15T14:45:00+00:00,15405.05,15407.06,15401.05,15403.06,205
2026-04-15T15:00:00+00:00,15403.06,15410.05,15397.05,15408.05,393
2026-04-15T15:15:00+00:00,15408.05,15420.05,15406.04,15417.06,289
2026-04-15T15:30:00+00:00,15417.06,15423.550000000001,15410.04,15419.530000000002,415.4384707287933
2026-04-15T15:45:00+00:00,15419.530000000002,15422.54,15413.04,15417.550000000001,273
2026-04-15T16:00:00+00:00,15417.550000000001,15421.550000000001,15413.530000000002,15420.530000000002,230
2026-04-15T16:15:00+00:00,15420.530000000002,15423.54,15419.530000000002,15420.04,190
2026-04-15T16:30:00+00:00,15420.04,15420.550000000001,15405.530000000002,15412.530000000002,378
2026-04-15T16:45:00+00:00,15412.530000000002,15413.550000000001,15405.530000000002,15411.54,548
2026-04-15T17:00:00+00:00,15411.54,15415.54,15410.04,15412.04,241
2026-04-15T17:15:00+00:00,15412.04,15415.54,15410.530000000002,15412.54,173
2026-04-15T17:30:00+00:00,15412.54,15413.550000000001,15405.54,15407.04,180
2026-04-15T17:45:00+00:00,15407.04,15410.550000000001,15406.530000000002,15408.550000000001,195
2026-04-15T18:00:00+00:00,15408.550000000001,15418.54,15404.050000000001,15413.54,695
2026-04-15T18:15:00+00:00,15413.54,15416.550000000001,15413.530000000002,15416.050000000001,181
2026-04-15T18:30:00+00:00,15416.050000000001,15418.550000000001,15414.530000000002,15416.530000000002,161
2026-04-15T18:45:00+00:00,15416.530000000002,15420.550000000001,15416.530000000002,15418.54,93.21627525942108
2026-04-15T19:00:00+00:00,15418.54,15420.550000000001,15415.530000000002,15416.530000000002,95
2026-04-15T19:15:00+00:00,15416.530000000002,15419.530000000002,15414.54,15419.530000000002,109
2026-04-15T19:30:00+00:00,15419.530000000002,15419.550000000001,15411.030000000002,15413.04,196
2026-04-15T19:45:00+00:00,15413.04,15414.530000000002,15407.530000000002,15408.050000000001,308
2026-04-15T20:00:00+00:00,15408.050000000001,15411.54,15403.530000000002,15408.54,89.07892976588629
2026-04-15T20:15:00+00:00,15408.54,15410.550000000001,15407.54,15410.030000000002,31.13129102844639
2026-04-15T20:30:00+00:00,15410.030000000002,15411.030000000002,15409.530000000002,15411.030000000002,47.0471645146732
2026-04-16T01:00:00+00:00,15411.030000000002,15421.430000000002,15407.420000000002,15408.920000000002,479.87307547878333
2026-04-16T01:15:00+00:00,15408.920000000002,15418.420000000002,15392.930000000002,15406.930000000002,713
2026-04-16T01:30:00+00:00,15406.930000000002,15493.420000000002,15367.920000000002,15477.930000000002,8000
2026-04-16T01:45:00+00:00,15477.930000000002,15490.430000000002,15437.420000000002,15487.920000000002,5330
2026-04-16T02:00:00+00:00,15487.920000000002,15521.430000000002,15484.920000000002,15503.420000000002,5029
2026-04-16T02:15:00+00:00,15503.420000000002,15508.440000000002,15473.420000000002,15474.440000000002,3636
2026-04-16T02:30:00+00:00,15474.440000000002,15495.440000000002,15472.420000000002,15473.920000000002,2567
2026-04-16T02:45:00+00:00,15473.920000000002,15520.920000000002,15473.430000000002,15503.420000000002,2509
2026-04-16T03:00:00+00:00,15503.420000000002,15529.940000000002,15487.420000000002,15495.430000000002,2660
2026-04-16T03:15:00+00:00,15495.430000000002,15514.440000000002,15492.930000000002,15501.940000000002,1784
2026-04-16T03:30:00+00:00,15501.940000000002,15509.930000000002,15497.420000000002,15502.420000000002,425
2026-04-16T03:45:00+00:00,15502.420000000002,15505.440000000002,15499.420000000002,15500.440000000002,173
2026-04-16T04:00:00+00:00,15500.440000000002,15501.420000000002,15493.440000000002,15496.920000000002,173.9465642112701
2026-04-16T04:15:00+00:00,15496.920000000002,15503.920000000002,15496.430000000002,15498.430000000002,181
2026-04-16T04:30:00+00:00,15498.430000000002,15505.440000000002,15496.920000000002,15503.420000000002,233
2026-04-16T04:45:00+00:00,15503.420000000002,15503.440000000002,15499.430000000002,15499.920000000002,234
2026-04-16T05:00:00+00:00,15499.920000000002,15512.920000000002,15451.420000000002,15461.430000000002,3145
2026-04-16T05:15:00+00:00,15461.430000000002,15491.940000000002,15459.420000000002,15477.940000000002,2307
2026-04-16T05:30:00+00:00,15477.940000000002,15487.940000000002,15462.420000000002,15462.440000000002,1648
2026-04-16T05:45:00+00:00,15462.440000000002,15493.440000000002,15461.420000000002,15492.430000000002,1172
2026-04-16T06:00:00+00:00,15492.430000000002,15515.940000000002,15473.440000000002,15503.920000000002,1431
2026-04-16T06:15:00+00:00,15503.920000000002,15512.930000000002,15495.430000000002,15506.940000000002,1215
2026-04-16T06:30:00+00:00,15506.940000000002,15523.430000000002,15505.930000000002,15522.440000000002,1461
2026-04-16T06:45:00+00:00,15522.440000000002,15526.440000000002,15511.440000000002,15516.940000000002,1906
2026-04-16T07:00:00+00:00,15516.940000000002,15533.430000000002,15515.920000000002,15522.940000000002,755
2026-04-16T07:15:00+00:00,15522.940000000002,15529.940000000002,15522.430000000002,15524.440000000002,480
2026-04-16T07:30:00+00:00,15524.440000000002,15532.440000000002,15523.420000000002,15530.420000000002,372
2026-04-16T07:45:00+00:00,15530.420000000002,15530.440000000002,15515.430000000002,15519.930000000002,508
2026-04-16T08:00:00+00:00,15519.930000000002,15522.440000000002,15514.420000000002,15514.940000000002,406
2026-04-16T08:15:00+00:00,15514.940000000002,15520.430000000002,15512.430000000002,15519.440000000002,426
2026-04-16T09:00:00+00:00,15519.440000000002,15519.440000000002,15496.940000000002,15497.430000000002,224
2026-04-16T09:15:00+00:00,15497.430000000002,15498.440000000002,15490.420000000002,15494.420000000002,398
2026-04-16T09:30:00+00:00,15494.420000000002,15504.440000000002,15494.420000000002,15501.430000000002,183
2026-04-16T09:45:00+00:00,15501.430000000002,15507.920000000002,15501.420000000002,15507.420000000002,116
2026-04-16T10:00:00+00:00,15507.420000000002,15513.430000000002,15506.430000000002,15511.420000000002,151
2026-04-16T10:15:00+00:00,15511.420000000002,15515.440000000002,15510.420000000002,15512.920000000002,313
2026-04-16T10:30:00+00:00,15512.920000000002,15515.440000000002,15509.430000000002,15511.440000000002,222
2026-04-16T10:45:00+00:00,15511.440000000002,15512.440000000002,15505.430000000002,15511.430000000002,156
2026-04-16T11:00:00+00:00,15511.430000000002,15513.440000000002,15510.420000000002,15512.440000000002,152
2026-04-16T11:15:00+00:00,15512.440000000002,15517.430000000002,15512.420000000002,15515.420000000002,155
2026-04-16T11:30:00+00:00,15515.420000000002,15518.440000000002,15514.920000000002,15516.920000000002,136
2026-04-16T11:45:00+00:00,15516.920000000002,15522.430000000002,15514.420000000002,15515.920000000002,258
2026-04-16T12:00:00+00:00,15515.920000000002,15520.440000000002,15509.930000000002,15515.440000000002,387
2026-04-16T12:15:00+00:00,15515.440000000002,15515.440000000002,15510.920000000002,15511.930000000002,134
2026-04-16T12:30:00+00:00,15511.930000000002,15519.920000000002,15510.420000000002,15517.420000000002,388
2026-04-16T12:45:00+00:00,15517.420000000002,15517.440000000002,15509.940000000002,15510.420000000002,184
2026-04-16T13:00:00+00:00,15510.420000000002,15513.440000000002,15509.420000000002,15510.430000000002,118.92307692307692
2026-04-16T13:15:00+00:00,15510.430000000002,15514.440000000002,15506.420000000002,15507.430000000002,180
2026-04-16T13:30:00+00:00,15507.430000000002,15509.440000000002,15491.420000000002,15501.440000000002,1253
2026-04-16T13:45:00+00:00,15501.440000000002,15505.930000000002,15485.440000000002,15497.920000000002,1298
2026-04-16T14:00:00+00:00,15497.920000000002,15508.440000000002,15492.420000000002,15504.930000000002,1298
2026-04-16T14:15:00+00:00,15504.930000000002,15505.930000000002,15488.420000000002,15494.430000000002,613
2026-04-16T14:30:00+00:00,15494.430000000002,15497.440000000002,15483.440000000002,15489.420000000002,721
2026-04-16T14:45:00+00:00,15489.420000000002,15491.440000000002,15465.420000000002,15467.430000000002,700
2026-04-16T15:00:00+00:00,15467.430000000002,15481.440000000002,15466.420000000002,15480.940000000002,849
2026-04-16T15:15:00+00:00,15480.940000000002,15494.430000000002,15480.930000000002,15482.440000000002,612
2026-04-16T15:30:00+00:00,15482.440000000002,15503.440000000002,15481.420000000002,15490.420000000002,1689
2026-04-16T15:45:00+00:00,15490.420000000002,15499.440000000002,15490.420000000002,15496.430000000002,484
2026-04-16T16:00:00+00:00,15496.430000000002,15497.940000000002,15492.430000000002,15495.420000000002,333
2026-04-16T16:15:00+00:00,15495.420000000002,15503.940000000002,15491.420000000002,15491.920000000002,293
2026-04-16T16:30:00+00:00,15491.920000000002,15492.440000000002,15472.920000000002,15478.430000000002,919
2026-04-16T16:45:00+00:00,15478.430000000002,15481.430000000002,15467.420000000002,15468.440000000002,528
2026-04-16T17:00:00+00:00,15468.440000000002,15468.440000000002,15457.420000000002,15458.430000000002,541
2026-04-16T17:15:00+00:00,15458.430000000002,15463.440000000002,15455.420000000002,15457.440000000002,492
2026-04-16T17:30:00+00:00,15457.440000000002,15460.440000000002,15451.420000000002,15454.430000000002,289
2026-04-16T17:45:00+00:00,15454.430000000002,15455.440000000002,15444.420000000002,15449.440000000002,445
2026-04-16T18:00:00+00:00,15449.440000000002,15455.440000000002,15446.420000000002,15450.440000000002,667
2026-04-16T18:15:00+00:00,15450.440000000002,15453.940000000002,15445.420000000002,15448.430000000002,351
2026-04-16T18:30:00+00:00,15448.430000000002,15454.440000000002,15447.430000000002,15452.420000000002,254
2026-04-16T18:45:00+00:00,15452.420000000002,15454.440000000002,15448.420000000002,15451.430000000002,186
2026-04-16T19:00:00+00:00,15451.430000000002,15455.440000000002,15450.930000000002,15451.420000000002,144
2026-04-16T19:15:00+00:00,15451.420000000002,15460.440000000002,15451.420000000002,15451.420000000002,158
2026-04-16T19:30:00+00:00,15451.420000000002,15454.440000000002,15447.420000000002,15447.920000000002,132.2063559322034
2026-04-16T19:45:00+00:00,15447.920000000002,15452.420000000002,15443.420000000002,15448.920000000002,226
2026-04-16T20:00:00+00:00,15448.920000000002,15449.440000000002,15442.930000000002,15446.430000000002,40.28332513526808
2026-04-16T20:15:00+00:00,15446.430000000002,15449.420000000002,15446.430000000002,15448.920000000002,36.22018999542428
2026-04-16T20:30:00+00:00,15448.920000000002,15449.440000000002,15448.420000000002,15449.440000000002,34.43106626046882
2026-04-17T01:00:00+00:00,15449.440000000002,15463.130000000001,15449.110000000002,15454.12,397.8148631029987
2026-04-17T01:15:00+00:00,15454.12,15472.630000000001,15429.110000000002,15452.610000000002,1519
2026-04-17T01:30:00+00:00,15452.610000000002,15467.130000000001,15425.630000000001,15465.62,7811
2026-04-17T01:45:00+00:00,15465.62,15488.130000000001,15447.110000000002,15460.12,4162
2026-04-17T02:00:00+00:00,15460.12,15468.130000000001,15422.610000000002,15442.110000000002,3237
2026-04-17T02:15:00+00:00,15442.110000000002,15481.130000000001,15441.610000000002,15474.12,2846
2026-04-17T02:30:00+00:00,15474.12,15475.130000000001,15447.110000000002,15451.110000000002,2108
2026-04-17T02:45:00+00:00,15451.110000000002,15469.110000000002,15415.630000000001,15434.62,1848
2026-04-17T03:00:00+00:00,15434.62,15445.610000000002,15425.610000000002,15440.12,1435
2026-04-17T03:15:00+00:00,15440.12,15448.130000000001,15412.12,15414.12,1594
2026-04-17T03:30:00+00:00,15414.12,15423.610000000002,15414.12,15419.130000000001,297
2026-04-17T03:45:00+00:00,15419.130000000001,15423.130000000001,15416.630000000001,15416.630000000001,168
2026-04-17T04:00:00+00:00,15416.630000000001,15422.130000000001,15415.110000000002,15422.110000000002,143
2026-04-17T04:15:00+00:00,15422.110000000002,15424.130000000001,15415.110000000002,15416.110000000002,130
2026-04-17T04:30:00+00:00,15416.110000000002,15416.130000000001,15412.110000000002,15415.110000000002,80.66592143085276
2026-04-17T04:45:00+00:00,15415.110000000002,15417.110000000002,15412.12,15412.610000000002,92
2026-04-17T05:00:00+00:00,15412.610000000002,15424.130000000001,15390.630000000001,15424.130000000001,1817
2026-04-17T05:15:00+00:00,15424.130000000001,15448.12,15422.12,15435.130000000001,1399
2026-04-17T05:30:00+00:00,15435.130000000001,15437.130000000001,15413.12,15431.130000000001,1132
2026-04-17T05:45:00+00:00,15431.130000000001,15462.130000000001,15425.110000000002,15447.130000000001,1231
2026-04-17T06:00:00+00:00,15447.130000000001,15454.130000000001,15435.12,15437.630000000001,864
2026-04-17T06:15:00+00:00,15437.630000000001,15438.12,15424.110000000002,15428.130000000001,613
2026-04-17T06:30:00+00:00,15428.130000000001,15437.130000000001,15421.12,15426.130000000001,807
2026-04-17T06:45:00+00:00,15426.130000000001,15431.130000000001,15410.630000000001,15417.12,1438
2026-04-17T07:00:00+00:00,15417.12,15430.130000000001,15415.110000000002,15426.110000000002,557
2026-04-17T07:15:00+00:00,15426.110000000002,15429.62,15420.610000000002,15427.630000000001,228
2026-04-17T07:30:00+00:00,15427.630000000001,15432.62,15425.110000000002,15430.130000000001,196
2026-04-17T07:45:00+00:00,15430.130000000001,15440.130000000001,15427.110000000002,15436.630000000001,202
2026-04-17T08:00:00+00:00,15436.630000000001,15441.610000000002,15431.110000000002,15438.130000000001,286
2026-04-17T08:15:00+00:00,15438.130000000001,15445.610000000002,15437.110000000002,15443.610000000002,312
2026-04-17T09:00:00+00:00,15443.610000000002,15443.610000000002,15431.130000000001,15434.630000000001,164
2026-04-17T09:15:00+00:00,15434.630000000001,15443.130000000001,15432.110000000002,15441.62,252
2026-04-17T09:30:00+00:00,15441.62,15443.12,15433.110000000002,15434.630000000001,208
2026-04-17T09:45:00+00:00,15434.630000000001,15440.610000000002,15433.110000000002,15436.110000000002,138
2026-04-17T10:00:00+00:00,15436.110000000002,15436.110000000002,15428.12,15429.610000000002,126
2026-04-17T10:15:00+00:00,15429.610000000002,15434.630000000001,15429.12,15431.630000000001,88
2026-04-17T10:30:00+00:00,15431.630000000001,15434.62,15430.110000000002,15430.110000000002,87
2026-04-17T10:45:00+00:00,15430.110000000002,15431.12,15423.130000000001,15430.110000000002,142
2026-04-17T11:00:00+00:00,15430.110000000002,15433.130000000001,15429.12,15429.12,107
2026-04-17T11:15:00+00:00,15429.12,15437.130000000001,15429.110000000002,15437.12,85
2026-04-17T11:30:00+00:00,15437.12,15441.130000000001,15436.110000000002,15438.130000000001,133
2026-04-17T11:45:00+00:00,15438.130000000001,15439.630000000001,15436.110000000002,15438.62,150
2026-04-17T12:00:00+00:00,15438.62,15443.130000000001,15438.110000000002,15440.12,170
2026-04-17T12:15:00+00:00,15440.12,15452.630000000001,15435.130000000001,15448.630000000001,626
2026-04-17T12:30:00+00:00,15448.630000000001,15454.130000000001,15444.110000000002,15444.110000000002,430
2026-04-17T12:45:00+00:00,15444.110000000002,15491.130000000001,15443.110000000002,15488.130000000001,2156
2026-04-17T13:00:00+00:00,15488.130000000001,15506.610000000002,15478.610000000002,15506.12,1024
2026-04-17T13:15:00+00:00,15506.12,15510.12,15491.110000000002,15496.110000000002,1065
2026-04-17T13:30:00+00:00,15496.110000000002,15520.130000000001,15489.110000000002,15503.630000000001,1593
2026-04-17T13:45:00+00:00,15503.630000000001,15510.110000000002,15477.130000000001,15508.130000000001,1836
2026-04-17T14:00:00+00:00,15508.130000000001,15516.12,15504.110000000002,15512.630000000001,811
2026-04-17T14:15:00+00:00,15512.630000000001,15521.130000000001,15508.130000000001,15513.62,821
2026-04-17T14:30:00+00:00,15513.62,15531.130000000001,15511.110000000002,15523.12,913
2026-04-17T14:45:00+00:00,15523.12,15529.130000000001,15520.62,15525.110000000002,668
2026-04-17T15:00:00+00:00,15525.110000000002,15531.130000000001,15517.110000000002,15526.12,1137
2026-04-17T15:15:00+00:00,15526.12,15534.12,15522.110000000002,15531.12,810
2026-04-17T15:30:00+00:00,15531.12,15543.62,15530.62,15537.62,619.7623354708066
2026-04-17T15:45:00+00:00,15537.62,15549.630000000001,15537.610000000002,15544.610000000002,768
2026-04-17T16:00:00+00:00,15544.610000000002,15548.630000000001,15539.610000000002,15548.130000000001,411
2026-04-17T16:15:00+00:00,15548.130000000001,15553.630000000001,15545.610000000002,15551.630000000001,317
2026-04-17T16:30:00+00:00,15551.630000000001,15559.630000000001,15551.62,15553.610000000002,194
2026-04-17T16:45:00+00:00,15553.610000000002,15554.62,15549.610000000002,15549.610000000002,150
2026-04-17T17:00:00+00:00,15549.610000000002,15550.630000000001,15534.610000000002,15540.62,805
2026-04-17T17:15:00+00:00,15540.62,15542.630000000001,15516.62,15522.610000000002,1426
2026-04-17T17:30:00+00:00,15522.610000000002,15526.630000000001,15518.610000000002,15520.630000000001,639
2026-04-17T17:45:00+00:00,15520.630000000001,15530.630000000001,15520.12,15528.610000000002,343
2026-04-17T18:00:00+00:00,15528.610000000002,15529.630000000001,15519.610000000002,15520.62,382
2026-04-17T18:15:00+00:00,15520.62,15529.630000000001,15519.610000000002,15523.630000000001,646
2026-04-17T18:30:00+00:00,15523.630000000001,15528.630000000001,15522.62,15526.130000000001,294
2026-04-17T18:45:00+00:00,15526.130000000001,15527.630000000001,15516.610000000002,15521.610000000002,418
2026-04-17T19:00:00+00:00,15521.610000000002,15523.630000000001,15517.610000000002,15520.110000000002,214
2026-04-17T19:15:00+00:00,15520.110000000002,15523.630000000001,15519.62,15520.610000000002,171
2026-04-17T19:30:00+00:00,15520.610000000002,15528.630000000001,15520.610000000002,15528.610000000002,213
2026-04-17T19:45:00+00:00,15528.610000000002,15529.630000000001,15522.610000000002,15528.130000000001,494
2026-04-17T20:00:00+00:00,15528.130000000001,15529.62,15524.610000000002,15525.12,50.82223962411903
2026-04-17T20:15:00+00:00,15525.12,15526.630000000001,15524.12,15524.62,42.41306978620412
2026-04-17T20:30:00+00:00,15524.62,15525.630000000001,15522.630000000001,15523.630000000001,54.520594672958296
2026-04-20T01:00:00+00:00,15523.630000000001,15524.130000000001,15457.690000000002,15474.2,668.5079365079365
2026-04-20T01:15:00+00:00,15474.2,15474.2,15392.690000000002,15413.7,2147
2026-04-20T01:30:00+00:00,15413.7,15455.210000000001,15362.690000000002,15427.690000000002,9445
2026-04-20T01:45:00+00:00,15427.690000000002,15493.7,15413.2,15492.190000000002,5369
2026-04-20T02:00:00+00:00,15492.190000000002,15504.7,15457.190000000002,15468.2,4487
2026-04-20T02:15:00+00:00,15468.2,15496.190000000002,15445.7,15483.2,3417
2026-04-20T02:30:00+00:00,15483.2,15497.710000000001,15469.210000000001,15469.210000000001,3388
2026-04-20T02:45:00+00:00,15469.210000000001,15513.710000000001,15464.190000000002,15511.7,2172
2026-04-20T03:00:00+00:00,15511.7,15526.690000000002,15465.690000000002,15467.190000000002,2612
2026-04-20T03:15:00+00:00,15467.190000000002,15495.710000000001,15451.710000000001,15493.710000000001,1738
2026-04-20T03:30:00+00:00,15493.710000000001,15494.710000000001,15480.2,15482.2,379
2026-04-20T03:45:00+00:00,15482.2,15482.7,15477.690000000002,15479.7,239
2026-04-20T04:00:00+00:00,15479.7,15480.210000000001,15466.710000000001,15467.210000000001,145
2026-04-20T04:15:00+00:00,15467.210000000001,15467.210000000001,15461.190000000002,15463.7,169
2026-04-20T04:30:00+00:00,15463.7,15470.710000000001,15462.690000000002,15469.190000000002,94
2026-04-20T04:45:00+00:00,15469.190000000002,15475.190000000002,15467.690000000002,15472.190000000002,110
2026-04-20T05:00:00+00:00,15472.190000000002,15518.2,15472.190000000002,15511.2,3114
2026-04-20T05:15:00+00:00,15511.2,15522.710000000001,15481.690000000002,15487.710000000001,2161
2026-04-20T05:30:00+00:00,15487.710000000001,15490.710000000001,15454.690000000002,15460.710000000001,1857
2026-04-20T05:45:00+00:00,15460.710000000001,15478.210000000001,15458.190000000002,15464.2,1642
2026-04-20T06:00:00+00:00,15464.2,15494.690000000002,15462.710000000001,15485.2,1441
2026-04-20T06:15:00+00:00,15485.2,15492.710000000001,15477.690000000002,15480.7,1231
2026-04-20T06:30:00+00:00,15480.7,15491.190000000002,15473.690000000002,15489.690000000002,1128
2026-04-20T06:45:00+00:00,15489.690000000002,15513.710000000001,15487.190000000002,15506.690000000002,1681
2026-04-20T07:00:00+00:00,15506.690000000002,15518.710000000001,15506.690000000002,15518.7,685
2026-04-20T07:15:00+00:00,15518.7,15518.710000000001,15508.690000000002,15509.710000000001,199
2026-04-20T07:30:00+00:00,15509.710000000001,15509.710000000001,15491.690000000002,15500.690000000002,614
2026-04-20T07:45:00+00:00,15500.690000000002,15500.690000000002,15488.690000000002,15495.7,330
2026-04-20T08:00:00+00:00,15495.7,15506.710000000001,15494.710000000001,15504.210000000001,427
2026-04-20T08:15:00+00:00,15504.210000000001,15505.7,15488.690000000002,15505.690000000002,512
2026-04-20T09:00:00+00:00,15505.690000000002,15505.690000000002,15494.190000000002,15496.190000000002,230
2026-04-20T09:15:00+00:00,15496.190000000002,15501.2,15496.190000000002,15496.7,224
2026-04-20T09:30:00+00:00,15496.7,15501.210000000001,15495.690000000002,15501.210000000001,169
2026-04-20T09:45:00+00:00,15501.210000000001,15501.210000000001,15493.710000000001,15493.710000000001,144
2026-04-20T10:00:00+00:00,15493.710000000001,15510.690000000002,15493.710000000001,15506.2,136
2026-04-20T10:15:00+00:00,15506.2,15513.210000000001,15502.690000000002,15505.210000000001,172.9813765182186
2026-04-20T10:30:00+00:00,15505.210000000001,15507.210000000001,15501.690000000002,15503.710000000001,112
2026-04-20T10:45:00+00:00,15503.710000000001,15512.7,15503.690000000002,15512.7,134
2026-04-20T11:00:00+00:00,15512.7,15519.710000000001,15508.710000000001,15518.7,188
2026-04-20T11:15:00+00:00,15518.7,15525.710000000001,15518.7,15519.7,256
2026-04-20T11:30:00+00:00,15519.7,15523.710000000001,15515.7,15519.690000000002,312
2026-04-20T11:45:00+00:00,15519.690000000002,15526.710000000001,15519.690000000002,15523.7,189
2026-04-20T12:00:00+00:00,15523.7,15531.690000000002,15516.690000000002,15524.690000000002,313
2026-04-20T12:15:00+00:00,15524.690000000002,15530.710000000001,15520.690000000002,15521.710000000001,207
2026-04-20T12:30:00+00:00,15521.710000000001,15526.690000000002,15519.690000000002,15524.710000000001,257
2026-04-20T12:45:00+00:00,15524.710000000001,15526.710000000001,15521.690000000002,15524.710000000001,158
2026-04-20T13:00:00+00:00,15524.710000000001,15540.710000000001,15521.7,15535.690000000002,696
2026-04-20T13:15:00+00:00,15535.690000000002,15549.690000000002,15534.710000000001,15549.2,285
2026-04-20T13:30:00+00:00,15549.2,15554.7,15538.690000000002,15545.7,954
2026-04-20T13:45:00+00:00,15545.7,15552.7,15540.690000000002,15546.690000000002,590
2026-04-20T14:00:00+00:00,15546.690000000002,15551.690000000002,15541.690000000002,15550.210000000001,470
2026-04-20T14:15:00+00:00,15550.210000000001,15555.7,15547.7,15552.7,541
2026-04-20T14:30:00+00:00,15552.7,15554.690000000002,15535.2,15544.2,489
2026-04-20T14:45:00+00:00,15544.2,15544.2,15509.690000000002,15524.190000000002,1734
2026-04-20T15:00:00+00:00,15524.190000000002,15532.710000000001,15520.690000000002,15526.690000000002,739
2026-04-20T15:15:00+00:00,15526.690000000002,15540.710000000001,15524.690000000002,15538.7,1004
2026-04-20T15:30:00+00:00,15538.7,15539.7,15530.7,15533.190000000002,628
2026-04-20T15:45:00+00:00,15533.190000000002,15534.710000000001,15527.690000000002,15534.190000000002,275
2026-04-20T16:00:00+00:00,15534.190000000002,15542.710000000001,15531.2,15540.7,200
2026-04-20T16:15:00+00:00,15540.7,15544.7,15536.7,15540.7,224
2026-04-20T16:30:00+00:00,15540.7,15542.710000000001,15533.710000000001,15537.710000000001,296
2026-04-20T16:45:00+00:00,15537.710000000001,15541.710000000001,15535.710000000001,15537.7,182
2026-04-20T17:00:00+00:00,15537.7,15543.710000000001,15537.690000000002,15542.710000000001,306
2026-04-20T17:15:00+00:00,15542.710000000001,15544.710000000001,15540.690000000002,15541.7,146.68739551989302
2026-04-20T17:30:00+00:00,15541.7,15546.7,15539.690000000002,15543.690000000002,252
2026-04-20T17:45:00+00:00,15543.690000000002,15547.710000000001,15543.2,15545.7,91
2026-04-20T18:00:00+00:00,15545.7,15550.690000000002,15542.710000000001,15550.690000000002,260
2026-04-20T18:15:00+00:00,15550.690000000002,15552.710000000001,15546.690000000002,15547.690000000002,194
2026-04-20T18:30:00+00:00,15547.690000000002,15550.710000000001,15545.2,15546.690000000002,186
2026-04-20T18:45:00+00:00,15546.690000000002,15552.710000000001,15545.690000000002,15550.2,106
2026-04-20T19:00:00+00:00,15550.2,15552.710000000001,15548.710000000001,15552.710000000001,84.01370906321401
2026-04-20T19:15:00+00:00,15552.710000000001,15552.710000000001,15548.710000000001,15549.2,61.04217356042174
2026-04-20T19:30:00+00:00,15549.2,15551.710000000001,15538.690000000002,15539.710000000001,171
2026-04-20T19:45:00+00:00,15539.710000000001,15545.210000000001,15538.710000000001,15545.210000000001,96
2026-04-20T20:00:00+00:00,15545.210000000001,15545.210000000001,15541.7,15543.7,43.00768403119428
2026-04-20T20:15:00+00:00,15543.7,15544.2,15541.690000000002,15543.210000000001,42.19074743935967
2026-04-20T20:30:00+00:00,15543.210000000001,15545.210000000001,15540.690000000002,15544.2,50
2026-04-21T01:00:00+00:00,15544.2,15544.2,15529.220000000001,15529.7,183.8522062732589
2026-04-21T01:15:00+00:00,15529.7,15531.710000000001,15492.7,15500.710000000001,1400
2026-04-21T01:30:00+00:00,15500.710000000001,15519.220000000001,15400.7,15460.2,8035
2026-04-21T01:45:00+00:00,15460.2,15500.7,15451.7,15469.220000000001,5260
2026-04-21T02:00:00+00:00,15469.220000000001,15485.720000000001,15449.2,15464.710000000001,3761
2026-04-21T02:15:00+00:00,15464.710000000001,15469.2,15430.7,15452.7,3250
2026-04-21T02:30:00+00:00,15452.7,15467.720000000001,15439.2,15458.7,2528
2026-04-21T02:45:00+00:00,15458.7,15483.720000000001,15455.7,15483.710000000001,1983
2026-04-21T03:00:00+00:00,15483.710000000001,15490.220000000001,15450.7,15463.210000000001,1917
2026-04-21T03:15:00+00:00,15463.210000000001,15469.220000000001,15451.720000000001,15456.7,1394
2026-04-21T03:30:00+00:00,15456.7,15463.720000000001,15456.2,15463.720000000001,386
2026-04-21T03:45:00+00:00,15463.720000000001,15466.720000000001,15462.7,15465.7,250
2026-04-21T04:00:00+00:00,15465.7,15467.7,15464.7,15465.2,76
2026-04-21T04:15:00+00:00,15465.2,15467.710000000001,15464.7,15465.720000000001,71.60228337283152
2026-04-21T04:30:00+00:00,15465.720000000001,15469.220000000001,15465.7,15466.220000000001,44
2026-04-21T04:45:00+00:00,15466.220000000001,15467.720000000001,15464.7,15467.710000000001,69
2026-04-21T05:00:00+00:00,15467.710000000001,15527.210000000001,15465.710000000001,15526.710000000001,2773
2026-04-21T05:15:00+00:00,15526.710000000001,15536.720000000001,15504.7,15530.710000000001,1890
2026-04-21T05:30:00+00:00,15530.710000000001,15572.210000000001,15530.220000000001,15570.220000000001,1989
2026-04-21T05:45:00+00:00,15570.220000000001,15572.710000000001,15536.2,15538.7,1483
2026-04-21T06:00:00+00:00,15538.7,15547.210000000001,15525.7,15534.720000000001,1379
2026-04-21T06:15:00+00:00,15534.720000000001,15552.720000000001,15531.710000000001,15544.7,1193
2026-04-21T06:30:00+00:00,15544.7,15561.720000000001,15544.210000000001,15558.220000000001,1150
2026-04-21T06:45:00+00:00,15558.220000000001,15571.220000000001,15557.7,15566.7,1225
2026-04-21T07:00:00+00:00,15566.7,15567.7,15553.7,15555.710000000001,312
2026-04-21T07:15:00+00:00,15555.710000000001,15567.7,15554.7,15565.720000000001,278
2026-04-21T07:30:00+00:00,15565.720000000001,15567.720000000001,15562.7,15565.7,161
2026-04-21T07:45:00+00:00,15565.7,15567.720000000001,15560.7,15561.210000000001,337
2026-04-21T08:00:00+00:00,15561.210000000001,15564.720000000001,15558.7,15561.720000000001,422
2026-04-21T08:15:00+00:00,15561.720000000001,15572.220000000001,15560.7,15572.220000000001,279
2026-04-21T09:00:00+00:00,15572.220000000001,15572.710000000001,15559.220000000001,15561.7,181
2026-04-21T09:15:00+00:00,15561.7,15564.710000000001,15552.720000000001,15554.720000000001,159
2026-04-21T09:30:00+00:00,15554.720000000001,15558.220000000001,15551.2,15556.210000000001,144
2026-04-21T09:45:00+00:00,15556.210000000001,15564.720000000001,15555.720000000001,15557.7,107.42562974805703
2026-04-21T10:00:00+00:00,15557.7,15559.720000000001,15553.7,15555.7,108
2026-04-21T10:15:00+00:00,15555.7,15556.720000000001,15547.710000000001,15548.7,116
2026-04-21T10:30:00+00:00,15548.7,15552.720000000001,15547.7,15547.7,124
2026-04-21T10:45:00+00:00,15547.7,15553.720000000001,15546.7,15553.720000000001,91.34104046242774
2026-04-21T11:00:00+00:00,15553.720000000001,15557.720000000001,15545.7,15552.710000000001,433
2026-04-21T11:15:00+00:00,15552.710000000001,15561.720000000001,15550.7,15561.220000000001,177
2026-04-21T11:30:00+00:00,15561.220000000001,15567.720000000001,15561.210000000001,15563.720000000001,197
2026-04-21T11:45:00+00:00,15563.720000000001,15563.720000000001,15558.7,15559.720000000001,91.08852459016393
2026-04-21T12:00:00+00:00,15559.720000000001,15561.720000000001,15556.7,15560.720000000001,139
2026-04-21T12:15:00+00:00,15560.720000000001,15560.720000000001,15548.7,15551.210000000001,260
2026-04-21T12:30:00+00:00,15551.210000000001,15552.220000000001,15533.7,15536.710000000001,557
2026-04-21T12:45:00+00:00,15536.710000000001,15539.720000000001,15531.7,15538.720000000001,359
2026-04-21T13:00:00+00:00,15538.720000000001,15543.720000000001,15536.220000000001,15536.220000000001,191
2026-04-21T13:15:00+00:00,15536.220000000001,15540.720000000001,15535.710000000001,15539.220000000001,295
2026-04-21T13:30:00+00:00,15539.220000000001,15543.720000000001,15532.210000000001,15535.7,947
2026-04-21T13:45:00+00:00,15535.7,15542.720000000001,15531.7,15540.220000000001,500
2026-04-21T14:00:00+00:00,15540.220000000001,15541.7,15532.7,15535.7,451
2026-04-21T14:15:00+00:00,15535.7,15538.2,15531.7,15535.720000000001,348
2026-04-21T14:30:00+00:00,15535.720000000001,15537.2,15523.710000000001,15524.720000000001,681
2026-04-21T14:45:00+00:00,15524.720000000001,15524.720000000001,15495.7,15497.220000000001,847
2026-04-21T15:00:00+00:00,15497.220000000001,15504.720000000001,15485.7,15500.720000000001,1194
2026-04-21T15:15:00+00:00,15500.720000000001,15505.720000000001,15485.7,15486.210000000001,958
2026-04-21T15:30:00+00:00,15486.210000000001,15494.720000000001,15473.210000000001,15490.7,991
2026-04-21T15:45:00+00:00,15490.7,15497.710000000001,15489.720000000001,15493.710000000001,505
2026-04-21T16:00:00+00:00,15493.710000000001,15503.7,15486.720000000001,15489.7,765
2026-04-21T16:15:00+00:00,15489.7,15492.720000000001,15480.7,15481.2,368
2026-04-21T16:30:00+00:00,15481.2,15489.720000000001,15477.210000000001,15478.720000000001,371
2026-04-21T16:45:00+00:00,15478.720000000001,15484.720000000001,15474.7,15475.7,240
2026-04-21T17:00:00+00:00,15475.7,15479.720000000001,15456.7,15459.220000000001,1051
2026-04-21T17:15:00+00:00,15459.220000000001,15461.720000000001,15448.210000000001,15455.710000000001,564
2026-04-21T17:30:00+00:00,15455.710000000001,15481.720000000001,15455.710000000001,15473.7,1284
2026-04-21T17:45:00+00:00,15473.7,15474.210000000001,15461.720000000001,15467.710000000001,464
2026-04-21T18:00:00+00:00,15467.710000000001,15475.710000000001,15465.7,15466.720000000001,451
2026-04-21T18:15:00+00:00,15466.720000000001,15467.720000000001,15452.710000000001,15460.7,741
2026-04-21T18:30:00+00:00,15460.7,15469.7,15460.7,15461.7,298
2026-04-21T18:45:00+00:00,15461.7,15481.2,15457.220000000001,15472.710000000001,1021
2026-04-21T19:00:00+00:00,15472.710000000001,15480.710000000001,15469.720000000001,15474.210000000001,583
2026-04-21T19:15:00+00:00,15474.210000000001,15483.720000000001,15471.7,15483.7,516
2026-04-21T19:30:00+00:00,15483.7,15484.720000000001,15442.7,15446.2,1030
2026-04-21T19:45:00+00:00,15446.2,15454.720000000001,15438.2,15447.220000000001,1280
2026-04-21T20:00:00+00:00,15447.220000000001,15474.720000000001,15439.720000000001,15469.210000000001,598
2026-04-21T20:15:00+00:00,15469.210000000001,15476.2,15468.210000000001,15472.2,120
2026-04-21T20:30:00+00:00,15472.2,15473.710000000001,15470.7,15471.220000000001,49.88687534321801
2026-04-22T01:00:00+00:00,15471.220000000001,15492.090000000002,15469.720000000001,15489.080000000002,305.8810447080292
2026-04-22T01:15:00+00:00,15489.080000000002,15498.590000000002,15474.570000000002,15486.570000000002,898
2026-04-22T01:30:00+00:00,15486.570000000002,15582.580000000002,15464.570000000002,15559.590000000002,7822
2026-04-22T01:45:00+00:00,15559.590000000002,15578.580000000002,15510.070000000002,15515.570000000002,5027
2026-04-22T02:00:00+00:00,15515.570000000002,15543.080000000002,15508.570000000002,15516.570000000002,3296
2026-04-22T02:15:00+00:00,15516.570000000002,15555.580000000002,15516.070000000002,15548.570000000002,2365
2026-04-22T02:30:00+00:00,15548.570000000002,15573.590000000002,15539.090000000002,15549.590000000002,2221
2026-04-22T02:45:00+00:00,15549.590000000002,15556.580000000002,15524.590000000002,15539.590000000002,1716
2026-04-22T03:00:00+00:00,15539.590000000002,15564.590000000002,15521.570000000002,15531.590000000002,2062
2026-04-22T03:15:00+00:00,15531.590000000002,15568.080000000002,15524.590000000002,15563.580000000002,1872
2026-04-22T03:30:00+00:00,15563.580000000002,15570.590000000002,15559.080000000002,15565.070000000002,478
2026-04-22T03:45:00+00:00,15565.070000000002,15566.590000000002,15560.080000000002,15561.590000000002,228
2026-04-22T04:00:00+00:00,15561.590000000002,15572.580000000002,15561.570000000002,15571.580000000002,173
2026-04-22T04:15:00+00:00,15571.580000000002,15571.580000000002,15566.570000000002,15568.090000000002,92.84897119341564
2026-04-22T04:30:00+00:00,15568.090000000002,15571.590000000002,15567.080000000002,15571.070000000002,75
2026-04-22T04:45:00+00:00,15571.070000000002,15572.070000000002,15567.570000000002,15567.580000000002,125
2026-04-22T05:00:00+00:00,15567.580000000002,15572.580000000002,15532.570000000002,15565.580000000002,3056
2026-04-22T05:15:00+00:00,15565.580000000002,15591.590000000002,15562.570000000002,15581.590000000002,2563
2026-04-22T05:30:00+00:00,15581.590000000002,15598.580000000002,15576.070000000002,15582.570000000002,2055
2026-04-22T05:45:00+00:00,15582.570000000002,15588.590000000002,15567.570000000002,15582.580000000002,1902
2026-04-22T06:00:00+00:00,15582.580000000002,15602.590000000002,15570.070000000002,15573.090000000002,1762
2026-04-22T06:15:00+00:00,15573.090000000002,15621.580000000002,15573.090000000002,15615.070000000002,1491
2026-04-22T06:30:00+00:00,15615.070000000002,15625.580000000002,15610.570000000002,15622.580000000002,1675
2026-04-22T06:45:00+00:00,15622.580000000002,15633.590000000002,15619.570000000002,15630.070000000002,1984
2026-04-22T07:00:00+00:00,15630.070000000002,15636.590000000002,15622.070000000002,15629.570000000002,546
2026-04-22T07:15:00+00:00,15629.570000000002,15630.580000000002,15619.570000000002,15627.070000000002,475
2026-04-22T07:30:00+00:00,15627.070000000002,15630.590000000002,15623.570000000002,15628.080000000002,194
2026-04-22T07:45:00+00:00,15628.080000000002,15632.590000000002,15620.590000000002,15626.090000000002,259
2026-04-22T08:00:00+00:00,15626.090000000002,15627.590000000002,15618.570000000002,15619.580000000002,355
2026-04-22T08:15:00+00:00,15619.580000000002,15626.580000000002,15617.090000000002,15626.570000000002,268
2026-04-22T09:00:00+00:00,15626.570000000002,15626.570000000002,15612.070000000002,15613.080000000002,256
2026-04-22T09:15:00+00:00,15613.080000000002,15614.080000000002,15600.570000000002,15607.090000000002,206
2026-04-22T09:30:00+00:00,15607.090000000002,15612.080000000002,15604.590000000002,15608.580000000002,186
2026-04-22T09:45:00+00:00,15608.580000000002,15610.590000000002,15598.070000000002,15600.590000000002,251
2026-04-22T10:00:00+00:00,15600.590000000002,15603.590000000002,15587.570000000002,15590.570000000002,365
2026-04-22T10:15:00+00:00,15590.570000000002,15600.090000000002,15589.590000000002,15594.080000000002,211
2026-04-22T10:30:00+00:00,15594.080000000002,15596.570000000002,15590.590000000002,15592.590000000002,197
2026-04-22T10:45:00+00:00,15592.590000000002,15597.590000000002,15592.590000000002,15596.570000000002,105
2026-04-22T11:00:00+00:00,15596.570000000002,15598.580000000002,15591.570000000002,15592.590000000002,234
2026-04-22T11:15:00+00:00,15592.590000000002,15605.590000000002,15591.570000000002,15604.570000000002,235
2026-04-22T11:30:00+00:00,15604.570000000002,15605.590000000002,15599.080000000002,15599.570000000002,284
2026-04-22T11:45:00+00:00,15599.570000000002,15604.590000000002,15598.570000000002,15602.570000000002,236
2026-04-22T12:00:00+00:00,15602.570000000002,15606.590000000002,15602.080000000002,15605.580000000002,235
2026-04-22T12:15:00+00:00,15605.580000000002,15609.580000000002,15599.090000000002,15599.580000000002,302
2026-04-22T12:30:00+00:00,15599.580000000002,15602.590000000002,15592.570000000002,15599.570000000002,447
2026-04-22T12:45:00+00:00,15599.570000000002,15603.580000000002,15589.590000000002,15589.590000000002,264
2026-04-22T13:00:00+00:00,15589.590000000002,15605.590000000002,15586.070000000002,15591.080000000002,487
2026-04-22T13:15:00+00:00,15591.080000000002,15606.070000000002,15588.570000000002,15599.580000000002,723
2026-04-22T13:30:00+00:00,15599.580000000002,15602.080000000002,15586.590000000002,15592.580000000002,1128
2026-04-22T13:45:00+00:00,15592.580000000002,15605.580000000002,15591.570000000002,15602.590000000002,697
2026-04-22T14:00:00+00:00,15602.590000000002,15606.590000000002,15600.570000000002,15604.580000000002,437
2026-04-22T14:15:00+00:00,15604.580000000002,15616.580000000002,15604.580000000002,15615.090000000002,489
2026-04-22T14:30:00+00:00,15615.090000000002,15616.590000000002,15595.570000000002,15597.580000000002,782
2026-04-22T14:45:00+00:00,15597.580000000002,15606.070000000002,15596.570000000002,15604.580000000002,428
2026-04-22T15:00:00+00:00,15604.580000000002,15613.580000000002,15600.070000000002,15608.580000000002,505
2026-04-22T15:15:00+00:00,15608.580000000002,15615.590000000002,15603.570000000002,15613.590000000002,457
2026-04-22T15:30:00+00:00,15613.590000000002,15618.590000000002,15605.570000000002,15607.590000000002,435
2026-04-22T15:45:00+00:00,15607.590000000002,15611.590000000002,15604.570000000002,15605.570000000002,290
2026-04-22T16:00:00+00:00,15605.570000000002,15614.570000000002,15605.570000000002,15611.580000000002,284
2026-04-22T16:15:00+00:00,15611.580000000002,15612.590000000002,15603.570000000002,15605.070000000002,254
2026-04-22T16:30:00+00:00,15605.070000000002,15610.590000000002,15601.580000000002,15605.580000000002,357
2026-04-22T16:45:00+00:00,15605.580000000002,15608.590000000002,15604.070000000002,15605.580000000002,262
2026-04-22T17:00:00+00:00,15605.580000000002,15620.590000000002,15604.570000000002,15613.590000000002,647
2026-04-22T17:15:00+00:00,15613.590000000002,15620.590000000002,15611.570000000002,15617.580000000002,265
2026-04-22T17:30:00+00:00,15617.580000000002,15619.090000000002,15613.570000000002,15615.590000000002,120
2026-04-22T17:45:00+00:00,15615.590000000002,15616.580000000002,15608.570000000002,15608.570000000002,242
2026-04-22T18:00:00+00:00,15608.570000000002,15609.090000000002,15604.080000000002,15604.080000000002,114.16322701688556
2026-04-22T18:15:00+00:00,15604.080000000002,15604.080000000002,15595.580000000002,15596.570000000002,217
2026-04-22T18:30:00+00:00,15596.570000000002,15601.590000000002,15595.580000000002,15600.570000000002,87.98689282960679
2026-04-22T18:45:00+00:00,15600.570000000002,15606.090000000002,15599.070000000002,15601.080000000002,227
2026-04-22T19:00:00+00:00,15601.080000000002,15606.070000000002,15593.570000000002,15606.070000000002,315
2026-04-22T19:15:00+00:00,15606.070000000002,15612.090000000002,15603.070000000002,15610.570000000002,151
2026-04-22T19:30:00+00:00,15610.570000000002,15610.570000000002,15606.070000000002,15609.070000000002,167
2026-04-22T19:45:00+00:00,15609.070000000002,15616.070000000002,15608.570000000002,15615.070000000002,249
2026-04-22T20:00:00+00:00,15615.070000000002,15618.590000000002,15611.570000000002,15615.580000000002,91.11711079943899
2026-04-22T20:15:00+00:00,15615.580000000002,15615.590000000002,15613.570000000002,15614.590000000002,49.68273010899925
2026-04-22T20:30:00+00:00,15614.590000000002,15615.580000000002,15612.080000000002,15614.090000000002,51
2026-04-23T01:00:00+00:00,15614.090000000002,15614.090000000002,15587.04,15594.020000000002,297.5598548972189
2026-04-23T01:15:00+00:00,15594.020000000002,15634.04,15577.530000000002,15610.030000000002,1121
2026-04-23T01:30:00+00:00,15610.030000000002,15637.04,15583.520000000002,15605.04,9601
2026-04-23T01:45:00+00:00,15605.04,15644.530000000002,15578.04,15593.030000000002,7477
2026-04-23T02:00:00+00:00,15593.030000000002,15657.030000000002,15580.520000000002,15594.030000000002,6348
2026-04-23T02:15:00+00:00,15594.030000000002,15681.520000000002,15586.530000000002,15624.04,4921
2026-04-23T02:30:00+00:00,15624.04,15634.030000000002,15541.54,15546.530000000002,4742
2026-04-23T02:45:00+00:00,15546.530000000002,15571.520000000002,15537.520000000002,15560.520000000002,3536
2026-04-23T03:00:00+00:00,15560.520000000002,15571.520000000002,15508.520000000002,15518.020000000002,3519
2026-04-23T03:15:00+00:00,15518.020000000002,15518.54,15491.520000000002,15503.54,3364
2026-04-23T03:30:00+00:00,15503.54,15510.520000000002,15497.520000000002,15506.530000000002,834
2026-04-23T03:45:00+00:00,15506.530000000002,15516.54,15506.520000000002,15509.520000000002,587
2026-04-23T04:00:00+00:00,15509.520000000002,15532.54,15509.520000000002,15531.54,230
2026-04-23T04:15:00+00:00,15531.54,15532.520000000002,15526.020000000002,15528.020000000002,145
2026-04-23T04:30:00+00:00,15528.020000000002,15532.54,15524.530000000002,15531.020000000002,141
2026-04-23T04:45:00+00:00,15531.020000000002,15534.54,15527.530000000002,15531.04,113
2026-04-23T05:00:00+00:00,15531.04,15574.54,15521.520000000002,15574.54,3038
2026-04-23T05:15:00+00:00,15574.54,15599.54,15561.520000000002,15583.520000000002,2219
2026-04-23T05:30:00+00:00,15583.520000000002,15630.54,15576.530000000002,15622.04,2373
2026-04-23T05:45:00+00:00,15622.04,15657.54,15611.04,15657.530000000002,2559
2026-04-23T06:00:00+00:00,15657.530000000002,15663.54,15594.54,15601.530000000002,2022
2026-04-23T06:15:00+00:00,15601.530000000002,15608.54,15582.020000000002,15583.530000000002,1553
2026-04-23T06:30:00+00:00,15583.530000000002,15633.520000000002,15580.54,15628.520000000002,1138
2026-04-23T06:45:00+00:00,15628.520000000002,15636.030000000002,15615.520000000002,15630.04,1377
2026-04-23T07:00:00+00:00,15630.04,15633.54,15620.520000000002,15625.520000000002,684
2026-04-23T07:15:00+00:00,15625.520000000002,15629.54,15623.530000000002,15625.530000000002,215
2026-04-23T07:30:00+00:00,15625.530000000002,15628.520000000002,15621.530000000002,15627.520000000002,229
2026-04-23T07:45:00+00:00,15627.520000000002,15634.04,15627.520000000002,15633.54,210
2026-04-23T08:00:00+00:00,15633.54,15636.04,15625.530000000002,15627.04,518
2026-04-23T08:15:00+00:00,15627.04,15639.04,15626.030000000002,15639.04,463
2026-04-23T09:00:00+00:00,15639.04,15639.04,15619.530000000002,15625.530000000002,242
2026-04-23T09:15:00+00:00,15625.530000000002,15631.520000000002,15622.04,15627.030000000002,307
2026-04-23T09:30:00+00:00,15627.030000000002,15632.04,15627.020000000002,15630.530000000002,169
2026-04-23T09:45:00+00:00,15630.530000000002,15632.54,15627.020000000002,15629.530000000002,174
2026-04-23T10:00:00+00:00,15629.530000000002,15630.530000000002,15616.520000000002,15618.54,383
2026-04-23T10:15:00+00:00,15618.54,15626.530000000002,15618.520000000002,15622.530000000002,295
2026-04-23T10:30:00+00:00,15622.530000000002,15628.530000000002,15622.520000000002,15625.520000000002,220
2026-04-23T10:45:00+00:00,15625.520000000002,15635.54,15625.520000000002,15633.54,259
2026-04-23T11:00:00+00:00,15633.54,15636.520000000002,15630.520000000002,15633.530000000002,245
2026-04-23T11:15:00+00:00,15633.530000000002,15637.54,15627.530000000002,15631.54,304
2026-04-23T11:30:00+00:00,15631.54,15643.030000000002,15628.520000000002,15643.030000000002,474
2026-04-23T11:45:00+00:00,15643.030000000002,15658.54,15641.530000000002,15652.530000000002,630
2026-04-23T12:00:00+00:00,15652.530000000002,15669.54,15652.030000000002,15666.54,748
2026-04-23T12:15:00+00:00,15666.54,15666.54,15656.530000000002,15661.020000000002,227
2026-04-23T12:30:00+00:00,15661.020000000002,15666.030000000002,15658.520000000002,15659.04,416
2026-04-23T12:45:00+00:00,15659.04,15661.54,15650.020000000002,15661.04,1092
2026-04-23T13:00:00+00:00,15661.04,15663.54,15651.530000000002,15655.04,440
2026-04-23T13:15:00+00:00,15655.04,15661.54,15655.04,15660.54,420
2026-04-23T13:30:00+00:00,15660.54,15676.54,15659.530000000002,15676.030000000002,960
2026-04-23T13:45:00+00:00,15676.030000000002,15676.030000000002,15659.520000000002,15659.54,737
2026-04-23T14:00:00+00:00,15659.54,15664.020000000002,15649.520000000002,15663.54,1075
2026-04-23T14:15:00+00:00,15663.54,15681.530000000002,15663.030000000002,15674.520000000002,809
2026-04-23T14:30:00+00:00,15674.520000000002,15678.54,15666.520000000002,15678.04,647
2026-04-23T14:45:00+00:00,15678.04,15681.54,15671.520000000002,15677.520000000002,529
2026-04-23T15:00:00+00:00,15677.520000000002,15681.54,15672.54,15678.530000000002,533
2026-04-23T15:15:00+00:00,15678.530000000002,15694.54,15676.520000000002,15689.54,446
2026-04-23T15:30:00+00:00,15689.54,15690.530000000002,15673.520000000002,15673.520000000002,493
2026-04-23T15:45:00+00:00,15673.520000000002,15674.54,15663.520000000002,15671.54,488
2026-04-23T16:00:00+00:00,15671.54,15675.54,15665.520000000002,15673.04,365
2026-04-23T16:15:00+00:00,15673.04,15675.520000000002,15667.520000000002,15669.020000000002,242
2026-04-23T16:30:00+00:00,15669.020000000002,15674.54,15666.520000000002,15671.030000000002,298
2026-04-23T16:45:00+00:00,15671.030000000002,15673.04,15665.520000000002,15668.54,284
2026-04-23T17:00:00+00:00,15668.54,15669.54,15636.530000000002,15639.530000000002,1216
2026-04-23T17:15:00+00:00,15639.530000000002,15639.54,15620.520000000002,15622.54,1072
2026-04-23T17:30:00+00:00,15622.54,15633.530000000002,15593.520000000002,15599.520000000002,1433
2026-04-23T17:45:00+00:00,15599.520000000002,15641.54,15587.520000000002,15631.04,1953
2026-04-23T18:00:00+00:00,15631.04,15647.04,15625.520000000002,15641.020000000002,807
2026-04-23T18:15:00+00:00,15641.020000000002,15650.54,15638.520000000002,15650.020000000002,1048
2026-04-23T18:30:00+00:00,15650.020000000002,15656.530000000002,15641.530000000002,15647.54,741
2026-04-23T18:45:00+00:00,15647.54,15648.520000000002,15631.520000000002,15635.04,761
2026-04-23T19:00:00+00:00,15635.04,15640.54,15629.520000000002,15637.020000000002,934
2026-04-23T19:15:00+00:00,15637.020000000002,15642.54,15636.520000000002,15638.520000000002,463
2026-04-23T19:30:00+00:00,15638.520000000002,15643.54,15628.54,15635.020000000002,738
2026-04-23T19:45:00+00:00,15635.020000000002,15644.04,15630.530000000002,15642.04,745
2026-04-23T20:00:00+00:00,15642.04,15642.04,15633.530000000002,15634.04,68
2026-04-23T20:15:00+00:00,15634.04,15636.04,15631.520000000002,15634.54,52
2026-04-23T20:30:00+00:00,15634.54,15636.04,15634.020000000002,15636.030000000002,36.57437218287186
2026-04-24T01:00:00+00:00,15636.030000000002,15648.080000000002,15628.080000000002,15635.080000000002,335.68156891904454
2026-04-24T01:15:00+00:00,15635.080000000002,15641.100000000002,15558.090000000002,15581.090000000002,2385
2026-04-24T01:30:00+00:00,15581.090000000002,15594.100000000002,15489.080000000002,15515.590000000002,9695
2026-04-24T01:45:00+00:00,15515.590000000002,15544.580000000002,15496.580000000002,15521.600000000002,5967
2026-04-24T02:00:00+00:00,15521.600000000002,15546.100000000002,15494.080000000002,15545.600000000002,5899
2026-04-24T02:15:00+00:00,15545.600000000002,15556.590000000002,15501.090000000002,15509.600000000002,4063
2026-04-24T02:30:00+00:00,15509.600000000002,15561.600000000002,15505.090000000002,15558.590000000002,4067
2026-04-24T02:45:00+00:00,15558.590000000002,15563.090000000002,15524.080000000002,15541.600000000002,3311
2026-04-24T03:00:00+00:00,15541.600000000002,15546.100000000002,15469.580000000002,15475.100000000002,4677
2026-04-24T03:15:00+00:00,15475.100000000002,15528.100000000002,15475.100000000002,15515.100000000002,4145
2026-04-24T03:30:00+00:00,15515.100000000002,15533.100000000002,15512.080000000002,15529.100000000002,828
2026-04-24T03:45:00+00:00,15529.100000000002,15542.080000000002,15529.100000000002,15535.590000000002,505
2026-04-24T04:00:00+00:00,15535.590000000002,15545.100000000002,15534.080000000002,15543.600000000002,255
2026-04-24T04:15:00+00:00,15543.600000000002,15544.600000000002,15537.080000000002,15540.090000000002,235
2026-04-24T04:30:00+00:00,15540.090000000002,15548.100000000002,15540.090000000002,15545.580000000002,169
2026-04-24T04:45:00+00:00,15545.580000000002,15549.090000000002,15543.590000000002,15544.100000000002,208
2026-04-24T05:00:00+00:00,15544.100000000002,15578.600000000002,15509.090000000002,15530.090000000002,4729
2026-04-24T05:15:00+00:00,15530.090000000002,15550.100000000002,15505.580000000002,15549.580000000002,2717
2026-04-24T05:30:00+00:00,15549.580000000002,15578.600000000002,15547.080000000002,15565.600000000002,2794
2026-04-24T05:45:00+00:00,15565.600000000002,15569.100000000002,15549.080000000002,15567.080000000002,2045
2026-04-24T06:00:00+00:00,15567.080000000002,15616.100000000002,15563.600000000002,15608.580000000002,3019
2026-04-24T06:15:00+00:00,15608.580000000002,15621.080000000002,15597.580000000002,15603.090000000002,2454
2026-04-24T06:30:00+00:00,15603.090000000002,15631.600000000002,15596.080000000002,15605.080000000002,2120
2026-04-24T06:45:00+00:00,15605.080000000002,15608.100000000002,15594.090000000002,15603.600000000002,1922
2026-04-24T07:00:00+00:00,15603.600000000002,15605.100000000002,15594.590000000002,15599.600000000002,432
2026-04-24T07:15:00+00:00,15599.600000000002,15603.600000000002,15597.080000000002,15601.090000000002,176
2026-04-24T07:30:00+00:00,15601.090000000002,15601.090000000002,15595.090000000002,15598.100000000002,217
2026-04-24T07:45:00+00:00,15598.100000000002,15603.080000000002,15597.080000000002,15602.580000000002,174
2026-04-24T08:00:00+00:00,15602.580000000002,15604.590000000002,15596.100000000002,15599.100000000002,290
2026-04-24T08:15:00+00:00,15599.100000000002,15611.100000000002,15598.090000000002,15603.600000000002,493
2026-04-24T09:00:00+00:00,15603.600000000002,15603.600000000002,15571.600000000002,15572.590000000002,254
2026-04-24T09:15:00+00:00,15572.590000000002,15580.600000000002,15555.100000000002,15568.600000000002,935
2026-04-24T09:30:00+00:00,15568.600000000002,15580.580000000002,15567.090000000002,15580.090000000002,297
2026-04-24T09:45:00+00:00,15580.090000000002,15580.100000000002,15574.080000000002,15577.580000000002,328
2026-04-24T10:00:00+00:00,15577.580000000002,15581.590000000002,15577.080000000002,15580.090000000002,242
2026-04-24T10:15:00+00:00,15580.090000000002,15589.090000000002,15580.080000000002,15587.090000000002,257
2026-04-24T10:30:00+00:00,15587.090000000002,15589.080000000002,15580.590000000002,15588.080000000002,259
2026-04-24T10:45:00+00:00,15588.080000000002,15590.100000000002,15586.090000000002,15589.090000000002,123
2026-04-24T11:00:00+00:00,15589.090000000002,15620.100000000002,15588.080000000002,15611.090000000002,1685
2026-04-24T11:15:00+00:00,15611.090000000002,15632.100000000002,15607.080000000002,15628.580000000002,1725
2026-04-24T11:30:00+00:00,15628.580000000002,15630.100000000002,15611.090000000002,15612.590000000002,573
2026-04-24T11:45:00+00:00,15612.590000000002,15613.100000000002,15604.090000000002,15610.090000000002,362
2026-04-24T12:00:00+00:00,15610.090000000002,15612.100000000002,15603.090000000002,15609.080000000002,506
2026-04-24T12:15:00+00:00,15609.080000000002,15612.600000000002,15602.080000000002,15610.100000000002,597
2026-04-24T12:30:00+00:00,15610.100000000002,15611.100000000002,15595.090000000002,15596.580000000002,525
2026-04-24T12:45:00+00:00,15596.580000000002,15597.600000000002,15584.100000000002,15595.090000000002,536
2026-04-24T13:00:00+00:00,15595.090000000002,15602.100000000002,15594.080000000002,15596.090000000002,481
2026-04-24T13:15:00+00:00,15596.090000000002,15599.090000000002,15589.080000000002,15592.100000000002,366
2026-04-24T13:30:00+00:00,15592.100000000002,15596.100000000002,15582.080000000002,15590.100000000002,1669
2026-04-24T13:45:00+00:00,15590.100000000002,15599.590000000002,15586.090000000002,15597.580000000002,1209
2026-04-24T14:00:00+00:00,15597.580000000002,15606.100000000002,15589.080000000002,15601.080000000002,2004
2026-04-24T14:15:00+00:00,15601.080000000002,15607.580000000002,15595.080000000002,15601.080000000002,979
2026-04-24T14:30:00+00:00,15601.080000000002,15610.600000000002,15599.080000000002,15604.090000000002,1022
2026-04-24T14:45:00+00:00,15604.090000000002,15606.100000000002,15598.080000000002,15605.090000000002,655
2026-04-24T15:00:00+00:00,15605.090000000002,15614.100000000002,15603.080000000002,15609.600000000002,744
2026-04-24T15:15:00+00:00,15609.600000000002,15612.100000000002,15604.080000000002,15607.600000000002,490
2026-04-24T15:30:00+00:00,15607.600000000002,15626.110000000002,15598.080000000002,15620.610000000002,741.6687242798354
2026-04-24T15:45:00+00:00,15620.610000000002,15631.620000000003,15615.610000000002,15623.600000000002,2326
2026-04-24T16:00:00+00:00,15623.600000000002,15625.620000000003,15609.600000000002,15612.100000000002,661
2026-04-24T16:15:00+00:00,15612.100000000002,15615.620000000003,15610.600000000002,15612.620000000003,309
2026-04-24T16:30:00+00:00,15612.620000000003,15618.620000000003,15610.600000000002,15613.100000000002,381
2026-04-24T16:45:00+00:00,15613.100000000002,15620.100000000002,15611.600000000002,15619.110000000002,397
2026-04-24T17:00:00+00:00,15619.110000000002,15622.620000000003,15617.600000000002,15620.620000000003,523
2026-04-24T17:15:00+00:00,15620.620000000003,15622.610000000002,15615.600000000002,15619.620000000003,280
2026-04-24T17:30:00+00:00,15619.620000000003,15625.620000000003,15617.610000000002,15624.610000000002,248
2026-04-24T17:45:00+00:00,15624.610000000002,15632.120000000003,15623.600000000002,15623.620000000003,365
2026-04-24T18:00:00+00:00,15623.620000000003,15626.610000000002,15618.100000000002,15626.110000000002,203
2026-04-24T18:15:00+00:00,15626.110000000002,15627.620000000003,15620.600000000002,15621.610000000002,278
2026-04-24T18:30:00+00:00,15621.610000000002,15625.110000000002,15620.610000000002,15622.620000000003,149
2026-04-24T18:45:00+00:00,15622.620000000003,15624.620000000003,15620.600000000002,15623.620000000003,196
2026-04-24T19:00:00+00:00,15623.620000000003,15626.620000000003,15623.600000000002,15625.610000000002,121
2026-04-24T19:15:00+00:00,15625.610000000002,15628.600000000002,15621.100000000002,15624.110000000002,134
2026-04-24T19:30:00+00:00,15624.110000000002,15626.620000000003,15621.600000000002,15625.120000000003,151
2026-04-24T19:45:00+00:00,15625.120000000003,15630.620000000003,15620.600000000002,15628.100000000002,266
2026-04-24T20:00:00+00:00,15628.100000000002,15628.120000000003,15624.620000000003,15625.600000000002,48
2026-04-24T20:15:00+00:00,15625.600000000002,15626.620000000003,15624.600000000002,15624.610000000002,36.174358974358974
2026-04-24T20:30:00+00:00,15624.610000000002,15629.620000000003,15624.610000000002,15629.600000000002,59.495847346451995
2026-04-27T01:00:00+00:00,15629.600000000002,15645.420000000002,15602.940000000002,15614.430000000002,573.0431328036323
2026-04-27T01:15:00+00:00,15614.430000000002,15614.920000000002,15592.440000000002,15604.940000000002,1026
2026-04-27T01:30:00+00:00,15604.940000000002,15666.940000000002,15585.920000000002,15619.440000000002,12866
2026-04-27T01:45:00+00:00,15619.440000000002,15654.920000000002,15597.440000000002,15620.420000000002,7259
2026-04-27T02:00:00+00:00,15620.420000000002,15648.440000000002,15575.920000000002,15588.430000000002,6283
2026-04-27T02:15:00+00:00,15588.430000000002,15624.440000000002,15588.420000000002,15597.440000000002,4521
2026-04-27T02:30:00+00:00,15597.440000000002,15600.440000000002,15565.430000000002,15574.920000000002,4011
2026-04-27T02:45:00+00:00,15574.920000000002,15578.940000000002,15541.920000000002,15545.430000000002,3934
2026-04-27T03:00:00+00:00,15545.430000000002,15553.930000000002,15532.420000000002,15542.440000000002,3324
2026-04-27T03:15:00+00:00,15542.440000000002,15553.420000000002,15526.420000000002,15544.930000000002,2787
2026-04-27T03:30:00+00:00,15544.930000000002,15579.420000000002,15544.930000000002,15577.420000000002,460
2026-04-27T03:45:00+00:00,15577.420000000002,15581.940000000002,15572.920000000002,15577.440000000002,408
2026-04-27T04:00:00+00:00,15577.440000000002,15580.440000000002,15574.430000000002,15577.420000000002,204.39140335895246
2026-04-27T04:15:00+00:00,15577.420000000002,15585.430000000002,15577.420000000002,15582.420000000002,179
2026-04-27T04:30:00+00:00,15582.420000000002,15586.440000000002,15582.420000000002,15584.420000000002,239
2026-04-27T04:45:00+00:00,15584.420000000002,15584.440000000002,15576.420000000002,15577.420000000002,235.39408493427703
2026-04-27T05:00:00+00:00,15577.420000000002,15586.940000000002,15539.420000000002,15542.920000000002,4008
2026-04-27T05:15:00+00:00,15542.920000000002,15561.440000000002,15536.420000000002,15547.940000000002,2771
2026-04-27T05:30:00+00:00,15547.940000000002,15549.440000000002,15493.420000000002,15503.440000000002,2238
2026-04-27T05:45:00+00:00,15503.440000000002,15514.430000000002,15501.420000000002,15511.430000000002,1658
2026-04-27T06:00:00+00:00,15511.430000000002,15520.940000000002,15494.920000000002,15496.940000000002,1730
2026-04-27T06:15:00+00:00,15496.940000000002,15502.940000000002,15483.420000000002,15499.420000000002,1572
2026-04-27T06:30:00+00:00,15499.420000000002,15516.420000000002,15491.440000000002,15516.420000000002,1657
2026-04-27T06:45:00+00:00,15516.420000000002,15530.930000000002,15513.420000000002,15528.420000000002,1443
2026-04-27T07:00:00+00:00,15528.420000000002,15532.440000000002,15523.420000000002,15526.920000000002,746
2026-04-27T07:15:00+00:00,15526.920000000002,15535.440000000002,15525.420000000002,15532.430000000002,285
2026-04-27T07:30:00+00:00,15532.430000000002,15534.930000000002,15526.930000000002,15533.430000000002,275
2026-04-27T07:45:00+00:00,15533.430000000002,15541.440000000002,15531.430000000002,15538.430000000002,240
2026-04-27T08:00:00+00:00,15538.430000000002,15538.940000000002,15528.420000000002,15528.930000000002,275
2026-04-27T08:15:00+00:00,15528.930000000002,15535.440000000002,15528.430000000002,15535.440000000002,250
2026-04-27T09:00:00+00:00,15535.440000000002,15542.430000000002,15532.420000000002,15536.420000000002,266
2026-04-27T09:15:00+00:00,15536.420000000002,15538.940000000002,15530.930000000002,15531.430000000002,233
2026-04-27T09:30:00+00:00,15531.430000000002,15533.440000000002,15518.420000000002,15524.430000000002,537
2026-04-27T09:45:00+00:00,15524.430000000002,15525.440000000002,15521.420000000002,15522.440000000002,231
2026-04-27T10:00:00+00:00,15522.440000000002,15523.940000000002,15514.430000000002,15516.430000000002,211
2026-04-27T10:15:00+00:00,15516.430000000002,15523.430000000002,15515.420000000002,15520.430000000002,178
2026-04-27T10:30:00+00:00,15520.430000000002,15524.440000000002,15516.420000000002,15523.430000000002,168
2026-04-27T10:45:00+00:00,15523.430000000002,15525.440000000002,15520.930000000002,15521.430000000002,170
2026-04-27T11:00:00+00:00,15521.430000000002,15523.440000000002,15517.430000000002,15518.430000000002,230
2026-04-27T11:15:00+00:00,15518.430000000002,15520.440000000002,15515.930000000002,15519.430000000002,250
2026-04-27T11:30:00+00:00,15519.430000000002,15519.940000000002,15512.420000000002,15512.440000000002,163
2026-04-27T11:45:00+00:00,15512.440000000002,15515.940000000002,15512.440000000002,15515.430000000002,144
2026-04-27T12:00:00+00:00,15515.430000000002,15517.440000000002,15511.420000000002,15512.430000000002,188
2026-04-27T12:15:00+00:00,15512.430000000002,15513.440000000002,15508.420000000002,15511.430000000002,212.97782126549248
2026-04-27T12:30:00+00:00,15511.430000000002,15512.440000000002,15485.420000000002,15493.420000000002,281.0094276094276
2026-04-27T12:45:00+00:00,15493.420000000002,15493.440000000002,15482.440000000002,15485.420000000002,329
2026-04-27T13:00:00+00:00,15485.420000000002,15491.440000000002,15484.420000000002,15490.430000000002,454
2026-04-27T13:15:00+00:00,15490.430000000002,15494.920000000002,15488.930000000002,15492.430000000002,216
2026-04-27T13:30:00+00:00,15492.430000000002,15505.940000000002,15490.430000000002,15502.430000000002,1189
2026-04-27T13:45:00+00:00,15502.430000000002,15504.430000000002,15489.920000000002,15499.440000000002,1199
2026-04-27T14:00:00+00:00,15499.440000000002,15504.440000000002,15492.420000000002,15496.430000000002,985
2026-04-27T14:15:00+00:00,15496.430000000002,15497.440000000002,15468.440000000002,15468.440000000002,816
2026-04-27T14:30:00+00:00,15468.440000000002,15480.420000000002,15461.440000000002,15475.940000000002,1290
2026-04-27T14:45:00+00:00,15475.940000000002,15483.440000000002,15468.430000000002,15480.940000000002,458
2026-04-27T15:00:00+00:00,15480.940000000002,15483.440000000002,15473.420000000002,15480.420000000002,521
2026-04-27T15:15:00+00:00,15480.420000000002,15487.440000000002,15480.420000000002,15485.940000000002,629
2026-04-27T15:30:00+00:00,15485.940000000002,15487.440000000002,15479.430000000002,15480.420000000002,360
2026-04-27T15:45:00+00:00,15480.420000000002,15483.440000000002,15478.420000000002,15482.440000000002,245
2026-04-27T16:00:00+00:00,15482.440000000002,15482.440000000002,15475.420000000002,15477.420000000002,230
2026-04-27T16:15:00+00:00,15477.420000000002,15477.420000000002,15469.420000000002,15473.430000000002,152
2026-04-27T16:30:00+00:00,15473.430000000002,15480.440000000002,15472.940000000002,15477.420000000002,137
2026-04-27T16:45:00+00:00,15477.420000000002,15479.440000000002,15476.430000000002,15478.430000000002,126
2026-04-27T17:00:00+00:00,15478.430000000002,15480.440000000002,15476.430000000002,15480.420000000002,145.71532316630356
2026-04-27T17:15:00+00:00,15480.420000000002,15481.440000000002,15473.430000000002,15480.940000000002,284
2026-04-27T17:30:00+00:00,15480.940000000002,15483.420000000002,15477.930000000002,15479.440000000002,137
2026-04-27T17:45:00+00:00,15479.440000000002,15479.440000000002,15476.420000000002,15477.430000000002,88
2026-04-27T18:00:00+00:00,15477.430000000002,15479.440000000002,15476.420000000002,15477.420000000002,99
2026-04-27T18:15:00+00:00,15477.420000000002,15481.420000000002,15476.420000000002,15480.440000000002,99
2026-04-27T18:30:00+00:00,15480.440000000002,15482.440000000002,15478.420000000002,15478.420000000002,147
2026-04-27T18:45:00+00:00,15478.420000000002,15481.440000000002,15475.420000000002,15475.440000000002,151
2026-04-27T19:00:00+00:00,15475.440000000002,15481.930000000002,15475.440000000002,15481.930000000002,114
2026-04-27T19:15:00+00:00,15481.930000000002,15483.920000000002,15478.920000000002,15481.430000000002,109
2026-04-27T19:30:00+00:00,15481.430000000002,15481.440000000002,15477.430000000002,15480.430000000002,126
2026-04-27T19:45:00+00:00,15480.430000000002,15484.940000000002,15480.430000000002,15482.420000000002,168
2026-04-27T20:00:00+00:00,15482.420000000002,15489.430000000002,15482.420000000002,15486.440000000002,52.81876332622601
2026-04-27T20:15:00+00:00,15486.440000000002,15487.440000000002,15485.420000000002,15487.440000000002,28.745516988119434
2026-04-27T20:30:00+00:00,15487.440000000002,15492.440000000002,15487.440000000002,15492.430000000002,35.629054275939694
2026-04-28T01:00:00+00:00,15492.430000000002,15500.670000000002,15483.670000000002,15494.170000000002,302.9099099099099
2026-04-28T01:15:00+00:00,15494.170000000002,15498.170000000002,15445.660000000002,15446.150000000001,1093
2026-04-28T01:30:00+00:00,15446.150000000001,15575.170000000002,15444.650000000001,15558.150000000001,10319
2026-04-28T01:45:00+00:00,15558.150000000001,15594.670000000002,15548.660000000002,15570.670000000002,6873
2026-04-28T02:00:00+00:00,15570.670000000002,15576.670000000002,15523.650000000001,15539.650000000001,6275
2026-04-28T02:15:00+00:00,15539.650000000001,15562.160000000002,15512.650000000001,15528.170000000002,4500
2026-04-28T02:30:00+00:00,15528.170000000002,15531.670000000002,15488.650000000001,15507.160000000002,3991
2026-04-28T02:45:00+00:00,15507.160000000002,15514.670000000002,15478.660000000002,15493.650000000001,2776
2026-04-28T03:00:00+00:00,15493.650000000001,15534.670000000002,15491.650000000001,15529.150000000001,2769
2026-04-28T03:15:00+00:00,15529.150000000001,15572.670000000002,15522.650000000001,15560.670000000002,2574
2026-04-28T03:30:00+00:00,15560.670000000002,15579.670000000002,15560.650000000001,15570.160000000002,590
2026-04-28T03:45:00+00:00,15570.160000000002,15573.170000000002,15563.650000000001,15564.660000000002,221
2026-04-28T04:00:00+00:00,15564.660000000002,15565.650000000001,15552.670000000002,15553.660000000002,158
2026-04-28T04:15:00+00:00,15553.660000000002,15564.170000000002,15553.150000000001,15562.160000000002,82.6886436091837
2026-04-28T04:30:00+00:00,15562.160000000002,15572.160000000002,15562.150000000001,15572.160000000002,82
2026-04-28T04:45:00+00:00,15572.160000000002,15582.170000000002,15571.170000000002,15571.660000000002,223
2026-04-28T05:00:00+00:00,15571.660000000002,15590.170000000002,15529.650000000001,15535.170000000002,3695
2026-04-28T05:15:00+00:00,15535.170000000002,15557.670000000002,15527.150000000001,15548.150000000001,2411
2026-04-28T05:30:00+00:00,15548.150000000001,15553.650000000001,15516.650000000001,15519.170000000002,2702
2026-04-28T05:45:00+00:00,15519.170000000002,15525.670000000002,15501.660000000002,15515.170000000002,1912
2026-04-28T06:00:00+00:00,15515.170000000002,15530.670000000002,15504.650000000001,15526.160000000002,1363
2026-04-28T06:15:00+00:00,15526.160000000002,15527.650000000001,15490.170000000002,15493.160000000002,1244
2026-04-28T06:30:00+00:00,15493.160000000002,15525.170000000002,15483.650000000001,15524.170000000002,1280
2026-04-28T06:45:00+00:00,15524.170000000002,15538.150000000001,15516.150000000001,15535.160000000002,971
2026-04-28T07:00:00+00:00,15535.160000000002,15541.160000000002,15525.160000000002,15541.160000000002,661
2026-04-28T07:15:00+00:00,15541.160000000002,15543.160000000002,15530.660000000002,15534.670000000002,385
2026-04-28T07:30:00+00:00,15534.670000000002,15536.170000000002,15530.150000000001,15531.660000000002,239
2026-04-28T07:45:00+00:00,15531.660000000002,15534.170000000002,15527.160000000002,15533.170000000002,207
2026-04-28T08:00:00+00:00,15533.170000000002,15533.170000000002,15521.160000000002,15522.660000000002,648
2026-04-28T08:15:00+00:00,15522.660000000002,15534.170000000002,15522.170000000002,15534.150000000001,184
2026-04-28T09:00:00+00:00,15534.150000000001,15538.160000000002,15505.160000000002,15529.150000000001,360
2026-04-28T09:15:00+00:00,15529.150000000001,15539.170000000002,15514.650000000001,15516.150000000001,423
2026-04-28T09:30:00+00:00,15516.150000000001,15527.170000000002,15515.160000000002,15527.160000000002,375
2026-04-28T09:45:00+00:00,15527.160000000002,15527.670000000002,15516.650000000001,15518.160000000002,324
2026-04-28T10:00:00+00:00,15518.160000000002,15521.670000000002,15509.650000000001,15511.150000000001,278
2026-04-28T10:15:00+00:00,15511.150000000001,15515.170000000002,15507.160000000002,15508.170000000002,274
2026-04-28T10:30:00+00:00,15508.170000000002,15513.150000000001,15505.150000000001,15507.150000000001,267
2026-04-28T10:45:00+00:00,15507.150000000001,15515.170000000002,15507.150000000001,15513.150000000001,180
2026-04-28T11:00:00+00:00,15513.150000000001,15518.650000000001,15504.650000000001,15505.170000000002,368
2026-04-28T11:15:00+00:00,15505.170000000002,15506.170000000002,15494.150000000001,15496.170000000002,428
2026-04-28T11:30:00+00:00,15496.170000000002,15496.170000000002,15486.150000000001,15491.670000000002,430
2026-04-28T11:45:00+00:00,15491.670000000002,15493.150000000001,15475.150000000001,15481.150000000001,502
2026-04-28T12:00:00+00:00,15481.150000000001,15493.660000000002,15476.160000000002,15491.150000000001,680
2026-04-28T12:15:00+00:00,15491.150000000001,15504.170000000002,15478.650000000001,15481.150000000001,1139
2026-04-28T12:30:00+00:00,15481.150000000001,15499.660000000002,15473.660000000002,15499.170000000002,489
2026-04-28T12:45:00+00:00,15499.170000000002,15517.670000000002,15499.170000000002,15517.150000000001,301
2026-04-28T13:00:00+00:00,15517.150000000001,15519.160000000002,15510.150000000001,15513.660000000002,229
2026-04-28T13:15:00+00:00,15513.660000000002,15526.150000000001,15508.660000000002,15523.170000000002,469
2026-04-28T13:30:00+00:00,15523.170000000002,15542.170000000002,15516.150000000001,15537.150000000001,1369
2026-04-28T13:45:00+00:00,15537.150000000001,15542.170000000002,15527.160000000002,15533.160000000002,786
2026-04-28T14:00:00+00:00,15533.160000000002,15539.170000000002,15523.150000000001,15534.160000000002,896
2026-04-28T14:15:00+00:00,15534.160000000002,15537.170000000002,15528.150000000001,15533.660000000002,564
2026-04-28T14:30:00+00:00,15533.660000000002,15538.170000000002,15525.150000000001,15530.150000000001,868
2026-04-28T14:45:00+00:00,15530.150000000001,15532.170000000002,15516.660000000002,15530.170000000002,1405
2026-04-28T15:00:00+00:00,15530.170000000002,15535.170000000002,15519.160000000002,15521.160000000002,839
2026-04-28T15:15:00+00:00,15521.160000000002,15526.660000000002,15509.160000000002,15512.660000000002,630
2026-04-28T15:30:00+00:00,15512.660000000002,15515.170000000002,15508.150000000001,15509.650000000001,571
2026-04-28T15:45:00+00:00,15509.650000000001,15515.170000000002,15507.150000000001,15514.160000000002,400
2026-04-28T16:00:00+00:00,15514.160000000002,15518.160000000002,15512.150000000001,15516.650000000001,407
2026-04-28T16:15:00+00:00,15516.650000000001,15516.650000000001,15511.150000000001,15515.150000000001,231
2026-04-28T16:30:00+00:00,15515.150000000001,15516.170000000002,15507.150000000001,15508.150000000001,189
2026-04-28T16:45:00+00:00,15508.150000000001,15515.170000000002,15507.170000000002,15511.170000000002,346
2026-04-28T17:00:00+00:00,15511.170000000002,15513.170000000002,15502.650000000001,15505.170000000002,217
2026-04-28T17:15:00+00:00,15505.170000000002,15512.170000000002,15500.150000000001,15509.150000000001,126
2026-04-28T17:30:00+00:00,15509.150000000001,15517.170000000002,15508.150000000001,15512.650000000001,139
2026-04-28T17:45:00+00:00,15512.650000000001,15516.170000000002,15511.670000000002,15515.160000000002,123.01345144356955
2026-04-28T18:00:00+00:00,15515.160000000002,15517.150000000001,15512.170000000002,15516.170000000002,82
2026-04-28T18:15:00+00:00,15516.170000000002,15523.160000000002,15516.170000000002,15522.670000000002,248
2026-04-28T18:30:00+00:00,15522.670000000002,15523.170000000002,15518.150000000001,15522.150000000001,127
2026-04-28T18:45:00+00:00,15522.150000000001,15522.670000000002,15513.150000000001,15515.160000000002,143
2026-04-28T19:00:00+00:00,15515.160000000002,15517.670000000002,15512.650000000001,15513.160000000002,129
2026-04-28T19:15:00+00:00,15513.160000000002,15515.170000000002,15508.660000000002,15510.160000000002,156
2026-04-28T19:30:00+00:00,15510.160000000002,15517.660000000002,15509.160000000002,15515.160000000002,121
2026-04-28T19:45:00+00:00,15515.160000000002,15524.660000000002,15514.150000000001,15524.660000000002,251
2026-04-28T20:00:00+00:00,15524.660000000002,15524.670000000002,15519.650000000001,15519.660000000002,37.19612311782541
2026-04-28T20:15:00+00:00,15519.660000000002,15519.670000000002,15514.150000000001,15516.660000000002,38.61867573009526
2026-04-28T20:30:00+00:00,15516.660000000002,15520.160000000002,15513.650000000001,15513.650000000001,44.397726405600665
2026-04-29T01:00:00+00:00,15513.650000000001,15531.020000000002,15510.500000000002,15516.520000000002,410.6306729264476
2026-04-29T01:15:00+00:00,15516.520000000002,15523.500000000002,15484.510000000002,15488.000000000002,1349
2026-04-29T01:30:00+00:00,15488.000000000002,15555.020000000002,15485.010000000002,15552.010000000002,7585
2026-04-29T01:45:00+00:00,15552.010000000002,15553.010000000002,15470.500000000002,15470.500000000002,4240
2026-04-29T02:00:00+00:00,15470.500000000002,15521.510000000002,15451.510000000002,15516.520000000002,4461
2026-04-29T02:15:00+00:00,15516.520000000002,15527.500000000002,15470.500000000002,15475.520000000002,3311
2026-04-29T02:30:00+00:00,15475.520000000002,15504.000000000002,15467.500000000002,15490.010000000002,3459
2026-04-29T02:45:00+00:00,15490.010000000002,15537.510000000002,15487.500000000002,15530.510000000002,3107
2026-04-29T03:00:00+00:00,15530.510000000002,15562.520000000002,15524.500000000002,15552.510000000002,2741
2026-04-29T03:15:00+00:00,15552.510000000002,15572.020000000002,15535.510000000002,15554.510000000002,2583
2026-04-29T03:30:00+00:00,15554.510000000002,15554.510000000002,15535.500000000002,15541.000000000002,595
2026-04-29T03:45:00+00:00,15541.000000000002,15543.520000000002,15535.500000000002,15537.510000000002,214
2026-04-29T04:00:00+00:00,15537.510000000002,15541.520000000002,15537.500000000002,15538.520000000002,161
2026-04-29T04:15:00+00:00,15538.520000000002,15541.520000000002,15535.500000000002,15541.520000000002,73.8440412782956
2026-04-29T04:30:00+00:00,15541.520000000002,15544.520000000002,15540.000000000002,15541.500000000002,70.7065021845284
2026-04-29T04:45:00+00:00,15541.500000000002,15544.520000000002,15538.500000000002,15541.010000000002,181
2026-04-29T05:00:00+00:00,15541.010000000002,15570.000000000002,15538.020000000002,15566.510000000002,3150
2026-04-29T05:15:00+00:00,15566.510000000002,15584.520000000002,15546.010000000002,15578.520000000002,2673
2026-04-29T05:30:00+00:00,15578.520000000002,15581.010000000002,15549.510000000002,15578.520000000002,2200
2026-04-29T05:45:00+00:00,15578.520000000002,15584.520000000002,15563.500000000002,15565.520000000002,1728
2026-04-29T06:00:00+00:00,15565.520000000002,15588.000000000002,15564.020000000002,15583.500000000002,1435
2026-04-29T06:15:00+00:00,15583.500000000002,15618.520000000002,15572.000000000002,15603.510000000002,1617
2026-04-29T06:30:00+00:00,15603.510000000002,15613.520000000002,15587.520000000002,15593.000000000002,1384
2026-04-29T06:45:00+00:00,15593.000000000002,15611.520000000002,15590.500000000002,15611.520000000002,1396
2026-04-29T07:00:00+00:00,15611.520000000002,15620.510000000002,15605.500000000002,15607.500000000002,342
2026-04-29T07:15:00+00:00,15607.500000000002,15622.010000000002,15605.500000000002,15622.000000000002,226
2026-04-29T07:30:00+00:00,15622.000000000002,15627.520000000002,15619.500000000002,15620.520000000002,509
2026-04-29T07:45:00+00:00,15620.520000000002,15622.520000000002,15617.500000000002,15618.510000000002,686
2026-04-29T08:00:00+00:00,15618.510000000002,15624.520000000002,15616.000000000002,15617.510000000002,448
2026-04-29T08:15:00+00:00,15617.510000000002,15623.510000000002,15614.510000000002,15622.010000000002,297
2026-04-29T09:00:00+00:00,15622.010000000002,15622.010000000002,15598.010000000002,15599.000000000002,294
2026-04-29T09:15:00+00:00,15599.000000000002,15603.020000000002,15590.010000000002,15602.020000000002,276
2026-04-29T09:30:00+00:00,15602.020000000002,15603.520000000002,15597.010000000002,15598.010000000002,297
2026-04-29T09:45:00+00:00,15598.010000000002,15598.510000000002,15587.500000000002,15589.500000000002,203
2026-04-29T10:00:00+00:00,15589.500000000002,15599.520000000002,15587.520000000002,15599.500000000002,175
2026-04-29T10:15:00+00:00,15599.500000000002,15605.010000000002,15599.500000000002,15600.520000000002,151
2026-04-29T10:30:00+00:00,15600.520000000002,15604.520000000002,15591.500000000002,15592.510000000002,185
2026-04-29T10:45:00+00:00,15592.510000000002,15594.520000000002,15588.500000000002,15594.520000000002,201
2026-04-29T11:00:00+00:00,15594.520000000002,15595.500000000002,15588.510000000002,15591.010000000002,199
2026-04-29T11:15:00+00:00,15591.010000000002,15597.520000000002,15590.500000000002,15594.500000000002,132.52907639680728
2026-04-29T11:30:00+00:00,15594.500000000002,15601.520000000002,15592.510000000002,15596.520000000002,203
2026-04-29T11:45:00+00:00,15596.520000000002,15597.510000000002,15594.000000000002,15596.010000000002,136
2026-04-29T12:00:00+00:00,15596.010000000002,15598.520000000002,15594.500000000002,15595.500000000002,157
2026-04-29T12:15:00+00:00,15595.500000000002,15598.520000000002,15592.500000000002,15593.010000000002,213
2026-04-29T12:30:00+00:00,15593.010000000002,15593.020000000002,15575.500000000002,15581.010000000002,397
2026-04-29T12:45:00+00:00,15581.010000000002,15581.010000000002,15573.510000000002,15576.500000000002,159
2026-04-29T13:00:00+00:00,15576.500000000002,15580.020000000002,15575.500000000002,15577.520000000002,214
2026-04-29T13:15:00+00:00,15577.520000000002,15579.510000000002,15566.500000000002,15569.520000000002,381
2026-04-29T13:30:00+00:00,15569.520000000002,15570.520000000002,15547.500000000002,15550.020000000002,997
2026-04-29T13:45:00+00:00,15550.020000000002,15550.020000000002,15533.510000000002,15537.500000000002,720
2026-04-29T14:00:00+00:00,15537.500000000002,15538.520000000002,15524.510000000002,15535.520000000002,900
2026-04-29T14:15:00+00:00,15535.520000000002,15550.510000000002,15532.500000000002,15548.520000000002,418
2026-04-29T14:30:00+00:00,15548.520000000002,15560.520000000002,15546.000000000002,15556.500000000002,523
2026-04-29T14:45:00+00:00,15556.500000000002,15564.510000000002,15554.500000000002,15560.510000000002,339
2026-04-29T15:00:00+00:00,15560.510000000002,15562.520000000002,15542.500000000002,15544.500000000002,479
2026-04-29T15:15:00+00:00,15544.500000000002,15560.520000000002,15542.000000000002,15558.500000000002,526
2026-04-29T15:30:00+00:00,15558.500000000002,15560.520000000002,15545.500000000002,15551.510000000002,497
2026-04-29T15:45:00+00:00,15551.510000000002,15557.510000000002,15531.500000000002,15543.500000000002,1037
2026-04-29T16:00:00+00:00,15543.500000000002,15553.010000000002,15541.510000000002,15546.500000000002,403
2026-04-29T16:15:00+00:00,15546.500000000002,15551.500000000002,15544.500000000002,15545.010000000002,356
2026-04-29T16:30:00+00:00,15545.010000000002,15545.010000000002,15535.500000000002,15541.510000000002,399
2026-04-29T16:45:00+00:00,15541.510000000002,15542.500000000002,15536.500000000002,15539.510000000002,227
2026-04-29T17:00:00+00:00,15539.510000000002,15541.520000000002,15535.510000000002,15539.520000000002,301
2026-04-29T17:15:00+00:00,15539.520000000002,15544.520000000002,15537.500000000002,15541.510000000002,398
2026-04-29T17:30:00+00:00,15541.510000000002,15546.000000000002,15539.500000000002,15542.520000000002,291
2026-04-29T17:45:00+00:00,15542.520000000002,15549.500000000002,15541.510000000002,15548.510000000002,252
2026-04-29T18:00:00+00:00,15548.510000000002,15549.000000000002,15531.500000000002,15535.010000000002,724
2026-04-29T18:15:00+00:00,15535.010000000002,15542.520000000002,15533.500000000002,15540.000000000002,518
2026-04-29T18:30:00+00:00,15540.000000000002,15548.520000000002,15529.500000000002,15529.520000000002,1586
2026-04-29T18:45:00+00:00,15529.520000000002,15545.520000000002,15526.500000000002,15545.000000000002,764.5570820167605
2026-04-29T19:00:00+00:00,15545.000000000002,15548.510000000002,15538.520000000002,15547.520000000002,571
2026-04-29T19:15:00+00:00,15547.520000000002,15550.520000000002,15545.500000000002,15546.020000000002,402
2026-04-29T19:30:00+00:00,15546.020000000002,15546.520000000002,15538.010000000002,15543.500000000002,394
2026-04-29T19:45:00+00:00,15543.500000000002,15546.020000000002,15539.000000000002,15546.020000000002,441
2026-04-29T20:00:00+00:00,15546.020000000002,15549.020000000002,15531.020000000002,15531.520000000002,389
2026-04-29T20:15:00+00:00,15531.520000000002,15541.510000000002,15530.000000000002,15541.510000000002,169
2026-04-29T20:30:00+00:00,15541.510000000002,15544.020000000002,15540.500000000002,15543.000000000002,66
2026-04-30T01:00:00+00:00,15543.000000000002,15554.690000000002,15532.690000000002,15546.690000000002,373.8365597753805
2026-04-30T01:15:00+00:00,15546.690000000002,15622.690000000002,15540.180000000002,15614.180000000002,1703
2026-04-30T01:30:00+00:00,15614.180000000002,15647.190000000002,15578.680000000002,15646.680000000002,8856
2026-04-30T01:45:00+00:00,15646.680000000002,15652.680000000002,15601.690000000002,15641.690000000002,6319
2026-04-30T02:00:00+00:00,15641.690000000002,15644.690000000002,15580.690000000002,15597.190000000002,4790
2026-04-30T02:15:00+00:00,15597.190000000002,15602.690000000002,15533.680000000002,15543.180000000002,3250
2026-04-30T02:30:00+00:00,15543.180000000002,15569.180000000002,15515.680000000002,15554.170000000002,4026
2026-04-30T02:45:00+00:00,15554.170000000002,15565.680000000002,15534.670000000002,15559.170000000002,3230
2026-04-30T03:00:00+00:00,15559.170000000002,15585.680000000002,15550.690000000002,15578.680000000002,3190
2026-04-30T03:15:00+00:00,15578.680000000002,15589.190000000002,15562.670000000002,15574.190000000002,2684
2026-04-30T03:30:00+00:00,15574.190000000002,15579.690000000002,15561.680000000002,15573.190000000002,517
2026-04-30T03:45:00+00:00,15573.190000000002,15578.170000000002,15570.670000000002,15577.670000000002,269
2026-04-30T04:00:00+00:00,15577.670000000002,15580.670000000002,15571.690000000002,15573.680000000002,171
2026-04-30T04:15:00+00:00,15573.680000000002,15574.670000000002,15559.680000000002,15559.680000000002,165
2026-04-30T04:30:00+00:00,15559.680000000002,15560.170000000002,15552.190000000002,15559.170000000002,162
2026-04-30T04:45:00+00:00,15559.170000000002,15561.690000000002,15551.670000000002,15552.690000000002,145
2026-04-30T05:00:00+00:00,15552.690000000002,15581.690000000002,15540.170000000002,15561.170000000002,3348
2026-04-30T05:15:00+00:00,15561.170000000002,15583.670000000002,15557.670000000002,15567.180000000002,1447
2026-04-30T05:30:00+00:00,15567.180000000002,15599.690000000002,15565.670000000002,15599.670000000002,1322
2026-04-30T05:45:00+00:00,15599.670000000002,15607.670000000002,15592.670000000002,15596.690000000002,1187
2026-04-30T06:00:00+00:00,15596.690000000002,15614.680000000002,15594.670000000002,15600.190000000002,846
2026-04-30T06:15:00+00:00,15600.190000000002,15609.690000000002,15588.680000000002,15606.690000000002,811
2026-04-30T06:30:00+00:00,15606.690000000002,15632.670000000002,15598.690000000002,15605.680000000002,1129
2026-04-30T06:45:00+00:00,15605.680000000002,15606.690000000002,15579.670000000002,15590.170000000002,1248
2026-04-30T07:00:00+00:00,15590.170000000002,15604.670000000002,15589.670000000002,15597.680000000002,521
2026-04-30T07:15:00+00:00,15597.680000000002,15602.170000000002,15592.170000000002,15595.170000000002,285
2026-04-30T07:30:00+00:00,15595.170000000002,15600.680000000002,15592.690000000002,15594.670000000002,313
2026-04-30T07:45:00+00:00,15594.670000000002,15596.690000000002,15588.670000000002,15594.190000000002,334
2026-04-30T08:00:00+00:00,15594.190000000002,15604.680000000002,15588.670000000002,15592.680000000002,491
2026-04-30T08:15:00+00:00,15592.680000000002,15596.180000000002,15589.680000000002,15596.180000000002,269
2026-04-30T09:00:00+00:00,15596.180000000002,15596.180000000002,15585.190000000002,15589.680000000002,191
2026-04-30T09:15:00+00:00,15589.680000000002,15596.680000000002,15583.670000000002,15596.680000000002,465
2026-04-30T09:30:00+00:00,15596.680000000002,15625.190000000002,15596.680000000002,15599.180000000002,860
2026-04-30T09:45:00+00:00,15599.180000000002,15606.690000000002,15596.670000000002,15598.690000000002,338
2026-04-30T10:00:00+00:00,15598.690000000002,15612.690000000002,15598.690000000002,15607.670000000002,292
2026-04-30T10:15:00+00:00,15607.670000000002,15620.690000000002,15605.670000000002,15618.680000000002,284
2026-04-30T10:30:00+00:00,15618.680000000002,15634.690000000002,15618.670000000002,15625.170000000002,900
2026-04-30T10:45:00+00:00,15625.170000000002,15633.690000000002,15623.670000000002,15632.690000000002,576
2026-04-30T11:00:00+00:00,15632.690000000002,15640.690000000002,15626.670000000002,15634.180000000002,503
2026-04-30T11:15:00+00:00,15634.180000000002,15642.690000000002,15631.690000000002,15641.190000000002,290
2026-04-30T11:30:00+00:00,15641.190000000002,15641.670000000002,15626.680000000002,15626.690000000002,298
2026-04-30T11:45:00+00:00,15626.690000000002,15631.690000000002,15625.190000000002,15625.690000000002,185
2026-04-30T12:00:00+00:00,15625.690000000002,15638.180000000002,15624.670000000002,15638.180000000002,204
2026-04-30T12:15:00+00:00,15638.180000000002,15648.690000000002,15636.180000000002,15646.170000000002,314
2026-04-30T12:30:00+00:00,15646.170000000002,15646.670000000002,15635.670000000002,15636.670000000002,406
2026-04-30T12:45:00+00:00,15636.670000000002,15643.670000000002,15635.670000000002,15636.680000000002,419
2026-04-30T13:00:00+00:00,15636.680000000002,15641.170000000002,15631.680000000002,15635.680000000002,369
2026-04-30T13:15:00+00:00,15635.680000000002,15635.690000000002,15628.180000000002,15633.690000000002,235
2026-04-30T13:30:00+00:00,15633.690000000002,15635.690000000002,15616.690000000002,15625.690000000002,1334
2026-04-30T13:45:00+00:00,15625.690000000002,15626.690000000002,15616.670000000002,15618.670000000002,964
2026-04-30T14:00:00+00:00,15618.670000000002,15639.690000000002,15618.670000000002,15639.690000000002,855
2026-04-30T14:15:00+00:00,15639.690000000002,15647.670000000002,15625.170000000002,15642.680000000002,1091
2026-04-30T14:30:00+00:00,15642.680000000002,15645.690000000002,15634.670000000002,15639.670000000002,877
2026-04-30T14:45:00+00:00,15639.670000000002,15656.180000000002,15636.680000000002,15654.190000000002,753
2026-04-30T15:00:00+00:00,15654.190000000002,15665.690000000002,15651.180000000002,15665.170000000002,892
2026-04-30T15:15:00+00:00,15665.170000000002,15681.690000000002,15663.690000000002,15678.670000000002,588
2026-04-30T15:30:00+00:00,15678.670000000002,15681.190000000002,15673.670000000002,15677.190000000002,643
2026-04-30T15:45:00+00:00,15677.190000000002,15678.690000000002,15670.670000000002,15677.680000000002,538
2026-04-30T16:00:00+00:00,15677.680000000002,15678.680000000002,15667.670000000002,15669.670000000002,381
2026-04-30T16:15:00+00:00,15669.670000000002,15669.690000000002,15662.670000000002,15668.690000000002,300
2026-04-30T16:30:00+00:00,15668.690000000002,15670.690000000002,15661.690000000002,15661.690000000002,236
2026-04-30T16:45:00+00:00,15661.690000000002,15664.690000000002,15655.690000000002,15659.670000000002,336
2026-04-30T17:00:00+00:00,15659.670000000002,15666.690000000002,15659.670000000002,15665.670000000002,344
2026-04-30T17:15:00+00:00,15665.670000000002,15665.690000000002,15658.690000000002,15665.690000000002,263
2026-04-30T17:30:00+00:00,15665.690000000002,15675.680000000002,15665.670000000002,15666.690000000002,499
2026-04-30T17:45:00+00:00,15666.690000000002,15670.690000000002,15664.670000000002,15668.680000000002,235
2026-04-30T18:00:00+00:00,15668.680000000002,15677.680000000002,15668.680000000002,15673.690000000002,225
2026-04-30T18:15:00+00:00,15673.690000000002,15677.670000000002,15672.680000000002,15674.670000000002,231
2026-04-30T18:30:00+00:00,15674.670000000002,15677.690000000002,15671.690000000002,15676.180000000002,279
2026-04-30T18:45:00+00:00,15676.180000000002,15678.170000000002,15671.190000000002,15671.190000000002,233
2026-04-30T19:00:00+00:00,15671.190000000002,15682.180000000002,15671.190000000002,15680.670000000002,332
2026-04-30T19:15:00+00:00,15680.670000000002,15681.680000000002,15675.670000000002,15678.690000000002,186.2183908045977
2026-04-30T19:30:00+00:00,15678.690000000002,15693.190000000002,15678.680000000002,15692.190000000002,298
2026-04-30T19:45:00+00:00,15692.190000000002,15699.690000000002,15680.670000000002,15682.190000000002,352
2026-04-30T20:00:00+00:00,15682.190000000002,15696.170000000002,15674.180000000002,15686.670000000002,262
2026-04-30T20:15:00+00:00,15686.670000000002,15688.190000000002,15683.670000000002,15684.190000000002,84
2026-04-30T20:30:00+00:00,15684.190000000002,15684.690000000002,15675.680000000002,15676.680000000002,139
2026-05-01T01:00:00+00:00,15676.680000000002,15722.670000000002,15676.680000000002,15711.670000000002,653.9565337763013
2026-05-01T01:15:00+00:00,15711.670000000002,15729.690000000002,15709.180000000002,15725.670000000002,364
2026-05-01T01:30:00+00:00,15725.670000000002,15784.170000000002,15723.670000000002,15773.190000000002,1009
2026-05-01T01:45:00+00:00,15773.190000000002,15795.690000000002,15771.190000000002,15791.690000000002,423
2026-05-01T02:00:00+00:00,15791.690000000002,15812.690000000002,15787.670000000002,15790.170000000002,507
2026-05-01T02:15:00+00:00,15790.170000000002,15808.180000000002,15788.670000000002,15797.180000000002,330
2026-05-01T02:30:00+00:00,15797.180000000002,15802.180000000002,15792.180000000002,15796.190000000002,214
2026-05-01T02:45:00+00:00,15796.190000000002,15803.680000000002,15794.190000000002,15801.170000000002,171
2026-05-01T03:00:00+00:00,15801.170000000002,15808.690000000002,15797.670000000002,15804.190000000002,239
2026-05-01T03:15:00+00:00,15804.190000000002,15807.690000000002,15791.690000000002,15792.180000000002,149
2026-05-01T03:30:00+00:00,15792.180000000002,15795.680000000002,15773.670000000002,15776.190000000002,229
2026-05-01T03:45:00+00:00,15776.190000000002,15779.670000000002,15773.680000000002,15778.190000000002,109
2026-05-01T04:00:00+00:00,15778.190000000002,15778.670000000002,15768.180000000002,15771.190000000002,159
2026-05-01T04:15:00+00:00,15771.190000000002,15772.690000000002,15768.170000000002,15769.680000000002,90
2026-05-01T04:30:00+00:00,15769.680000000002,15771.170000000002,15766.680000000002,15766.680000000002,95
2026-05-01T04:45:00+00:00,15766.680000000002,15768.690000000002,15764.170000000002,15766.190000000002,82
2026-05-01T05:00:00+00:00,15766.190000000002,15769.690000000002,15764.190000000002,15768.180000000002,95
2026-05-01T05:15:00+00:00,15768.180000000002,15768.690000000002,15765.170000000002,15766.690000000002,90
2026-05-01T05:30:00+00:00,15766.690000000002,15774.690000000002,15766.690000000002,15771.690000000002,157
2026-05-01T05:45:00+00:00,15771.690000000002,15772.180000000002,15761.190000000002,15763.180000000002,114
2026-05-01T06:00:00+00:00,15763.180000000002,15764.670000000002,15759.690000000002,15760.190000000002,129
2026-05-01T06:15:00+00:00,15760.190000000002,15762.680000000002,15754.170000000002,15754.180000000002,110
2026-05-01T06:30:00+00:00,15754.180000000002,15754.690000000002,15744.670000000002,15746.190000000002,139
2026-05-01T06:45:00+00:00,15746.190000000002,15752.690000000002,15744.670000000002,15745.190000000002,189
2026-05-01T07:00:00+00:00,15745.190000000002,15753.190000000002,15738.170000000002,15738.690000000002,154
2026-05-01T07:15:00+00:00,15738.690000000002,15740.170000000002,15727.670000000002,15728.680000000002,124
2026-05-01T07:30:00+00:00,15728.680000000002,15728.680000000002,15713.670000000002,15714.690000000002,116
2026-05-01T07:45:00+00:00,15714.690000000002,15716.180000000002,15699.670000000002,15703.670000000002,144.4322033898305
2026-05-01T08:00:00+00:00,15703.670000000002,15706.190000000002,15698.670000000002,15701.680000000002,104
2026-05-01T08:15:00+00:00,15701.680000000002,15709.190000000002,15701.680000000002,15709.170000000002,131
2026-05-01T09:00:00+00:00,15709.170000000002,15709.170000000002,15696.670000000002,15697.180000000002,168
2026-05-01T09:15:00+00:00,15697.180000000002,15700.670000000002,15695.670000000002,15698.690000000002,139
2026-05-01T09:30:00+00:00,15698.690000000002,15700.680000000002,15693.690000000002,15694.690000000002,129
2026-05-01T09:45:00+00:00,15694.690000000002,15698.190000000002,15694.670000000002,15697.180000000002,61.75692963752665
2026-05-01T10:00:00+00:00,15697.180000000002,15697.180000000002,15692.180000000002,15692.670000000002,70
2026-05-01T10:15:00+00:00,15692.670000000002,15695.690000000002,15691.680000000002,15693.670000000002,57
2026-05-01T10:30:00+00:00,15693.670000000002,15694.690000000002,15688.680000000002,15691.170000000002,78
2026-05-01T10:45:00+00:00,15691.170000000002,15695.190000000002,15690.180000000002,15693.670000000002,64.21742494035387
2026-05-01T11:00:00+00:00,15693.670000000002,15695.680000000002,15688.680000000002,15691.170000000002,73.76492537313433
2026-05-01T11:15:00+00:00,15691.170000000002,15694.680000000002,15690.190000000002,15691.690000000002,76.47445567806392
2026-05-01T11:30:00+00:00,15691.690000000002,15692.690000000002,15688.670000000002,15689.680000000002,62.723545645196054
2026-05-01T11:45:00+00:00,15689.680000000002,15691.680000000002,15687.670000000002,15690.690000000002,83
2026-05-01T12:00:00+00:00,15690.690000000002,15710.680000000002,15688.180000000002,15702.190000000002,281
2026-05-01T12:15:00+00:00,15702.190000000002,15713.690000000002,15700.170000000002,15709.190000000002,342
2026-05-01T12:30:00+00:00,15709.190000000002,15711.690000000002,15693.170000000002,15693.180000000002,221.80107526881721
2026-05-01T12:45:00+00:00,15693.180000000002,15698.690000000002,15691.690000000002,15694.690000000002,145
2026-05-01T13:00:00+00:00,15694.690000000002,15704.680000000002,15693.680000000002,15700.670000000002,145
2026-05-01T13:15:00+00:00,15700.670000000002,15705.180000000002,15698.670000000002,15699.670000000002,70
2026-05-01T13:30:00+00:00,15699.670000000002,15745.690000000002,15697.690000000002,15745.690000000002,536
2026-05-01T13:45:00+00:00,15745.690000000002,15769.670000000002,15733.670000000002,15765.170000000002,974
2026-05-01T14:00:00+00:00,15765.170000000002,15779.180000000002,15760.180000000002,15766.670000000002,676
2026-05-01T14:15:00+00:00,15766.670000000002,15768.690000000002,15747.690000000002,15748.170000000002,270
2026-05-01T14:30:00+00:00,15748.170000000002,15748.170000000002,15724.180000000002,15725.190000000002,417
2026-05-01T14:45:00+00:00,15725.190000000002,15735.690000000002,15723.670000000002,15731.680000000002,389
2026-05-01T15:00:00+00:00,15731.680000000002,15733.180000000002,15720.670000000002,15728.670000000002,454
2026-05-01T15:15:00+00:00,15728.670000000002,15735.670000000002,15722.670000000002,15734.670000000002,238
2026-05-01T15:30:00+00:00,15734.670000000002,15735.690000000002,15728.680000000002,15734.180000000002,192.47844983701557
2026-05-01T15:45:00+00:00,15734.180000000002,15738.200000000003,15717.180000000002,15728.190000000002,499
2026-05-01T16:00:00+00:00,15728.190000000002,15728.700000000003,15713.180000000002,15713.180000000002,190
2026-05-01T16:15:00+00:00,15713.180000000002,15717.700000000003,15703.190000000002,15709.200000000003,518
2026-05-01T16:30:00+00:00,15709.200000000003,15714.200000000003,15706.190000000002,15711.190000000002,284
2026-05-01T16:45:00+00:00,15711.190000000002,15716.190000000002,15706.200000000003,15710.700000000003,193
2026-05-01T17:00:00+00:00,15710.700000000003,15717.200000000003,15709.690000000002,15715.700000000003,149
2026-05-01T17:15:00+00:00,15715.700000000003,15716.190000000002,15711.180000000002,15714.190000000002,122
2026-05-01T17:30:00+00:00,15714.190000000002,15718.200000000003,15712.190000000002,15717.180000000002,119
2026-05-01T17:45:00+00:00,15717.180000000002,15722.190000000002,15714.180000000002,15717.700000000003,169
2026-05-01T18:00:00+00:00,15717.700000000003,15719.190000000002,15706.190000000002,15706.200000000003,147
2026-05-01T18:15:00+00:00,15706.200000000003,15711.200000000003,15702.180000000002,15710.180000000002,154
2026-05-01T18:30:00+00:00,15710.180000000002,15711.690000000002,15706.200000000003,15709.200000000003,139
2026-05-01T18:45:00+00:00,15709.200000000003,15709.200000000003,15704.180000000002,15704.680000000002,141
2026-05-01T19:00:00+00:00,15704.680000000002,15710.200000000003,15704.680000000002,15710.200000000003,137
2026-05-01T19:15:00+00:00,15710.200000000003,15717.180000000002,15709.190000000002,15711.690000000002,147
2026-05-01T19:30:00+00:00,15711.690000000002,15712.200000000003,15705.180000000002,15709.190000000002,107.86792452830188
2026-05-01T19:45:00+00:00,15709.190000000002,15710.200000000003,15702.190000000002,15710.200000000003,160
2026-05-01T20:00:00+00:00,15710.200000000003,15711.200000000003,15707.190000000002,15709.180000000002,104
2026-05-01T20:15:00+00:00,15709.180000000002,15709.200000000003,15708.180000000002,15709.200000000003,41.38165506658022
2026-05-01T20:30:00+00:00,15709.200000000003,15709.200000000003,15708.180000000002,15708.690000000002,43.10801223846556
2026-05-04T01:00:00+00:00,15708.690000000002,15739.200000000003,15699.190000000002,15714.180000000002,656.1680672268908
2026-05-04T01:15:00+00:00,15714.180000000002,15724.700000000003,15682.680000000002,15700.700000000003,1695
2026-05-04T01:30:00+00:00,15700.700000000003,15740.690000000002,15692.180000000002,15709.680000000002,3212
2026-05-04T01:45:00+00:00,15709.680000000002,15721.700000000003,15693.680000000002,15721.180000000002,1269
2026-05-04T02:00:00+00:00,15721.180000000002,15745.180000000002,15705.180000000002,15744.180000000002,1163
2026-05-04T02:15:00+00:00,15744.180000000002,15748.700000000003,15701.680000000002,15703.180000000002,901
2026-05-04T02:30:00+00:00,15703.180000000002,15731.700000000003,15701.180000000002,15726.200000000003,854
2026-05-04T02:45:00+00:00,15726.200000000003,15741.700000000003,15714.680000000002,15733.690000000002,739
2026-05-04T03:00:00+00:00,15733.690000000002,15751.700000000003,15732.690000000002,15745.700000000003,597
2026-05-04T03:15:00+00:00,15745.700000000003,15748.700000000003,15726.680000000002,15726.680000000002,308
2026-05-04T03:30:00+00:00,15726.680000000002,15727.690000000002,15714.680000000002,15719.190000000002,468
2026-05-04T03:45:00+00:00,15719.190000000002,15723.700000000003,15715.680000000002,15719.190000000002,540
2026-05-04T04:00:00+00:00,15719.190000000002,15722.700000000003,15712.680000000002,15715.680000000002,141.8006123230004
2026-05-04T04:15:00+00:00,15715.680000000002,15717.700000000003,15712.690000000002,15714.190000000002,104
2026-05-04T04:30:00+00:00,15714.190000000002,15715.680000000002,15711.690000000002,15713.700000000003,106.46034114934709
2026-05-04T04:45:00+00:00,15713.700000000003,15714.200000000003,15708.680000000002,15708.700000000003,62
2026-05-04T05:00:00+00:00,15708.700000000003,15716.700000000003,15697.690000000002,15706.190000000002,808
2026-05-04T05:15:00+00:00,15706.190000000002,15716.180000000002,15698.680000000002,15701.690000000002,439
2026-05-04T05:30:00+00:00,15701.690000000002,15712.700000000003,15698.190000000002,15708.700000000003,321
2026-05-04T05:45:00+00:00,15708.700000000003,15718.700000000003,15707.680000000002,15716.680000000002,110
2026-05-04T06:00:00+00:00,15716.680000000002,15719.690000000002,15714.680000000002,15718.690000000002,173
2026-05-04T06:15:00+00:00,15718.690000000002,15723.700000000003,15715.690000000002,15720.690000000002,162
2026-05-04T06:30:00+00:00,15720.690000000002,15724.680000000002,15704.680000000002,15706.700000000003,487
2026-05-04T06:45:00+00:00,15706.700000000003,15713.700000000003,15701.680000000002,15704.700000000003,339
2026-05-04T07:00:00+00:00,15704.700000000003,15708.200000000003,15697.680000000002,15703.700000000003,511
2026-05-04T07:15:00+00:00,15703.700000000003,15709.200000000003,15702.680000000002,15708.180000000002,180.20299500831948
2026-05-04T07:30:00+00:00,15708.180000000002,15708.680000000002,15699.680000000002,15703.700000000003,195
2026-05-04T07:45:00+00:00,15703.700000000003,15705.680000000002,15699.680000000002,15700.680000000002,106
2026-05-04T08:00:00+00:00,15700.680000000002,15703.700000000003,15696.680000000002,15702.190000000002,425
2026-05-04T08:15:00+00:00,15702.190000000002,15707.680000000002,15700.680000000002,15706.680000000002,141
2026-05-04T09:00:00+00:00,15706.680000000002,15710.670000000002,15702.180000000002,15708.180000000002,176
2026-05-04T09:15:00+00:00,15708.180000000002,15710.680000000002,15699.670000000002,15702.670000000002,247
2026-05-04T09:30:00+00:00,15702.670000000002,15705.670000000002,15701.160000000002,15702.660000000002,126
2026-05-04T09:45:00+00:00,15702.660000000002,15703.660000000002,15695.170000000002,15696.670000000002,163
2026-05-04T10:00:00+00:00,15696.670000000002,15697.680000000002,15616.680000000002,15635.180000000002,3043
2026-05-04T10:15:00+00:00,15635.180000000002,15655.180000000002,15619.660000000002,15652.670000000002,896
2026-05-04T10:30:00+00:00,15652.670000000002,15685.660000000002,15649.660000000002,15676.680000000002,1813
2026-05-04T10:45:00+00:00,15676.680000000002,15683.660000000002,15672.670000000002,15675.680000000002,326
2026-05-04T11:00:00+00:00,15675.680000000002,15684.670000000002,15670.160000000002,15676.670000000002,673
2026-05-04T11:15:00+00:00,15676.670000000002,15682.670000000002,15674.660000000002,15674.670000000002,262
2026-05-04T11:30:00+00:00,15674.670000000002,15680.680000000002,15662.670000000002,15674.670000000002,567
2026-05-04T11:45:00+00:00,15674.670000000002,15679.670000000002,15670.160000000002,15677.660000000002,265
2026-05-04T12:00:00+00:00,15677.660000000002,15684.680000000002,15677.660000000002,15683.680000000002,264
2026-05-04T12:15:00+00:00,15683.680000000002,15695.680000000002,15680.160000000002,15691.170000000002,490
2026-05-04T12:30:00+00:00,15691.170000000002,15693.680000000002,15683.170000000002,15687.660000000002,430
2026-05-04T12:45:00+00:00,15687.660000000002,15689.680000000002,15680.660000000002,15682.160000000002,280
2026-05-04T13:00:00+00:00,15682.160000000002,15684.660000000002,15664.670000000002,15673.160000000002,1228
2026-05-04T13:15:00+00:00,15673.160000000002,15678.680000000002,15669.660000000002,15677.660000000002,302
2026-05-04T13:30:00+00:00,15677.660000000002,15694.670000000002,15670.670000000002,15689.680000000002,1036
2026-05-04T13:45:00+00:00,15689.680000000002,15695.670000000002,15682.680000000002,15689.660000000002,527
2026-05-04T14:00:00+00:00,15689.660000000002,15692.680000000002,15673.660000000002,15687.160000000002,799
2026-05-04T14:15:00+00:00,15687.160000000002,15695.680000000002,15682.660000000002,15684.170000000002,419
2026-05-04T14:30:00+00:00,15684.170000000002,15689.680000000002,15682.160000000002,15687.670000000002,261
2026-05-04T14:45:00+00:00,15687.670000000002,15700.680000000002,15684.160000000002,15685.170000000002,617
2026-05-04T15:00:00+00:00,15685.170000000002,15695.680000000002,15677.660000000002,15687.680000000002,722
2026-05-04T15:15:00+00:00,15687.680000000002,15689.180000000002,15642.660000000002,15671.670000000002,1741
2026-05-04T15:30:00+00:00,15671.670000000002,15673.680000000002,15657.660000000002,15666.660000000002,1135
2026-05-04T15:45:00+00:00,15666.660000000002,15670.680000000002,15652.660000000002,15658.180000000002,1067
2026-05-04T16:00:00+00:00,15658.180000000002,15660.680000000002,15627.660000000002,15633.680000000002,1404
2026-05-04T16:15:00+00:00,15633.680000000002,15657.680000000002,15625.670000000002,15646.670000000002,1245
2026-05-04T16:30:00+00:00,15646.670000000002,15654.680000000002,15642.660000000002,15643.670000000002,709
2026-05-04T16:45:00+00:00,15643.670000000002,15647.180000000002,15635.670000000002,15638.680000000002,508
2026-05-04T17:00:00+00:00,15638.680000000002,15651.680000000002,15637.660000000002,15650.660000000002,566
2026-05-04T17:15:00+00:00,15650.660000000002,15666.180000000002,15648.660000000002,15664.680000000002,713
2026-05-04T17:30:00+00:00,15664.680000000002,15664.680000000002,15654.660000000002,15658.680000000002,257
2026-05-04T17:45:00+00:00,15658.680000000002,15658.680000000002,15651.670000000002,15652.170000000002,152
2026-05-04T18:00:00+00:00,15652.170000000002,15658.680000000002,15650.670000000002,15654.670000000002,183
2026-05-04T18:15:00+00:00,15654.670000000002,15654.680000000002,15644.660000000002,15649.660000000002,297
2026-05-04T18:30:00+00:00,15649.660000000002,15651.680000000002,15645.660000000002,15646.180000000002,162
2026-05-04T18:45:00+00:00,15646.180000000002,15649.680000000002,15642.680000000002,15649.170000000002,249
2026-05-04T19:00:00+00:00,15649.170000000002,15650.680000000002,15642.670000000002,15645.680000000002,367
2026-05-04T19:15:00+00:00,15645.680000000002,15647.180000000002,15640.670000000002,15645.670000000002,208
2026-05-04T19:30:00+00:00,15645.670000000002,15650.670000000002,15645.660000000002,15648.660000000002,163
2026-05-04T19:45:00+00:00,15648.660000000002,15649.680000000002,15643.670000000002,15645.180000000002,235
2026-05-04T20:00:00+00:00,15645.180000000002,15647.680000000002,15641.670000000002,15644.170000000002,55.69812340542483
2026-05-04T20:15:00+00:00,15644.170000000002,15645.180000000002,15643.160000000002,15644.170000000002,29
2026-05-04T20:30:00+00:00,15644.170000000002,15645.670000000002,15643.660000000002,15644.180000000002,42.76376097445875
2026-05-05T01:00:00+00:00,15644.180000000002,15658.180000000002,15636.170000000002,15654.670000000002,583.2077464788732
2026-05-05T01:15:00+00:00,15654.670000000002,15660.660000000002,15634.660000000002,15639.180000000002,977
2026-05-05T01:30:00+00:00,15639.180000000002,15670.180000000002,15620.180000000002,15640.170000000002,2156
2026-05-05T01:45:00+00:00,15640.170000000002,15662.180000000002,15638.180000000002,15653.680000000002,1078
2026-05-05T02:00:00+00:00,15653.680000000002,15685.180000000002,15649.680000000002,15670.680000000002,976
2026-05-05T02:15:00+00:00,15670.680000000002,15688.170000000002,15665.170000000002,15679.670000000002,607
2026-05-05T02:30:00+00:00,15679.670000000002,15684.180000000002,15674.670000000002,15678.680000000002,231
2026-05-05T02:45:00+00:00,15678.680000000002,15678.680000000002,15646.170000000002,15647.180000000002,452
2026-05-05T03:00:00+00:00,15647.180000000002,15651.160000000002,15638.670000000002,15644.660000000002,334
2026-05-05T03:15:00+00:00,15644.660000000002,15650.170000000002,15641.160000000002,15643.660000000002,312
2026-05-05T03:30:00+00:00,15643.660000000002,15645.680000000002,15641.160000000002,15642.160000000002,226
2026-05-05T03:45:00+00:00,15642.160000000002,15645.660000000002,15641.160000000002,15641.170000000002,160
2026-05-05T04:00:00+00:00,15641.170000000002,15646.680000000002,15640.160000000002,15642.180000000002,82.5703081232493
2026-05-05T04:15:00+00:00,15642.180000000002,15643.170000000002,15639.160000000002,15639.180000000002,76.58142373588854
2026-05-05T04:30:00+00:00,15639.180000000002,15641.680000000002,15636.160000000002,15636.180000000002,96
2026-05-05T04:45:00+00:00,15636.180000000002,15640.180000000002,15633.160000000002,15634.680000000002,76.7083879423329
2026-05-05T05:00:00+00:00,15634.680000000002,15640.170000000002,15629.660000000002,15637.170000000002,576
2026-05-05T05:15:00+00:00,15637.170000000002,15637.180000000002,15628.160000000002,15631.160000000002,161
2026-05-05T05:30:00+00:00,15631.160000000002,15640.180000000002,15628.160000000002,15638.160000000002,182
2026-05-05T05:45:00+00:00,15638.160000000002,15650.180000000002,15634.160000000002,15646.180000000002,235.29041095890412
2026-05-05T06:00:00+00:00,15646.180000000002,15653.180000000002,15645.160000000002,15648.180000000002,446
2026-05-05T06:15:00+00:00,15648.180000000002,15648.680000000002,15640.160000000002,15643.160000000002,230
2026-05-05T06:30:00+00:00,15643.160000000002,15657.660000000002,15642.170000000002,15657.170000000002,277
2026-05-05T06:45:00+00:00,15657.170000000002,15666.660000000002,15656.660000000002,15665.170000000002,342
2026-05-05T07:00:00+00:00,15665.170000000002,15674.160000000002,15659.160000000002,15672.160000000002,294
2026-05-05T07:15:00+00:00,15672.160000000002,15677.680000000002,15667.170000000002,15667.170000000002,220
2026-05-05T07:30:00+00:00,15667.170000000002,15684.170000000002,15667.170000000002,15670.660000000002,242
2026-05-05T07:45:00+00:00,15670.660000000002,15670.660000000002,15660.160000000002,15663.680000000002,205.13266583229037
2026-05-05T08:00:00+00:00,15663.680000000002,15674.180000000002,15663.170000000002,15671.670000000002,285
2026-05-05T08:15:00+00:00,15671.670000000002,15677.160000000002,15670.160000000002,15673.670000000002,238
2026-05-05T09:00:00+00:00,15673.670000000002,15673.670000000002,15661.160000000002,15668.170000000002,150
2026-05-05T09:15:00+00:00,15668.170000000002,15673.660000000002,15663.660000000002,15672.180000000002,299
2026-05-05T09:30:00+00:00,15672.180000000002,15679.680000000002,15670.660000000002,15672.670000000002,269
2026-05-05T09:45:00+00:00,15672.670000000002,15678.180000000002,15671.170000000002,15672.160000000002,175
2026-05-05T10:00:00+00:00,15672.160000000002,15676.180000000002,15671.160000000002,15675.180000000002,164
2026-05-05T10:15:00+00:00,15675.180000000002,15680.680000000002,15674.170000000002,15679.160000000002,100.91569945021381
2026-05-05T10:30:00+00:00,15679.160000000002,15688.180000000002,15676.660000000002,15677.170000000002,356
2026-05-05T10:45:00+00:00,15677.170000000002,15680.180000000002,15676.160000000002,15679.180000000002,123
2026-05-05T11:00:00+00:00,15679.180000000002,15682.160000000002,15672.160000000002,15674.670000000002,264
2026-05-05T11:15:00+00:00,15674.670000000002,15681.180000000002,15670.160000000002,15678.180000000002,219
2026-05-05T11:30:00+00:00,15678.180000000002,15684.180000000002,15676.160000000002,15679.180000000002,141
2026-05-05T11:45:00+00:00,15679.180000000002,15684.170000000002,15679.170000000002,15681.680000000002,123
2026-05-05T12:00:00+00:00,15681.680000000002,15692.180000000002,15677.660000000002,15689.160000000002,376
2026-05-05T12:15:00+00:00,15689.160000000002,15697.180000000002,15689.160000000002,15694.170000000002,383
2026-05-05T12:30:00+00:00,15694.170000000002,15695.180000000002,15685.170000000002,15686.160000000002,166
2026-05-05T12:45:00+00:00,15686.160000000002,15687.180000000002,15683.160000000002,15685.160000000002,104
2026-05-05T13:00:00+00:00,15685.160000000002,15700.180000000002,15684.660000000002,15697.670000000002,289
2026-05-05T13:15:00+00:00,15697.670000000002,15699.170000000002,15690.670000000002,15694.180000000002,194
2026-05-05T13:30:00+00:00,15694.180000000002,15698.170000000002,15684.660000000002,15686.160000000002,657
2026-05-05T13:45:00+00:00,15686.160000000002,15695.680000000002,15683.660000000002,15683.680000000002,499
2026-05-05T14:00:00+00:00,15683.680000000002,15699.670000000002,15680.670000000002,15687.680000000002,848
2026-05-05T14:15:00+00:00,15687.680000000002,15696.180000000002,15671.160000000002,15691.160000000002,1134
2026-05-05T14:30:00+00:00,15691.160000000002,15693.180000000002,15681.160000000002,15686.170000000002,364
2026-05-05T14:45:00+00:00,15686.170000000002,15691.180000000002,15681.160000000002,15682.680000000002,370
2026-05-05T15:00:00+00:00,15682.680000000002,15687.180000000002,15677.160000000002,15679.660000000002,287
2026-05-05T15:15:00+00:00,15679.660000000002,15688.160000000002,15678.170000000002,15688.160000000002,228
2026-05-05T15:30:00+00:00,15688.160000000002,15696.170000000002,15686.170000000002,15693.670000000002,256
2026-05-05T15:45:00+00:00,15693.670000000002,15698.170000000002,15692.160000000002,15694.670000000002,145
2026-05-05T16:00:00+00:00,15694.670000000002,15696.170000000002,15690.160000000002,15694.170000000002,137
2026-05-05T16:15:00+00:00,15694.170000000002,15694.170000000002,15684.160000000002,15689.180000000002,170
2026-05-05T16:30:00+00:00,15689.180000000002,15691.180000000002,15685.160000000002,15686.170000000002,183
2026-05-05T16:45:00+00:00,15686.170000000002,15693.180000000002,15685.160000000002,15692.670000000002,143
2026-05-05T17:00:00+00:00,15692.670000000002,15696.170000000002,15690.160000000002,15694.160000000002,195
2026-05-05T17:15:00+00:00,15694.160000000002,15699.180000000002,15693.660000000002,15698.160000000002,205
2026-05-05T17:30:00+00:00,15698.160000000002,15701.160000000002,15696.160000000002,15698.160000000002,144
2026-05-05T17:45:00+00:00,15698.160000000002,15708.180000000002,15698.160000000002,15707.180000000002,127
2026-05-05T18:00:00+00:00,15707.180000000002,15710.180000000002,15706.160000000002,15710.170000000002,117.98886414253897
2026-05-05T18:15:00+00:00,15710.170000000002,15715.180000000002,15709.170000000002,15714.160000000002,79.98578595317726
2026-05-05T18:30:00+00:00,15714.160000000002,15715.180000000002,15712.170000000002,15714.670000000002,89.03370786516854
2026-05-05T18:45:00+00:00,15714.670000000002,15717.180000000002,15714.670000000002,15716.660000000002,112.12089132863063
2026-05-05T19:00:00+00:00,15716.660000000002,15717.180000000002,15712.160000000002,15713.180000000002,102.00409416581371
2026-05-05T19:15:00+00:00,15713.180000000002,15714.180000000002,15710.670000000002,15710.670000000002,120.02159827213822
2026-05-05T19:30:00+00:00,15710.670000000002,15713.680000000002,15709.180000000002,15713.680000000002,101
2026-05-05T19:45:00+00:00,15713.680000000002,15715.170000000002,15702.660000000002,15702.660000000002,187
2026-05-05T20:00:00+00:00,15702.660000000002,15705.680000000002,15702.660000000002,15704.660000000002,44.86072962486599
2026-05-05T20:15:00+00:00,15704.660000000002,15710.680000000002,15702.660000000002,15710.680000000002,61.186440677966104
2026-05-05T20:30:00+00:00,15710.680000000002,15710.680000000002,15707.670000000002,15708.660000000002,38.949710264359034
2026-05-06T01:00:00+00:00,15708.660000000002,15736.180000000002,15708.660000000002,15727.660000000002,329.07167470709857
2026-05-06T01:15:00+00:00,15727.660000000002,15791.160000000002,15709.160000000002,15759.170000000002,2215
2026-05-06T01:30:00+00:00,15759.170000000002,15770.670000000002,15649.660000000002,15768.160000000002,11898
2026-05-06T01:45:00+00:00,15768.160000000002,15860.670000000002,15765.670000000002,15847.170000000002,7484
2026-05-06T02:00:00+00:00,15847.170000000002,15900.680000000002,15789.160000000002,15896.680000000002,7259
2026-05-06T02:15:00+00:00,15896.680000000002,15901.660000000002,15830.160000000002,15848.670000000002,4987
2026-05-06T02:30:00+00:00,15848.670000000002,15862.660000000002,15810.160000000002,15830.170000000002,5000
2026-05-06T02:45:00+00:00,15830.170000000002,15859.180000000002,15791.680000000002,15801.170000000002,3525
2026-05-06T03:00:00+00:00,15801.170000000002,15861.180000000002,15800.170000000002,15861.180000000002,3293
2026-05-06T03:15:00+00:00,15861.180000000002,15887.180000000002,15848.160000000002,15848.180000000002,3106
2026-05-06T03:30:00+00:00,15848.180000000002,15848.180000000002,15806.170000000002,15813.170000000002,1002
2026-05-06T03:45:00+00:00,15813.170000000002,15815.180000000002,15799.180000000002,15815.180000000002,590
2026-05-06T04:00:00+00:00,15815.180000000002,15817.180000000002,15809.660000000002,15816.660000000002,186
2026-05-06T04:15:00+00:00,15816.660000000002,15825.180000000002,15816.160000000002,15825.160000000002,171
2026-05-06T04:30:00+00:00,15825.160000000002,15838.170000000002,15825.160000000002,15835.160000000002,244
2026-05-06T04:45:00+00:00,15835.160000000002,15838.180000000002,15827.170000000002,15828.680000000002,284
2026-05-06T05:00:00+00:00,15828.680000000002,15877.180000000002,15826.160000000002,15855.160000000002,3703
2026-05-06T05:15:00+00:00,15855.160000000002,15858.680000000002,15814.160000000002,15837.160000000002,3444
2026-05-06T05:30:00+00:00,15837.160000000002,15845.180000000002,15816.670000000002,15836.160000000002,2609
2026-05-06T05:45:00+00:00,15836.160000000002,15849.680000000002,15825.180000000002,15829.170000000002,2226
2026-05-06T06:00:00+00:00,15829.170000000002,15829.180000000002,15741.180000000002,15767.680000000002,3965
2026-05-06T06:15:00+00:00,15767.680000000002,15817.670000000002,15763.180000000002,15815.160000000002,2497
2026-05-06T06:30:00+00:00,15815.160000000002,15832.180000000002,15794.660000000002,15815.170000000002,2168
2026-05-06T06:45:00+00:00,15815.170000000002,15822.180000000002,15797.180000000002,15806.660000000002,2244
2026-05-06T07:00:00+00:00,15806.660000000002,15820.180000000002,15802.170000000002,15806.170000000002,754
2026-05-06T07:15:00+00:00,15806.170000000002,15813.680000000002,15804.680000000002,15812.170000000002,159
2026-05-06T07:30:00+00:00,15812.170000000002,15816.170000000002,15809.170000000002,15815.180000000002,97
2026-05-06T07:45:00+00:00,15815.180000000002,15829.680000000002,15815.180000000002,15827.180000000002,222
2026-05-06T08:00:00+00:00,15827.180000000002,15828.670000000002,15819.180000000002,15824.180000000002,296
2026-05-06T08:15:00+00:00,15824.180000000002,15836.180000000002,15821.160000000002,15836.170000000002,236
2026-05-06T09:00:00+00:00,15836.170000000002,15856.160000000002,15822.170000000002,15846.160000000002,571
2026-05-06T09:15:00+00:00,15846.160000000002,15863.180000000002,15846.160000000002,15856.160000000002,789
2026-05-06T09:30:00+00:00,15856.160000000002,15865.180000000002,15849.160000000002,15853.660000000002,670
2026-05-06T09:45:00+00:00,15853.660000000002,15866.180000000002,15852.180000000002,15864.180000000002,262
2026-05-06T10:00:00+00:00,15864.180000000002,15869.180000000002,15859.160000000002,15861.170000000002,389
2026-05-06T10:15:00+00:00,15861.170000000002,15876.170000000002,15860.170000000002,15872.660000000002,267
2026-05-06T10:30:00+00:00,15872.660000000002,15877.180000000002,15867.170000000002,15874.660000000002,380
2026-05-06T10:45:00+00:00,15874.660000000002,15891.170000000002,15867.160000000002,15882.170000000002,750
2026-05-06T11:00:00+00:00,15882.170000000002,15893.180000000002,15875.160000000002,15888.170000000002,609
2026-05-06T11:15:00+00:00,15888.170000000002,15892.180000000002,15883.670000000002,15887.180000000002,261
2026-05-06T11:30:00+00:00,15887.180000000002,15891.170000000002,15877.160000000002,15877.160000000002,542
2026-05-06T11:45:00+00:00,15877.160000000002,15887.670000000002,15874.170000000002,15884.180000000002,434
2026-05-06T12:00:00+00:00,15884.180000000002,15884.670000000002,15862.160000000002,15863.160000000002,516
2026-05-06T12:15:00+00:00,15863.160000000002,15872.180000000002,15856.660000000002,15870.660000000002,1000
2026-05-06T12:30:00+00:00,15870.660000000002,15871.680000000002,15864.160000000002,15866.160000000002,299
2026-05-06T12:45:00+00:00,15866.160000000002,15868.180000000002,15862.160000000002,15864.160000000002,193
2026-05-06T13:00:00+00:00,15864.160000000002,15868.180000000002,15847.160000000002,15852.170000000002,876
2026-05-06T13:15:00+00:00,15852.170000000002,15855.170000000002,15840.160000000002,15841.670000000002,399
2026-05-06T13:30:00+00:00,15841.670000000002,15853.680000000002,15834.170000000002,15847.170000000002,1354
2026-05-06T13:45:00+00:00,15847.170000000002,15857.170000000002,15841.160000000002,15841.680000000002,832
2026-05-06T14:00:00+00:00,15841.680000000002,15861.180000000002,15836.160000000002,15860.170000000002,963
2026-05-06T14:15:00+00:00,15860.170000000002,15885.180000000002,15858.170000000002,15876.660000000002,946
2026-05-06T14:30:00+00:00,15876.660000000002,15917.660000000002,15875.160000000002,15915.670000000002,1253
2026-05-06T14:45:00+00:00,15915.670000000002,15918.660000000002,15896.160000000002,15903.170000000002,946
2026-05-06T15:00:00+00:00,15903.170000000002,15915.180000000002,15901.160000000002,15908.160000000002,847
2026-05-06T15:15:00+00:00,15908.160000000002,15916.180000000002,15906.160000000002,15912.670000000002,603
2026-05-06T15:30:00+00:00,15912.670000000002,15917.180000000002,15909.160000000002,15913.170000000002,835.1077485243137
2026-05-06T15:45:00+00:00,15913.170000000002,15922.170000000002,15911.160000000002,15919.670000000002,654
2026-05-06T16:00:00+00:00,15919.670000000002,15924.180000000002,15909.170000000002,15909.170000000002,372
2026-05-06T16:15:00+00:00,15909.170000000002,15909.180000000002,15902.170000000002,15905.680000000002,224
2026-05-06T16:30:00+00:00,15905.680000000002,15908.180000000002,15901.670000000002,15903.160000000002,209
2026-05-06T16:45:00+00:00,15903.160000000002,15903.160000000002,15889.160000000002,15896.160000000002,603
2026-05-06T17:00:00+00:00,15896.160000000002,15900.680000000002,15894.160000000002,15897.160000000002,239
2026-05-06T17:15:00+00:00,15897.160000000002,15900.170000000002,15895.160000000002,15898.180000000002,182
2026-05-06T17:30:00+00:00,15898.180000000002,15898.180000000002,15892.170000000002,15897.160000000002,213
2026-05-06T17:45:00+00:00,15897.160000000002,15899.180000000002,15892.160000000002,15896.170000000002,223
2026-05-06T18:00:00+00:00,15896.170000000002,15900.180000000002,15893.180000000002,15894.180000000002,172
2026-05-06T18:15:00+00:00,15894.180000000002,15898.180000000002,15892.670000000002,15897.670000000002,213
2026-05-06T18:30:00+00:00,15897.670000000002,15900.170000000002,15893.180000000002,15896.170000000002,191
2026-05-06T18:45:00+00:00,15896.170000000002,15901.180000000002,15893.160000000002,15899.660000000002,186
2026-05-06T19:00:00+00:00,15899.660000000002,15912.180000000002,15899.160000000002,15909.170000000002,220
2026-05-06T19:15:00+00:00,15909.170000000002,15913.170000000002,15909.160000000002,15912.680000000002,178
2026-05-06T19:30:00+00:00,15912.680000000002,15932.170000000002,15908.160000000002,15928.180000000002,376
2026-05-06T19:45:00+00:00,15928.180000000002,15934.160000000002,15918.660000000002,15918.660000000002,583
2026-05-06T20:00:00+00:00,15918.660000000002,15925.180000000002,15917.160000000002,15920.670000000002,95
2026-05-06T20:15:00+00:00,15920.670000000002,15920.670000000002,15917.660000000002,15918.660000000002,43.5131607044286
2026-05-06T20:30:00+00:00,15918.660000000002,15918.660000000002,15916.160000000002,15916.670000000002,43.53141167121139
2026-05-07T01:00:00+00:00,15916.670000000002,15917.170000000002,15878.170000000002,15890.660000000002,540.6885694729638
2026-05-07T01:15:00+00:00,15890.660000000002,15904.170000000002,15868.170000000002,15881.660000000002,1760
2026-05-07T01:30:00+00:00,15881.660000000002,15881.660000000002,15788.660000000002,15800.680000000002,9551
2026-05-07T01:45:00+00:00,15800.680000000002,15811.180000000002,15756.160000000002,15761.180000000002,5144
2026-05-07T02:00:00+00:00,15761.180000000002,15782.180000000002,15727.160000000002,15727.180000000002,4455
2026-05-07T02:15:00+00:00,15727.180000000002,15749.660000000002,15720.160000000002,15737.170000000002,3841
2026-05-07T02:30:00+00:00,15737.170000000002,15787.180000000002,15735.180000000002,15759.170000000002,3568
2026-05-07T02:45:00+00:00,15759.170000000002,15783.680000000002,15753.160000000002,15755.680000000002,2847
2026-05-07T03:00:00+00:00,15755.680000000002,15766.180000000002,15743.160000000002,15760.170000000002,2674
2026-05-07T03:15:00+00:00,15760.170000000002,15791.680000000002,15759.660000000002,15786.180000000002,2834
2026-05-07T03:30:00+00:00,15786.180000000002,15786.180000000002,15777.160000000002,15783.670000000002,469
2026-05-07T03:45:00+00:00,15783.670000000002,15784.180000000002,15777.160000000002,15777.170000000002,226
2026-05-07T04:00:00+00:00,15777.170000000002,15777.660000000002,15772.160000000002,15773.180000000002,119.10044929396662
2026-05-07T04:15:00+00:00,15773.180000000002,15776.180000000002,15769.680000000002,15776.180000000002,97
2026-05-07T04:30:00+00:00,15776.180000000002,15777.180000000002,15772.160000000002,15776.680000000002,109
2026-05-07T04:45:00+00:00,15776.680000000002,15779.180000000002,15774.670000000002,15778.670000000002,145
2026-05-07T05:00:00+00:00,15778.670000000002,15803.180000000002,15776.180000000002,15801.160000000002,3626
2026-05-07T05:15:00+00:00,15801.160000000002,15804.170000000002,15786.680000000002,15789.170000000002,2113
2026-05-07T05:30:00+00:00,15789.170000000002,15808.160000000002,15785.160000000002,15796.660000000002,1594
2026-05-07T05:45:00+00:00,15796.660000000002,15814.180000000002,15792.170000000002,15795.180000000002,1599
2026-05-07T06:00:00+00:00,15795.180000000002,15812.180000000002,15792.660000000002,15805.660000000002,1461
2026-05-07T06:15:00+00:00,15805.660000000002,15816.180000000002,15803.170000000002,15811.180000000002,1230
2026-05-07T06:30:00+00:00,15811.180000000002,15826.180000000002,15806.680000000002,15824.670000000002,1625
2026-05-07T06:45:00+00:00,15824.670000000002,15826.180000000002,15779.170000000002,15782.180000000002,1796
2026-05-07T07:00:00+00:00,15782.180000000002,15808.180000000002,15778.680000000002,15803.170000000002,810
2026-05-07T07:15:00+00:00,15803.170000000002,15807.670000000002,15790.160000000002,15793.170000000002,291
2026-05-07T07:30:00+00:00,15793.170000000002,15798.180000000002,15791.160000000002,15794.170000000002,181
2026-05-07T07:45:00+00:00,15794.170000000002,15797.680000000002,15792.160000000002,15794.160000000002,181
2026-05-07T08:00:00+00:00,15794.160000000002,15796.180000000002,15788.170000000002,15793.180000000002,335
2026-05-07T08:15:00+00:00,15793.180000000002,15793.180000000002,15779.170000000002,15785.170000000002,419
2026-05-07T09:00:00+00:00,15785.170000000002,15785.170000000002,15767.170000000002,15770.160000000002,261
2026-05-07T09:15:00+00:00,15770.160000000002,15780.180000000002,15768.180000000002,15777.680000000002,311
2026-05-07T09:30:00+00:00,15777.680000000002,15783.180000000002,15773.180000000002,15774.170000000002,195
2026-05-07T09:45:00+00:00,15774.170000000002,15776.170000000002,15769.170000000002,15773.170000000002,237
2026-05-07T10:00:00+00:00,15773.170000000002,15774.180000000002,15768.160000000002,15768.160000000002,225
2026-05-07T10:15:00+00:00,15768.160000000002,15770.180000000002,15764.160000000002,15769.170000000002,183
2026-05-07T10:30:00+00:00,15769.170000000002,15770.180000000002,15764.660000000002,15768.180000000002,223
2026-05-07T10:45:00+00:00,15768.180000000002,15768.680000000002,15759.160000000002,15760.180000000002,256
2026-05-07T11:00:00+00:00,15760.180000000002,15763.180000000002,15755.170000000002,15756.180000000002,205
2026-05-07T11:15:00+00:00,15756.180000000002,15760.180000000002,15754.160000000002,15758.180000000002,151
2026-05-07T11:30:00+00:00,15758.180000000002,15762.160000000002,15757.170000000002,15758.160000000002,166
2026-05-07T11:45:00+00:00,15758.160000000002,15759.180000000002,15754.170000000002,15757.170000000002,166
2026-05-07T12:00:00+00:00,15757.170000000002,15757.170000000002,15751.160000000002,15754.170000000002,191
2026-05-07T12:15:00+00:00,15754.170000000002,15755.170000000002,15750.160000000002,15752.680000000002,197
2026-05-07T12:30:00+00:00,15752.680000000002,15757.180000000002,15751.170000000002,15755.160000000002,128
2026-05-07T12:45:00+00:00,15755.160000000002,15758.180000000002,15752.160000000002,15757.180000000002,197
2026-05-07T13:00:00+00:00,15757.180000000002,15759.680000000002,15753.160000000002,15756.170000000002,242
2026-05-07T13:15:00+00:00,15756.170000000002,15776.660000000002,15755.160000000002,15775.660000000002,312
2026-05-07T13:30:00+00:00,15775.660000000002,15775.660000000002,15741.170000000002,15743.160000000002,773
2026-05-07T13:45:00+00:00,15743.160000000002,15745.170000000002,15728.670000000002,15729.180000000002,761
2026-05-07T14:00:00+00:00,15729.180000000002,15732.180000000002,15722.160000000002,15729.180000000002,622
2026-05-07T14:15:00+00:00,15729.180000000002,15731.680000000002,15720.170000000002,15720.180000000002,721
2026-05-07T14:30:00+00:00,15720.180000000002,15722.680000000002,15718.160000000002,15721.180000000002,642
2026-05-07T14:45:00+00:00,15721.180000000002,15722.180000000002,15719.160000000002,15719.660000000002,1082
2026-05-07T15:00:00+00:00,15719.660000000002,15740.180000000002,15718.170000000002,15739.170000000002,794
2026-05-07T15:15:00+00:00,15739.170000000002,15739.180000000002,15717.160000000002,15724.180000000002,844
2026-05-07T15:30:00+00:00,15724.180000000002,15733.170000000002,15724.160000000002,15730.170000000002,529
2026-05-07T15:45:00+00:00,15730.170000000002,15731.180000000002,15716.670000000002,15719.180000000002,571
2026-05-07T16:00:00+00:00,15719.180000000002,15719.660000000002,15695.160000000002,15695.670000000002,837
2026-05-07T16:15:00+00:00,15695.670000000002,15715.180000000002,15686.680000000002,15715.170000000002,986
2026-05-07T16:30:00+00:00,15715.170000000002,15716.680000000002,15701.680000000002,15705.680000000002,617
2026-05-07T16:45:00+00:00,15705.680000000002,15707.180000000002,15699.660000000002,15703.660000000002,563
2026-05-07T17:00:00+00:00,15703.660000000002,15709.180000000002,15701.160000000002,15704.180000000002,534
2026-05-07T17:15:00+00:00,15704.180000000002,15704.180000000002,15674.160000000002,15682.160000000002,1714
2026-05-07T17:30:00+00:00,15682.160000000002,15696.170000000002,15678.160000000002,15689.680000000002,1014
2026-05-07T17:45:00+00:00,15689.680000000002,15701.180000000002,15687.160000000002,15700.170000000002,982
2026-05-07T18:00:00+00:00,15700.170000000002,15702.180000000002,15693.170000000002,15698.160000000002,604
2026-05-07T18:15:00+00:00,15698.160000000002,15702.170000000002,15695.160000000002,15697.180000000002,448
2026-05-07T18:30:00+00:00,15697.180000000002,15700.180000000002,15685.170000000002,15690.680000000002,748
2026-05-07T18:45:00+00:00,15690.680000000002,15699.660000000002,15683.170000000002,15698.680000000002,1035
2026-05-07T19:00:00+00:00,15698.680000000002,15701.180000000002,15696.670000000002,15700.180000000002,275
2026-05-07T19:15:00+00:00,15700.180000000002,15703.180000000002,15689.170000000002,15694.160000000002,702
2026-05-07T19:30:00+00:00,15694.160000000002,15700.180000000002,15694.160000000002,15699.170000000002,245
2026-05-07T19:45:00+00:00,15699.170000000002,15699.180000000002,15681.160000000002,15684.680000000002,675
2026-05-07T20:00:00+00:00,15684.680000000002,15699.180000000002,15684.680000000002,15698.660000000002,143
2026-05-07T20:15:00+00:00,15698.660000000002,15700.180000000002,15697.660000000002,15698.670000000002,60.44180453314551
2026-05-07T20:30:00+00:00,15698.670000000002,15701.170000000002,15692.660000000002,15697.660000000002,152
2026-05-08T01:00:00+00:00,15697.660000000002,15730.240000000002,15697.160000000002,15727.750000000002,289.88136989525714
2026-05-08T01:15:00+00:00,15727.750000000002,15733.750000000002,15692.730000000001,15702.730000000001,1168
2026-05-08T01:30:00+00:00,15702.730000000001,15727.230000000001,15657.240000000002,15683.240000000002,6869
2026-05-08T01:45:00+00:00,15683.240000000002,15690.230000000001,15639.730000000001,15681.750000000002,4186
2026-05-08T02:00:00+00:00,15681.750000000002,15696.750000000002,15639.250000000002,15641.240000000002,4005
2026-05-08T02:15:00+00:00,15641.240000000002,15649.250000000002,15614.230000000001,15636.750000000002,3732
2026-05-08T02:30:00+00:00,15636.750000000002,15673.730000000001,15611.230000000001,15659.730000000001,3290
2026-05-08T02:45:00+00:00,15659.730000000001,15660.250000000002,15597.240000000002,15604.250000000002,2543
2026-05-08T03:00:00+00:00,15604.250000000002,15617.750000000002,15573.730000000001,15617.750000000002,2941
2026-05-08T03:15:00+00:00,15617.750000000002,15623.730000000001,15588.230000000001,15610.730000000001,2073
2026-05-08T03:30:00+00:00,15610.730000000001,15624.250000000002,15609.730000000001,15616.250000000002,527
2026-05-08T03:45:00+00:00,15616.250000000002,15626.250000000002,15612.230000000001,15623.230000000001,263
2026-05-08T04:00:00+00:00,15623.230000000001,15625.230000000001,15619.230000000001,15619.750000000002,152
2026-05-08T04:15:00+00:00,15619.750000000002,15629.250000000002,15614.230000000001,15628.240000000002,210
2026-05-08T04:30:00+00:00,15628.240000000002,15631.240000000002,15622.740000000002,15624.230000000001,178.80759989320993
2026-05-08T04:45:00+00:00,15624.230000000001,15638.250000000002,15624.230000000001,15638.250000000002,189
2026-05-08T05:00:00+00:00,15638.250000000002,15645.750000000002,15625.250000000002,15637.740000000002,2708
2026-05-08T05:15:00+00:00,15637.740000000002,15679.730000000001,15636.750000000002,15673.730000000001,2278
2026-05-08T05:30:00+00:00,15673.730000000001,15678.740000000002,15639.230000000001,15652.730000000001,1999
2026-05-08T05:45:00+00:00,15652.730000000001,15656.230000000001,15641.240000000002,15646.240000000002,1594
2026-05-08T06:00:00+00:00,15646.240000000002,15655.250000000002,15634.230000000001,15639.730000000001,1413
2026-05-08T06:15:00+00:00,15639.730000000001,15645.250000000002,15623.240000000002,15635.240000000002,992
2026-05-08T06:30:00+00:00,15635.240000000002,15645.750000000002,15627.240000000002,15629.250000000002,1027
2026-05-08T06:45:00+00:00,15629.250000000002,15659.250000000002,15627.240000000002,15654.240000000002,1535
2026-05-08T07:00:00+00:00,15654.240000000002,15656.250000000002,15646.250000000002,15647.230000000001,453
2026-05-08T07:15:00+00:00,15647.230000000001,15648.250000000002,15637.230000000001,15640.230000000001,355
2026-05-08T07:30:00+00:00,15640.230000000001,15643.250000000002,15638.230000000001,15643.230000000001,129
2026-05-08T07:45:00+00:00,15643.230000000001,15649.750000000002,15643.230000000001,15648.240000000002,197
2026-05-08T08:00:00+00:00,15648.240000000002,15648.750000000002,15639.230000000001,15642.250000000002,900
2026-05-08T08:15:00+00:00,15642.250000000002,15647.750000000002,15641.730000000001,15646.230000000001,402
2026-05-08T09:00:00+00:00,15646.230000000001,15646.230000000001,15627.730000000001,15635.230000000001,237
2026-05-08T09:15:00+00:00,15635.230000000001,15639.250000000002,15631.730000000001,15633.230000000001,351
2026-05-08T09:30:00+00:00,15633.230000000001,15636.250000000002,15632.740000000002,15634.230000000001,107
2026-05-08T09:45:00+00:00,15634.230000000001,15635.250000000002,15628.230000000001,15628.750000000002,163
2026-05-08T10:00:00+00:00,15628.750000000002,15633.750000000002,15628.750000000002,15631.230000000001,92
2026-05-08T10:15:00+00:00,15631.230000000001,15640.230000000001,15629.230000000001,15638.250000000002,129.33357291992522
2026-05-08T10:30:00+00:00,15638.250000000002,15640.250000000002,15636.240000000002,15638.250000000002,128
2026-05-08T10:45:00+00:00,15638.250000000002,15638.250000000002,15626.230000000001,15633.230000000001,218
2026-05-08T11:00:00+00:00,15633.230000000001,15641.250000000002,15631.240000000002,15638.730000000001,209
2026-05-08T11:15:00+00:00,15638.730000000001,15640.240000000002,15632.230000000001,15638.240000000002,178
2026-05-08T11:30:00+00:00,15638.240000000002,15639.250000000002,15635.240000000002,15635.240000000002,111
2026-05-08T11:45:00+00:00,15635.240000000002,15638.250000000002,15635.230000000001,15636.230000000001,102
2026-05-08T12:00:00+00:00,15636.230000000001,15639.250000000002,15635.230000000001,15637.250000000002,146
2026-05-08T12:15:00+00:00,15637.250000000002,15657.240000000002,15635.240000000002,15656.730000000001,208
2026-05-08T12:30:00+00:00,15656.730000000001,15670.250000000002,15655.230000000001,15669.240000000002,784
2026-05-08T12:45:00+00:00,15669.240000000002,15676.730000000001,15656.230000000001,15659.240000000002,497
2026-05-08T13:00:00+00:00,15659.240000000002,15660.250000000002,15648.750000000002,15654.230000000001,340
2026-05-08T13:15:00+00:00,15654.230000000001,15660.250000000002,15653.250000000002,15659.230000000001,137
2026-05-08T13:30:00+00:00,15659.230000000001,15689.250000000002,15659.230000000001,15688.240000000002,888
2026-05-08T13:45:00+00:00,15688.240000000002,15693.250000000002,15677.240000000002,15686.740000000002,427
2026-05-08T14:00:00+00:00,15686.740000000002,15687.230000000001,15665.230000000001,15671.230000000001,521
2026-05-08T14:15:00+00:00,15671.230000000001,15677.250000000002,15666.240000000002,15670.730000000001,746
2026-05-08T14:30:00+00:00,15670.730000000001,15686.240000000002,15669.730000000001,15683.230000000001,872
2026-05-08T14:45:00+00:00,15683.230000000001,15685.250000000002,15672.230000000001,15674.240000000002,327
2026-05-08T15:00:00+00:00,15674.240000000002,15676.250000000002,15666.230000000001,15666.240000000002,314
2026-05-08T15:15:00+00:00,15666.240000000002,15674.740000000002,15663.230000000001,15674.240000000002,286
2026-05-08T15:30:00+00:00,15674.240000000002,15681.750000000002,15665.230000000001,15672.730000000001,375.02302426882386
2026-05-08T15:45:00+00:00,15672.730000000001,15677.750000000002,15669.730000000001,15671.240000000002,296
2026-05-08T16:00:00+00:00,15671.240000000002,15672.750000000002,15666.730000000001,15669.250000000002,278.25678650036684
2026-05-08T16:15:00+00:00,15669.250000000002,15669.750000000002,15665.740000000002,15669.250000000002,142
2026-05-08T16:30:00+00:00,15669.250000000002,15671.240000000002,15665.730000000001,15669.240000000002,139
2026-05-08T16:45:00+00:00,15669.240000000002,15673.750000000002,15668.730000000001,15669.730000000001,223
2026-05-08T17:00:00+00:00,15669.730000000001,15673.750000000002,15668.230000000001,15671.740000000002,154
2026-05-08T17:15:00+00:00,15671.740000000002,15680.750000000002,15671.740000000002,15679.740000000002,137
2026-05-08T17:30:00+00:00,15679.740000000002,15680.750000000002,15675.730000000001,15677.750000000002,109
2026-05-08T17:45:00+00:00,15677.750000000002,15679.750000000002,15674.240000000002,15674.740000000002,160
2026-05-08T18:00:00+00:00,15674.740000000002,15685.240000000002,15673.230000000001,15684.230000000001,476
2026-05-08T18:15:00+00:00,15684.230000000001,15685.750000000002,15682.730000000001,15685.240000000002,140
2026-05-08T18:30:00+00:00,15685.240000000002,15688.240000000002,15681.730000000001,15681.740000000002,132.08565601631543
2026-05-08T18:45:00+00:00,15681.740000000002,15683.750000000002,15677.730000000001,15680.250000000002,323
2026-05-08T19:00:00+00:00,15680.250000000002,15682.750000000002,15678.740000000002,15680.750000000002,152.03142857142856
2026-05-08T19:15:00+00:00,15680.750000000002,15683.740000000002,15679.730000000001,15679.750000000002,130
2026-05-08T19:30:00+00:00,15679.750000000002,15681.750000000002,15677.240000000002,15680.250000000002,197
2026-05-08T19:45:00+00:00,15680.250000000002,15681.750000000002,15673.230000000001,15677.240000000002,238
2026-05-08T20:00:00+00:00,15677.240000000002,15679.730000000001,15673.240000000002,15678.730000000001,66.13344182262001
2026-05-08T20:15:00+00:00,15678.730000000001,15679.250000000002,15678.230000000001,15678.250000000002,30.954144648880483
2026-05-08T20:30:00+00:00,15678.250000000002,15679.750000000002,15677.730000000001,15677.750000000002,53.94270057068799
2026-05-11T01:00:00+00:00,15677.750000000002,15677.750000000002,15654.550000000001,15670.540000000003,292.95671887881286
2026-05-11T01:15:00+00:00,15670.540000000003,15726.540000000003,15667.540000000003,15716.560000000001,1553
2026-05-11T01:30:00+00:00,15716.560000000001,15716.560000000001,15622.060000000001,15626.050000000001,10761
2026-05-11T01:45:00+00:00,15626.050000000001,15716.060000000001,15616.560000000001,15715.560000000001,7294
2026-05-11T02:00:00+00:00,15715.560000000001,15773.560000000001,15699.060000000001,15765.550000000001,6977
2026-05-11T02:15:00+00:00,15765.550000000001,15783.060000000001,15728.040000000003,15761.040000000003,5702
2026-05-11T02:30:00+00:00,15761.040000000003,15777.060000000001,15733.040000000003,15756.040000000003,4753
2026-05-11T02:45:00+00:00,15756.040000000003,15782.060000000001,15746.060000000001,15779.060000000001,3567
2026-05-11T03:00:00+00:00,15779.060000000001,15827.060000000001,15768.040000000003,15826.040000000003,3357
2026-05-11T03:15:00+00:00,15826.040000000003,15833.040000000003,15792.540000000003,15799.050000000001,2878
2026-05-11T03:30:00+00:00,15799.050000000001,15799.060000000001,15784.040000000003,15798.550000000001,595
2026-05-11T03:45:00+00:00,15798.550000000001,15801.060000000001,15790.050000000001,15791.540000000003,310
2026-05-11T04:00:00+00:00,15791.540000000003,15791.540000000003,15783.050000000001,15786.560000000001,250
2026-05-11T04:15:00+00:00,15786.560000000001,15791.060000000001,15785.550000000001,15787.560000000001,182
2026-05-11T04:30:00+00:00,15787.560000000001,15789.060000000001,15785.040000000003,15786.040000000003,151
2026-05-11T04:45:00+00:00,15786.040000000003,15792.060000000001,15785.040000000003,15791.540000000003,149
2026-05-11T05:00:00+00:00,15791.540000000003,15818.560000000001,15763.040000000003,15795.540000000003,4167
2026-05-11T05:15:00+00:00,15795.540000000003,15832.060000000001,15786.540000000003,15826.050000000001,3063
2026-05-11T05:30:00+00:00,15826.050000000001,15867.560000000001,15819.040000000003,15857.060000000001,3357
2026-05-11T05:45:00+00:00,15857.060000000001,15879.550000000001,15847.060000000001,15850.040000000003,2691
2026-05-11T06:00:00+00:00,15850.040000000003,15928.050000000001,15849.540000000003,15927.040000000003,2371
2026-05-11T06:15:00+00:00,15927.040000000003,15936.050000000001,15876.550000000001,15883.050000000001,2026
2026-05-11T06:30:00+00:00,15883.050000000001,15891.550000000001,15857.040000000003,15869.060000000001,2263
2026-05-11T06:45:00+00:00,15869.060000000001,15899.560000000001,15863.550000000001,15880.060000000001,2833
2026-05-11T07:00:00+00:00,15880.060000000001,15897.050000000001,15880.050000000001,15890.050000000001,681
2026-05-11T07:15:00+00:00,15890.050000000001,15894.050000000001,15879.050000000001,15881.060000000001,280
2026-05-11T07:30:00+00:00,15881.060000000001,15898.060000000001,15879.060000000001,15892.040000000003,224
2026-05-11T07:45:00+00:00,15892.040000000003,15892.040000000003,15883.550000000001,15886.040000000003,193
2026-05-11T08:00:00+00:00,15886.040000000003,15896.060000000001,15886.040000000003,15891.050000000001,523
2026-05-11T08:15:00+00:00,15891.050000000001,15898.060000000001,15890.040000000003,15896.560000000001,426
2026-05-11T09:00:00+00:00,15896.560000000001,15896.560000000001,15876.050000000001,15880.550000000001,292.6194815195072
2026-05-11T09:15:00+00:00,15880.550000000001,15892.060000000001,15880.550000000001,15887.550000000001,128
2026-05-11T09:30:00+00:00,15887.550000000001,15900.050000000001,15887.060000000001,15899.050000000001,168
2026-05-11T09:45:00+00:00,15899.050000000001,15907.060000000001,15898.540000000003,15899.550000000001,204
2026-05-11T10:00:00+00:00,15899.550000000001,15903.060000000001,15891.540000000003,15891.560000000001,251
2026-05-11T10:15:00+00:00,15891.560000000001,15892.040000000003,15886.050000000001,15890.050000000001,114
2026-05-11T10:30:00+00:00,15890.050000000001,15895.060000000001,15888.060000000001,15893.050000000001,153
2026-05-11T10:45:00+00:00,15893.050000000001,15895.060000000001,15887.060000000001,15887.060000000001,136
2026-05-11T11:00:00+00:00,15887.060000000001,15897.060000000001,15887.060000000001,15896.050000000001,167
2026-05-11T11:15:00+00:00,15896.050000000001,15903.040000000003,15895.560000000001,15901.040000000003,141
2026-05-11T11:30:00+00:00,15901.040000000003,15906.050000000001,15901.040000000003,15904.060000000001,149
2026-05-11T11:45:00+00:00,15904.060000000001,15905.560000000001,15896.040000000003,15901.550000000001,129
2026-05-11T12:00:00+00:00,15901.550000000001,15904.040000000003,15897.040000000003,15897.050000000001,175
2026-05-11T12:15:00+00:00,15897.050000000001,15902.050000000001,15895.040000000003,15902.040000000003,186
2026-05-11T12:30:00+00:00,15902.040000000003,15905.060000000001,15899.040000000003,15903.040000000003,206
2026-05-11T12:45:00+00:00,15903.040000000003,15905.060000000001,15893.040000000003,15902.560000000001,413
2026-05-11T13:00:00+00:00,15902.560000000001,15914.060000000001,15902.040000000003,15914.050000000001,292
2026-05-11T13:15:00+00:00,15914.050000000001,15918.040000000003,15914.040000000003,15917.040000000003,266
2026-05-11T13:30:00+00:00,15917.040000000003,15933.060000000001,15917.040000000003,15933.060000000001,625
2026-05-11T13:45:00+00:00,15933.060000000001,15943.060000000001,15930.550000000001,15931.050000000001,580
2026-05-11T14:00:00+00:00,15931.050000000001,15937.560000000001,15924.040000000003,15931.040000000003,435
2026-05-11T14:15:00+00:00,15931.040000000003,15935.060000000001,15927.040000000003,15928.560000000001,383
2026-05-11T14:30:00+00:00,15928.560000000001,15940.040000000003,15920.040000000003,15939.050000000001,842
2026-05-11T14:45:00+00:00,15939.050000000001,15940.060000000001,15933.040000000003,15936.060000000001,361
2026-05-11T15:00:00+00:00,15936.060000000001,15949.060000000001,15935.050000000001,15946.050000000001,296
2026-05-11T15:15:00+00:00,15946.050000000001,15970.050000000001,15945.060000000001,15970.050000000001,302
2026-05-11T15:30:00+00:00,15970.050000000001,15973.060000000001,15965.040000000003,15966.540000000003,458
2026-05-11T15:45:00+00:00,15966.540000000003,15973.060000000001,15964.050000000001,15970.060000000001,543
2026-05-11T16:00:00+00:00,15970.060000000001,15973.060000000001,15967.040000000003,15968.040000000003,285
2026-05-11T16:15:00+00:00,15968.040000000003,15969.040000000003,15959.540000000003,15959.550000000001,239
2026-05-11T16:30:00+00:00,15959.550000000001,15961.060000000001,15945.060000000001,15953.560000000001,456
2026-05-11T16:45:00+00:00,15953.560000000001,15959.060000000001,15953.040000000003,15955.550000000001,296
2026-05-11T17:00:00+00:00,15955.550000000001,15959.050000000001,15953.040000000003,15956.040000000003,208
2026-05-11T17:15:00+00:00,15956.040000000003,15960.060000000001,15954.040000000003,15960.060000000001,176
2026-05-11T17:30:00+00:00,15960.060000000001,15963.060000000001,15957.040000000003,15962.050000000001,157
2026-05-11T17:45:00+00:00,15962.050000000001,15962.050000000001,15954.050000000001,15954.540000000003,161
2026-05-11T18:00:00+00:00,15954.540000000003,15962.060000000001,15954.540000000003,15961.540000000003,127
2026-05-11T18:15:00+00:00,15961.540000000003,15964.060000000001,15958.040000000003,15963.050000000001,233
2026-05-11T18:30:00+00:00,15963.050000000001,15965.060000000001,15961.040000000003,15963.060000000001,130
2026-05-11T18:45:00+00:00,15963.060000000001,15964.550000000001,15959.040000000003,15959.040000000003,163
2026-05-11T19:00:00+00:00,15959.040000000003,15964.060000000001,15958.040000000003,15961.060000000001,119
2026-05-11T19:15:00+00:00,15961.060000000001,15962.060000000001,15958.550000000001,15960.050000000001,117
2026-05-11T19:30:00+00:00,15960.050000000001,15962.060000000001,15957.060000000001,15958.060000000001,127
2026-05-11T19:45:00+00:00,15958.060000000001,15961.040000000003,15957.040000000003,15959.040000000003,156
2026-05-11T20:00:00+00:00,15959.040000000003,15960.550000000001,15955.040000000003,15957.540000000003,85
2026-05-11T20:15:00+00:00,15957.540000000003,15957.560000000001,15955.540000000003,15957.050000000001,35.112678785543
2026-05-11T20:30:00+00:00,15957.050000000001,15957.060000000001,15955.050000000001,15956.540000000003,43.30019518227554
2026-05-12T01:00:00+00:00,15956.540000000003,15957.040000000003,15908.800000000001,15926.320000000002,398.82608695652175
2026-05-12T01:15:00+00:00,15926.320000000002,15963.300000000001,15920.300000000001,15945.310000000001,1452
2026-05-12T01:30:00+00:00,15945.310000000001,15987.310000000001,15898.810000000001,15946.800000000001,8890
2026-05-12T01:45:00+00:00,15946.800000000001,15965.300000000001,15927.820000000002,15946.300000000001,6307
2026-05-12T02:00:00+00:00,15946.300000000001,15978.810000000001,15931.310000000001,15941.820000000002,5524
2026-05-12T02:15:00+00:00,15941.820000000002,15975.310000000001,15934.300000000001,15953.320000000002,3859
2026-05-12T02:30:00+00:00,15953.320000000002,16018.320000000002,15942.300000000001,16009.310000000001,3787
2026-05-12T02:45:00+00:00,16009.310000000001,16020.820000000002,15980.820000000002,15986.310000000001,3490
2026-05-12T03:00:00+00:00,15986.310000000001,15992.320000000002,15947.310000000001,15957.300000000001,3007
2026-05-12T03:15:00+00:00,15957.300000000001,15965.820000000002,15910.300000000001,15926.800000000001,3293
2026-05-12T03:30:00+00:00,15926.800000000001,15929.300000000001,15917.800000000001,15922.300000000001,508
2026-05-12T03:45:00+00:00,15922.300000000001,15925.310000000001,15917.800000000001,15920.800000000001,355
2026-05-12T04:00:00+00:00,15920.800000000001,15928.320000000002,15920.800000000001,15924.800000000001,124
2026-05-12T04:15:00+00:00,15924.800000000001,15932.320000000002,15921.300000000001,15926.820000000002,135.16629317591676
2026-05-12T04:30:00+00:00,15926.820000000002,15938.820000000002,15926.300000000001,15937.800000000001,101
2026-05-12T04:45:00+00:00,15937.800000000001,15938.320000000002,15916.310000000001,15918.820000000002,165
2026-05-12T05:00:00+00:00,15918.820000000002,15941.320000000002,15902.310000000001,15934.800000000001,5121
2026-05-12T05:15:00+00:00,15934.800000000001,15990.310000000001,15930.310000000001,15983.810000000001,3494
2026-05-12T05:30:00+00:00,15983.810000000001,15990.300000000001,15937.800000000001,15940.320000000002,2929
2026-05-12T05:45:00+00:00,15940.320000000002,15953.310000000001,15923.810000000001,15945.310000000001,2073
2026-05-12T06:00:00+00:00,15945.310000000001,15960.820000000002,15932.300000000001,15944.300000000001,2155
2026-05-12T06:15:00+00:00,15944.300000000001,15955.320000000002,15926.300000000001,15930.820000000002,1721
2026-05-12T06:30:00+00:00,15930.820000000002,15959.320000000002,15930.310000000001,15958.310000000001,1725
2026-05-12T06:45:00+00:00,15958.310000000001,15962.320000000002,15948.300000000001,15954.800000000001,1530
2026-05-12T07:00:00+00:00,15954.800000000001,15960.310000000001,15946.800000000001,15957.310000000001,632
2026-05-12T07:15:00+00:00,15957.310000000001,15973.800000000001,15957.310000000001,15973.800000000001,316
2026-05-12T07:30:00+00:00,15973.800000000001,15975.320000000002,15968.300000000001,15972.310000000001,219
2026-05-12T07:45:00+00:00,15972.310000000001,15979.320000000002,15970.320000000002,15978.300000000001,327
2026-05-12T08:00:00+00:00,15978.300000000001,15980.320000000002,15966.300000000001,15969.320000000002,784
2026-05-12T08:15:00+00:00,15969.320000000002,15982.310000000001,15967.310000000001,15982.310000000001,367
2026-05-12T09:00:00+00:00,15982.310000000001,15982.310000000001,15967.300000000001,15975.310000000001,400
2026-05-12T09:15:00+00:00,15975.310000000001,15983.320000000002,15973.300000000001,15980.300000000001,303
2026-05-12T09:30:00+00:00,15980.300000000001,15988.300000000001,15972.800000000001,15973.320000000002,572
2026-05-12T09:45:00+00:00,15973.320000000002,15976.320000000002,15964.800000000001,15966.310000000001,431
2026-05-12T10:00:00+00:00,15966.310000000001,15978.820000000002,15964.310000000001,15978.800000000001,232
2026-05-12T10:15:00+00:00,15978.800000000001,15978.800000000001,15974.300000000001,15977.320000000002,142
2026-05-12T10:30:00+00:00,15977.320000000002,15981.320000000002,15973.800000000001,15974.810000000001,141
2026-05-12T10:45:00+00:00,15974.810000000001,15981.320000000002,15974.300000000001,15979.310000000001,121.4723076923077
2026-05-12T11:00:00+00:00,15979.310000000001,15985.310000000001,15972.300000000001,15979.320000000002,363
2026-05-12T11:15:00+00:00,15979.320000000002,15980.320000000002,15976.310000000001,15977.300000000001,192
2026-05-12T11:30:00+00:00,15977.300000000001,15985.310000000001,15975.800000000001,15983.810000000001,220
2026-05-12T11:45:00+00:00,15983.810000000001,15987.320000000002,15980.300000000001,15982.310000000001,203
2026-05-12T12:00:00+00:00,15982.310000000001,15987.820000000002,15979.310000000001,15983.810000000001,369
2026-05-12T12:15:00+00:00,15983.810000000001,15986.320000000002,15981.300000000001,15983.810000000001,244
2026-05-12T12:30:00+00:00,15983.810000000001,15995.320000000002,15977.310000000001,15992.320000000002,791
2026-05-12T12:45:00+00:00,15992.320000000002,16008.810000000001,15992.300000000001,16007.810000000001,482
2026-05-12T13:00:00+00:00,16007.810000000001,16014.820000000002,16006.800000000001,16012.300000000001,465
2026-05-12T13:15:00+00:00,16012.300000000001,16012.300000000001,15990.300000000001,15996.310000000001,335
2026-05-12T13:30:00+00:00,15996.310000000001,16002.320000000002,15982.300000000001,15995.320000000002,1193
2026-05-12T13:45:00+00:00,15995.320000000002,15996.320000000002,15953.300000000001,15959.300000000001,1144
2026-05-12T14:00:00+00:00,15959.300000000001,15978.320000000002,15955.800000000001,15978.300000000001,857
2026-05-12T14:15:00+00:00,15978.300000000001,15981.320000000002,15966.800000000001,15972.810000000001,725
2026-05-12T14:30:00+00:00,15972.810000000001,15977.310000000001,15959.300000000001,15976.320000000002,748
2026-05-12T14:45:00+00:00,15976.320000000002,15976.320000000002,15957.300000000001,15958.320000000002,621
2026-05-12T15:00:00+00:00,15958.320000000002,15965.310000000001,15953.810000000001,15955.320000000002,507
2026-05-12T15:15:00+00:00,15955.320000000002,15955.320000000002,15931.310000000001,15944.320000000002,736
2026-05-12T15:30:00+00:00,15944.320000000002,15948.310000000001,15936.320000000002,15945.300000000001,576
2026-05-12T15:45:00+00:00,15945.300000000001,15947.300000000001,15930.810000000001,15933.310000000001,319
2026-05-12T16:00:00+00:00,15933.310000000001,15943.820000000002,15930.300000000001,15943.310000000001,375
2026-05-12T16:15:00+00:00,15943.310000000001,15944.320000000002,15935.310000000001,15935.310000000001,344
2026-05-12T16:30:00+00:00,15935.310000000001,15936.800000000001,15928.300000000001,15930.300000000001,416
2026-05-12T16:45:00+00:00,15930.300000000001,15931.300000000001,15917.300000000001,15925.800000000001,479
2026-05-12T17:00:00+00:00,15925.800000000001,15939.320000000002,15925.800000000001,15937.800000000001,382
2026-05-12T17:15:00+00:00,15937.800000000001,15949.310000000001,15937.800000000001,15944.310000000001,266
2026-05-12T17:30:00+00:00,15944.310000000001,15947.320000000002,15940.300000000001,15944.310000000001,233
2026-05-12T17:45:00+00:00,15944.310000000001,15946.320000000002,15942.300000000001,15943.800000000001,198
2026-05-12T18:00:00+00:00,15943.800000000001,15947.320000000002,15940.300000000001,15947.310000000001,365
2026-05-12T18:15:00+00:00,15947.310000000001,15957.310000000001,15946.300000000001,15955.320000000002,256
2026-05-12T18:30:00+00:00,15955.320000000002,15960.320000000002,15954.300000000001,15959.800000000001,169
2026-05-12T18:45:00+00:00,15959.800000000001,15965.320000000002,15957.300000000001,15962.810000000001,144
2026-05-12T19:00:00+00:00,15962.810000000001,15972.810000000001,15962.810000000001,15972.800000000001,94
2026-05-12T19:15:00+00:00,15972.800000000001,15973.320000000002,15965.300000000001,15966.300000000001,106
2026-05-12T19:30:00+00:00,15966.300000000001,15974.300000000001,15966.300000000001,15972.310000000001,126
2026-05-12T19:45:00+00:00,15972.310000000001,15975.320000000002,15968.310000000001,15969.300000000001,265
2026-05-12T20:00:00+00:00,15969.300000000001,15969.810000000001,15959.800000000001,15963.800000000001,85.31907555840225
2026-05-12T20:15:00+00:00,15963.800000000001,15966.300000000001,15963.800000000001,15965.800000000001,32.39277463569916
2026-05-12T20:30:00+00:00,15965.800000000001,15965.810000000001,15963.300000000001,15963.320000000002,34.66323059175125
2026-05-13T01:00:00+00:00,15963.320000000002,15964.820000000002,15936.070000000002,15950.560000000001,319.65323565323564
2026-05-13T01:15:00+00:00,15950.560000000001,15954.060000000001,15883.060000000001,15916.070000000002,1985
2026-05-13T01:30:00+00:00,15916.070000000002,15984.070000000002,15888.060000000001,15943.570000000002,10206
2026-05-13T01:45:00+00:00,15943.570000000002,15963.070000000002,15867.560000000001,15882.560000000001,6155
2026-05-13T02:00:00+00:00,15882.560000000001,15917.570000000002,15851.050000000001,15910.060000000001,5200
2026-05-13T02:15:00+00:00,15910.060000000001,15929.060000000001,15906.050000000001,15925.050000000001,3590
2026-05-13T02:30:00+00:00,15925.050000000001,15940.560000000001,15908.560000000001,15930.070000000002,3502
2026-05-13T02:45:00+00:00,15930.070000000002,15939.550000000001,15881.050000000001,15882.050000000001,2745
2026-05-13T03:00:00+00:00,15882.050000000001,15897.070000000002,15864.050000000001,15874.070000000002,2581
2026-05-13T03:15:00+00:00,15874.070000000002,15923.060000000001,15872.050000000001,15915.570000000002,2651
2026-05-13T03:30:00+00:00,15915.570000000002,15929.050000000001,15915.570000000002,15926.070000000002,512
2026-05-13T03:45:00+00:00,15926.070000000002,15930.570000000002,15925.050000000001,15929.060000000001,571
2026-05-13T04:00:00+00:00,15929.060000000001,15931.550000000001,15925.050000000001,15926.050000000001,187
2026-05-13T04:15:00+00:00,15926.050000000001,15938.060000000001,15926.050000000001,15935.560000000001,329
2026-05-13T04:30:00+00:00,15935.560000000001,15937.070000000002,15922.050000000001,15929.070000000002,212
2026-05-13T04:45:00+00:00,15929.070000000002,15930.070000000002,15926.050000000001,15927.060000000001,148
2026-05-13T05:00:00+00:00,15927.060000000001,15974.070000000002,15922.050000000001,15971.550000000001,4453
2026-05-13T05:15:00+00:00,15971.550000000001,15978.070000000002,15948.070000000002,15973.560000000001,2767
2026-05-13T05:30:00+00:00,15973.560000000001,15993.070000000002,15960.560000000001,15992.070000000002,2772
2026-05-13T05:45:00+00:00,15992.070000000002,16011.570000000002,15970.060000000001,16011.570000000002,2388
2026-05-13T06:00:00+00:00,16011.570000000002,16021.570000000002,16002.060000000001,16008.560000000001,2522
2026-05-13T06:15:00+00:00,16008.560000000001,16046.560000000001,16008.050000000001,16037.070000000002,2010
2026-05-13T06:30:00+00:00,16037.070000000002,16072.570000000002,16036.560000000001,16067.070000000002,2315
2026-05-13T06:45:00+00:00,16067.070000000002,16070.060000000001,16035.050000000001,16055.070000000002,2379
2026-05-13T07:00:00+00:00,16055.070000000002,16071.050000000001,16045.060000000001,16048.070000000002,750
2026-05-13T07:15:00+00:00,16048.070000000002,16050.070000000002,16041.060000000001,16046.570000000002,315
2026-05-13T07:30:00+00:00,16046.570000000002,16053.070000000002,16045.050000000001,16048.060000000001,185
2026-05-13T07:45:00+00:00,16048.060000000001,16051.070000000002,16043.050000000001,16051.050000000001,208.80643606122695
2026-05-13T08:00:00+00:00,16051.050000000001,16062.070000000002,16049.050000000001,16058.060000000001,338
2026-05-13T08:15:00+00:00,16058.060000000001,16060.070000000002,16052.050000000001,16059.570000000002,222
2026-05-13T09:00:00+00:00,16059.570000000002,16059.570000000002,16030.070000000002,16031.070000000002,219
2026-05-13T09:15:00+00:00,16031.070000000002,16033.560000000001,16009.050000000001,16009.060000000001,489
2026-05-13T09:30:00+00:00,16009.060000000001,16016.060000000001,16006.560000000001,16009.070000000002,592
2026-05-13T09:45:00+00:00,16009.070000000002,16014.560000000001,16005.070000000002,16013.560000000001,337
2026-05-13T10:00:00+00:00,16013.560000000001,16022.060000000001,16010.070000000002,16011.050000000001,333
2026-05-13T10:15:00+00:00,16011.050000000001,16014.070000000002,16008.050000000001,16008.060000000001,282
2026-05-13T10:30:00+00:00,16008.060000000001,16010.550000000001,16005.050000000001,16008.560000000001,257
2026-05-13T10:45:00+00:00,16008.560000000001,16010.060000000001,16005.550000000001,16007.070000000002,197
2026-05-13T11:00:00+00:00,16007.070000000002,16008.070000000002,16001.050000000001,16005.050000000001,290
2026-05-13T11:15:00+00:00,16005.050000000001,16006.060000000001,16000.050000000001,16002.070000000002,189
2026-05-13T11:30:00+00:00,16002.070000000002,16016.070000000002,16001.060000000001,16015.060000000001,161
2026-05-13T11:45:00+00:00,16015.060000000001,16019.070000000002,16013.050000000001,16014.050000000001,168
2026-05-13T12:00:00+00:00,16014.050000000001,16020.050000000001,16013.060000000001,16020.050000000001,180
2026-05-13T12:15:00+00:00,16020.050000000001,16020.050000000001,16009.050000000001,16014.060000000001,317
2026-05-13T12:30:00+00:00,16014.060000000001,16014.070000000002,15980.060000000001,15988.560000000001,976
2026-05-13T12:45:00+00:00,15988.560000000001,15996.550000000001,15987.050000000001,15993.070000000002,300
2026-05-13T13:00:00+00:00,15993.070000000002,16004.070000000002,15993.070000000002,16002.550000000001,252
2026-05-13T13:15:00+00:00,16002.550000000001,16003.070000000002,15998.550000000001,16001.070000000002,181
2026-05-13T13:30:00+00:00,16001.070000000002,16039.070000000002,15997.060000000001,16036.050000000001,1628
2026-05-13T13:45:00+00:00,16036.050000000001,16084.070000000002,16030.550000000001,16081.060000000001,2355
2026-05-13T14:00:00+00:00,16081.060000000001,16109.070000000002,16077.050000000001,16103.050000000001,2019
2026-05-13T14:15:00+00:00,16103.050000000001,16107.070000000002,16095.550000000001,16102.050000000001,1076
2026-05-13T14:30:00+00:00,16102.050000000001,16104.060000000001,16092.060000000001,16094.050000000001,828
2026-05-13T14:45:00+00:00,16094.050000000001,16129.070000000002,16092.050000000001,16112.060000000001,922
2026-05-13T15:00:00+00:00,16112.060000000001,16121.070000000002,16106.050000000001,16119.550000000001,505
2026-05-13T15:15:00+00:00,16119.550000000001,16136.070000000002,16117.050000000001,16135.060000000001,667
2026-05-13T15:30:00+00:00,16135.060000000001,16136.060000000001,16119.070000000002,16123.560000000001,533.2821904292057
2026-05-13T15:45:00+00:00,16123.560000000001,16124.080000000002,16106.570000000002,16107.060000000001,491
2026-05-13T16:00:00+00:00,16107.060000000001,16113.580000000002,16105.560000000001,16110.570000000002,413
2026-05-13T16:15:00+00:00,16110.570000000002,16123.560000000001,16108.070000000002,16116.560000000001,559
2026-05-13T16:30:00+00:00,16116.560000000001,16118.580000000002,16112.570000000002,16112.570000000002,405
2026-05-13T16:45:00+00:00,16112.570000000002,16120.580000000002,16109.570000000002,16114.060000000001,267
2026-05-13T17:00:00+00:00,16114.060000000001,16117.580000000002,16104.560000000001,16104.560000000001,392
2026-05-13T17:15:00+00:00,16104.560000000001,16113.060000000001,16104.560000000001,16111.080000000002,281
2026-05-13T17:30:00+00:00,16111.080000000002,16112.570000000002,16103.560000000001,16105.560000000001,352
2026-05-13T17:45:00+00:00,16105.560000000001,16106.580000000002,16098.560000000001,16099.570000000002,370
2026-05-13T18:00:00+00:00,16099.570000000002,16106.580000000002,16098.560000000001,16106.060000000001,337
2026-05-13T18:15:00+00:00,16106.060000000001,16113.570000000002,16105.570000000002,16112.080000000002,429
2026-05-13T18:30:00+00:00,16112.080000000002,16115.580000000002,16111.070000000002,16111.070000000002,349
2026-05-13T18:45:00+00:00,16111.070000000002,16114.580000000002,16104.560000000001,16106.560000000001,420
2026-05-13T19:00:00+00:00,16106.560000000001,16116.080000000002,16106.560000000001,16115.560000000001,180
2026-05-13T19:15:00+00:00,16115.560000000001,16117.580000000002,16109.570000000002,16113.560000000001,165
2026-05-13T19:30:00+00:00,16113.560000000001,16115.060000000001,16111.560000000001,16114.060000000001,180
2026-05-13T19:45:00+00:00,16114.060000000001,16115.580000000002,16109.570000000002,16113.580000000002,343
2026-05-13T20:00:00+00:00,16113.580000000002,16117.570000000002,16110.580000000002,16117.570000000002,81
2026-05-13T20:15:00+00:00,16117.570000000002,16117.580000000002,16116.560000000001,16117.560000000001,53.182082606166375
2026-05-13T20:30:00+00:00,16117.560000000001,16118.560000000001,16116.560000000001,16117.070000000002,39
2026-05-14T01:00:00+00:00,16117.070000000002,16135.240000000002,16111.730000000001,16111.740000000002,379.94394110985274
2026-05-14T01:15:00+00:00,16111.740000000002,16159.730000000001,16108.230000000001,16121.730000000001,1601
2026-05-14T01:30:00+00:00,16121.730000000001,16140.220000000001,16010.240000000002,16010.240000000002,9865
2026-05-14T01:45:00+00:00,16010.240000000002,16012.740000000002,15929.730000000001,15951.230000000001,6305
2026-05-14T02:00:00+00:00,15951.230000000001,15963.730000000001,15909.740000000002,15939.730000000001,6784
2026-05-14T02:15:00+00:00,15939.730000000001,15956.240000000002,15903.220000000001,15904.740000000002,4854
2026-05-14T02:30:00+00:00,15904.740000000002,15927.230000000001,15856.730000000001,15880.720000000001,4339
2026-05-14T02:45:00+00:00,15880.720000000001,15906.740000000002,15870.730000000001,15875.240000000002,4047
2026-05-14T03:00:00+00:00,15875.240000000002,15877.740000000002,15795.740000000002,15801.720000000001,3345
2026-05-14T03:15:00+00:00,15801.720000000001,15852.740000000002,15782.730000000001,15849.730000000001,4333
2026-05-14T03:30:00+00:00,15849.730000000001,15857.740000000002,15844.720000000001,15851.230000000001,687
2026-05-14T03:45:00+00:00,15851.230000000001,15854.730000000001,15843.730000000001,15849.220000000001,392
2026-05-14T04:00:00+00:00,15849.220000000001,15857.740000000002,15836.730000000001,15857.240000000002,300
2026-05-14T04:15:00+00:00,15857.240000000002,15859.720000000001,15851.730000000001,15856.740000000002,147
2026-05-14T04:30:00+00:00,15856.740000000002,15858.230000000001,15852.240000000002,15856.730000000001,206
2026-05-14T04:45:00+00:00,15856.730000000001,15859.230000000001,15851.720000000001,15852.740000000002,199
2026-05-14T05:00:00+00:00,15852.740000000002,15903.740000000002,15841.730000000001,15901.730000000001,4484
2026-05-14T05:15:00+00:00,15901.730000000001,15939.740000000002,15872.230000000001,15938.740000000002,2936
2026-05-14T05:30:00+00:00,15938.740000000002,15942.740000000002,15879.720000000001,15902.730000000001,3438
2026-05-14T05:45:00+00:00,15902.730000000001,15929.740000000002,15898.730000000001,15907.240000000002,4024
2026-05-14T06:00:00+00:00,15907.240000000002,15947.740000000002,15897.230000000001,15946.730000000001,2447
2026-05-14T06:15:00+00:00,15946.730000000001,15957.740000000002,15914.720000000001,15924.740000000002,2720
2026-05-14T06:30:00+00:00,15924.740000000002,15932.740000000002,15892.720000000001,15897.720000000001,2317
2026-05-14T06:45:00+00:00,15897.720000000001,15903.230000000001,15841.720000000001,15848.720000000001,4119
2026-05-14T07:00:00+00:00,15848.720000000001,15849.740000000002,15819.220000000001,15843.730000000001,1242
2026-05-14T07:15:00+00:00,15843.730000000001,15849.220000000001,15842.720000000001,15846.740000000002,227
2026-05-14T07:30:00+00:00,15846.740000000002,15851.740000000002,15839.720000000001,15849.220000000001,280
2026-05-14T07:45:00+00:00,15849.220000000001,15849.740000000002,15837.720000000001,15839.230000000001,382
2026-05-14T08:00:00+00:00,15839.230000000001,15850.240000000002,15836.720000000001,15848.730000000001,510
2026-05-14T08:15:00+00:00,15848.730000000001,15853.730000000001,15844.720000000001,15848.740000000002,302
2026-05-14T09:00:00+00:00,15848.740000000002,15848.740000000002,15820.220000000001,15825.220000000001,495
2026-05-14T09:15:00+00:00,15825.220000000001,15827.730000000001,15813.720000000001,15817.230000000001,448
2026-05-14T09:30:00+00:00,15817.230000000001,15821.740000000002,15804.220000000001,15805.240000000002,628
2026-05-14T09:45:00+00:00,15805.240000000002,15814.720000000001,15800.730000000001,15802.230000000001,499
2026-05-14T10:00:00+00:00,15802.230000000001,15826.730000000001,15802.230000000001,15820.240000000002,389
2026-05-14T10:15:00+00:00,15820.240000000002,15826.740000000002,15813.740000000002,15822.740000000002,304
2026-05-14T10:30:00+00:00,15822.740000000002,15836.230000000001,15820.720000000001,15833.730000000001,259
2026-05-14T10:45:00+00:00,15833.730000000001,15845.730000000001,15833.730000000001,15838.720000000001,400
2026-05-14T11:00:00+00:00,15838.720000000001,15842.220000000001,15820.230000000001,15829.740000000002,363
2026-05-14T11:15:00+00:00,15829.740000000002,15831.240000000002,15813.730000000001,15813.730000000001,254
2026-05-14T11:30:00+00:00,15813.730000000001,15819.720000000001,15808.730000000001,15814.220000000001,326
2026-05-14T11:45:00+00:00,15814.220000000001,15823.740000000002,15812.720000000001,15821.720000000001,217
2026-05-14T12:00:00+00:00,15821.720000000001,15830.740000000002,15819.220000000001,15822.220000000001,225.17556917688268
2026-05-14T12:15:00+00:00,15822.220000000001,15823.720000000001,15810.720000000001,15811.240000000002,154
2026-05-14T12:30:00+00:00,15811.240000000002,15811.720000000001,15800.720000000001,15801.240000000002,305
2026-05-14T12:45:00+00:00,15801.240000000002,15802.230000000001,15794.720000000001,15796.220000000001,381
2026-05-14T13:00:00+00:00,15796.220000000001,15799.240000000002,15781.720000000001,15782.740000000002,400
2026-05-14T13:15:00+00:00,15782.740000000002,15783.740000000002,15768.720000000001,15772.220000000001,613
2026-05-14T13:30:00+00:00,15772.220000000001,15788.740000000002,15758.720000000001,15783.740000000002,1793
2026-05-14T13:45:00+00:00,15783.740000000002,15787.740000000002,15760.730000000001,15764.730000000001,1643
2026-05-14T14:00:00+00:00,15764.730000000001,15791.740000000002,15760.730000000001,15791.740000000002,886
2026-05-14T14:15:00+00:00,15791.740000000002,15800.740000000002,15789.740000000002,15799.240000000002,802
2026-05-14T14:30:00+00:00,15799.240000000002,15819.740000000002,15797.720000000001,15814.220000000001,621
2026-05-14T14:45:00+00:00,15814.220000000001,15827.740000000002,15811.720000000001,15821.220000000001,593
2026-05-14T15:00:00+00:00,15821.220000000001,15826.740000000002,15816.720000000001,15825.230000000001,449
2026-05-14T15:15:00+00:00,15825.230000000001,15834.740000000002,15823.720000000001,15833.740000000002,380
2026-05-14T15:30:00+00:00,15833.740000000002,15837.740000000002,15829.720000000001,15830.730000000001,434
2026-05-14T15:45:00+00:00,15830.730000000001,15839.740000000002,15827.730000000001,15839.730000000001,236
2026-05-14T16:00:00+00:00,15839.730000000001,15841.220000000001,15835.720000000001,15839.240000000002,290
2026-05-14T16:15:00+00:00,15839.240000000002,15842.740000000002,15826.720000000001,15829.730000000001,436
2026-05-14T16:30:00+00:00,15829.730000000001,15840.730000000001,15827.720000000001,15834.740000000002,393
2026-05-14T16:45:00+00:00,15834.740000000002,15837.730000000001,15828.720000000001,15837.720000000001,440
2026-05-14T17:00:00+00:00,15837.720000000001,15841.740000000002,15832.220000000001,15832.740000000002,308
2026-05-14T17:15:00+00:00,15832.740000000002,15834.730000000001,15824.230000000001,15827.720000000001,748
2026-05-14T17:30:00+00:00,15827.720000000001,15838.740000000002,15826.720000000001,15838.730000000001,366
2026-05-14T17:45:00+00:00,15838.730000000001,15842.730000000001,15836.720000000001,15837.240000000002,343
2026-05-14T18:00:00+00:00,15837.240000000002,15846.740000000002,15829.720000000001,15846.740000000002,593
2026-05-14T18:15:00+00:00,15846.740000000002,15855.740000000002,15845.720000000001,15851.740000000002,470
2026-05-14T18:30:00+00:00,15851.740000000002,15857.740000000002,15850.720000000001,15851.240000000002,411
2026-05-14T18:45:00+00:00,15851.240000000002,15859.730000000001,15850.220000000001,15858.240000000002,192
2026-05-14T19:00:00+00:00,15858.240000000002,15862.740000000002,15856.730000000001,15860.220000000001,158.43858010275574
2026-05-14T19:15:00+00:00,15860.220000000001,15861.740000000002,15852.720000000001,15853.220000000001,160
2026-05-14T19:30:00+00:00,15853.220000000001,15859.240000000002,15853.220000000001,15857.730000000001,168
2026-05-14T19:45:00+00:00,15857.730000000001,15860.230000000001,15850.230000000001,15850.720000000001,312
2026-05-14T20:00:00+00:00,15850.720000000001,15855.720000000001,15849.720000000001,15850.730000000001,86.96646509070918
2026-05-14T20:15:00+00:00,15850.730000000001,15851.720000000001,15844.220000000001,15844.740000000002,73
2026-05-14T20:30:00+00:00,15844.740000000002,15846.740000000002,15844.240000000002,15846.220000000001,60.96576576576577
2026-05-15T01:00:00+00:00,15846.220000000001,15847.720000000001,15828.600000000002,15831.600000000002,395.99569197630586
2026-05-15T01:15:00+00:00,15831.600000000002,15849.620000000003,15803.100000000002,15837.110000000002,1930
2026-05-15T01:30:00+00:00,15837.110000000002,15848.100000000002,15746.610000000002,15751.600000000002,11416
2026-05-15T01:45:00+00:00,15751.600000000002,15751.600000000002,15678.600000000002,15694.110000000002,10291
2026-05-15T02:00:00+00:00,15694.110000000002,15742.620000000003,15662.610000000002,15735.100000000002,9045
2026-05-15T02:15:00+00:00,15735.100000000002,15759.620000000003,15707.120000000003,15709.600000000002,6528
2026-05-15T02:30:00+00:00,15709.600000000002,15750.620000000003,15700.600000000002,15730.120000000003,6027
2026-05-15T02:45:00+00:00,15730.120000000003,15799.110000000002,15729.100000000002,15777.100000000002,5497
2026-05-15T03:00:00+00:00,15777.100000000002,15848.110000000002,15770.620000000003,15828.620000000003,5437
2026-05-15T03:15:00+00:00,15828.620000000003,15844.120000000003,15777.620000000003,15784.120000000003,5797
2026-05-15T03:30:00+00:00,15784.120000000003,15798.610000000002,15781.600000000002,15794.610000000002,897
2026-05-15T03:45:00+00:00,15794.610000000002,15797.620000000003,15787.610000000002,15794.110000000002,380
2026-05-15T04:00:00+00:00,15794.110000000002,15794.110000000002,15784.600000000002,15787.610000000002,160
2026-05-15T04:15:00+00:00,15787.610000000002,15799.110000000002,15784.600000000002,15794.610000000002,278
2026-05-15T04:30:00+00:00,15794.610000000002,15796.610000000002,15788.600000000002,15790.600000000002,343
2026-05-15T04:45:00+00:00,15790.600000000002,15795.620000000003,15786.100000000002,15791.620000000003,570
2026-05-15T05:00:00+00:00,15791.620000000003,15793.600000000002,15700.600000000002,15712.110000000002,7872
2026-05-15T05:15:00+00:00,15712.110000000002,15743.120000000003,15701.100000000002,15724.600000000002,5440
2026-05-15T05:30:00+00:00,15724.600000000002,15724.600000000002,15649.600000000002,15651.120000000003,4418
2026-05-15T05:45:00+00:00,15651.120000000003,15667.620000000003,15618.600000000002,15622.610000000002,3601
2026-05-15T06:00:00+00:00,15622.610000000002,15654.620000000003,15601.610000000002,15645.620000000003,4596
2026-05-15T06:15:00+00:00,15645.620000000003,15662.620000000003,15607.620000000003,15608.620000000003,3314
2026-05-15T06:30:00+00:00,15608.620000000003,15653.620000000003,15594.100000000002,15652.620000000003,3872
2026-05-15T06:45:00+00:00,15652.620000000003,15669.620000000003,15635.600000000002,15653.100000000002,3415
2026-05-15T07:00:00+00:00,15653.100000000002,15680.610000000002,15639.610000000002,15677.100000000002,1205
2026-05-15T07:15:00+00:00,15677.100000000002,15679.620000000003,15667.610000000002,15672.110000000002,458
2026-05-15T07:30:00+00:00,15672.110000000002,15672.620000000003,15658.600000000002,15664.600000000002,322
2026-05-15T07:45:00+00:00,15664.600000000002,15664.620000000003,15656.600000000002,15662.620000000003,217
2026-05-15T08:00:00+00:00,15662.620000000003,15663.110000000002,15649.600000000002,15659.120000000003,682
2026-05-15T08:15:00+00:00,15659.120000000003,15659.620000000003,15645.600000000002,15647.120000000003,587
2026-05-15T09:00:00+00:00,15647.120000000003,15647.120000000003,15619.110000000002,15626.100000000002,446
2026-05-15T09:15:00+00:00,15626.100000000002,15627.120000000003,15614.110000000002,15626.120000000003,567
2026-05-15T09:30:00+00:00,15626.120000000003,15628.620000000003,15618.110000000002,15621.100000000002,507
2026-05-15T09:45:00+00:00,15621.100000000002,15632.120000000003,15613.600000000002,15626.600000000002,787
2026-05-15T10:00:00+00:00,15626.600000000002,15640.610000000002,15621.600000000002,15638.600000000002,500
2026-05-15T10:15:00+00:00,15638.600000000002,15644.620000000003,15631.600000000002,15632.610000000002,558
2026-05-15T10:30:00+00:00,15632.610000000002,15642.620000000003,15622.600000000002,15629.110000000002,737
2026-05-15T10:45:00+00:00,15629.110000000002,15655.610000000002,15628.600000000002,15648.620000000003,1475
2026-05-15T11:00:00+00:00,15648.620000000003,15654.620000000003,15644.610000000002,15647.110000000002,382
2026-05-15T11:15:00+00:00,15647.110000000002,15649.600000000002,15639.600000000002,15643.620000000003,229
2026-05-15T11:30:00+00:00,15643.620000000003,15644.120000000003,15633.600000000002,15635.610000000002,241
2026-05-15T11:45:00+00:00,15635.610000000002,15638.620000000003,15630.610000000002,15634.620000000003,289
2026-05-15T12:00:00+00:00,15634.620000000003,15641.100000000002,15625.600000000002,15635.100000000002,489
2026-05-15T12:15:00+00:00,15635.100000000002,15643.620000000003,15634.600000000002,15637.110000000002,396
2026-05-15T12:30:00+00:00,15637.110000000002,15638.620000000003,15629.600000000002,15629.600000000002,453
2026-05-15T12:45:00+00:00,15629.600000000002,15646.620000000003,15628.620000000003,15645.110000000002,309
2026-05-15T13:00:00+00:00,15645.110000000002,15655.620000000003,15638.600000000002,15655.600000000002,460
2026-05-15T13:15:00+00:00,15655.600000000002,15665.620000000003,15654.600000000002,15663.620000000003,438
2026-05-15T13:30:00+00:00,15663.620000000003,15665.610000000002,15620.600000000002,15621.110000000002,1803
2026-05-15T13:45:00+00:00,15621.110000000002,15646.610000000002,15616.110000000002,15633.600000000002,1402
2026-05-15T14:00:00+00:00,15633.600000000002,15653.620000000003,15619.600000000002,15651.610000000002,1287
2026-05-15T14:15:00+00:00,15651.610000000002,15670.610000000002,15649.600000000002,15656.620000000003,964
2026-05-15T14:30:00+00:00,15656.620000000003,15660.620000000003,15643.600000000002,15648.600000000002,1043
2026-05-15T14:45:00+00:00,15648.600000000002,15654.610000000002,15642.600000000002,15647.620000000003,1077
2026-05-15T15:00:00+00:00,15647.620000000003,15652.610000000002,15642.600000000002,15648.110000000002,813
2026-05-15T15:15:00+00:00,15648.110000000002,15655.620000000003,15645.600000000002,15653.610000000002,778
2026-05-15T15:30:00+00:00,15653.610000000002,15656.620000000003,15644.110000000002,15647.110000000002,854.469157817946
2026-05-15T15:45:00+00:00,15647.110000000002,15648.610000000002,15635.090000000002,15646.100000000002,772
2026-05-15T16:00:00+00:00,15646.100000000002,15649.110000000002,15640.090000000002,15647.100000000002,701
2026-05-15T16:15:00+00:00,15647.100000000002,15655.110000000002,15643.110000000002,15652.100000000002,472
2026-05-15T16:30:00+00:00,15652.100000000002,15656.110000000002,15651.600000000002,15655.110000000002,359
2026-05-15T16:45:00+00:00,15655.110000000002,15657.610000000002,15648.590000000002,15652.610000000002,333
2026-05-15T17:00:00+00:00,15652.610000000002,15662.590000000002,15650.090000000002,15662.110000000002,289
2026-05-15T17:15:00+00:00,15662.110000000002,15672.100000000002,15660.090000000002,15667.600000000002,474
2026-05-15T17:30:00+00:00,15667.600000000002,15670.110000000002,15666.090000000002,15668.100000000002,229
2026-05-15T17:45:00+00:00,15668.100000000002,15671.110000000002,15667.090000000002,15671.100000000002,198
2026-05-15T18:00:00+00:00,15671.100000000002,15672.610000000002,15666.610000000002,15668.600000000002,239
2026-05-15T18:15:00+00:00,15668.600000000002,15668.610000000002,15659.090000000002,15664.100000000002,379
2026-05-15T18:30:00+00:00,15664.100000000002,15664.100000000002,15653.600000000002,15662.110000000002,482
2026-05-15T18:45:00+00:00,15662.110000000002,15668.600000000002,15661.590000000002,15666.600000000002,215
2026-05-15T19:00:00+00:00,15666.600000000002,15667.600000000002,15659.090000000002,15659.100000000002,250
2026-05-15T19:15:00+00:00,15659.100000000002,15660.100000000002,15652.090000000002,15652.110000000002,225
2026-05-15T19:30:00+00:00,15652.110000000002,15657.110000000002,15651.100000000002,15652.100000000002,205
2026-05-15T19:45:00+00:00,15652.100000000002,15656.100000000002,15644.090000000002,15647.110000000002,430
2026-05-15T20:00:00+00:00,15647.110000000002,15649.110000000002,15643.090000000002,15647.100000000002,126
2026-05-15T20:15:00+00:00,15647.100000000002,15648.110000000002,15640.590000000002,15642.100000000002,62
2026-05-15T20:30:00+00:00,15642.100000000002,15645.100000000002,15641.090000000002,15641.610000000002,41
2026-05-18T01:00:00+00:00,15641.610000000002,15642.880000000001,15586.880000000001,15620.890000000001,996.5030425963489
2026-05-18T01:15:00+00:00,15620.890000000001,15654.380000000001,15596.370000000003,15612.380000000001,3172
2026-05-18T01:30:00+00:00,15612.380000000001,15643.890000000001,15545.880000000001,15601.380000000001,14310
2026-05-18T01:45:00+00:00,15601.380000000001,15646.870000000003,15581.370000000003,15634.380000000001,8119
2026-05-18T02:00:00+00:00,15634.380000000001,15643.370000000003,15586.870000000003,15616.870000000003,7055
2026-05-18T02:15:00+00:00,15616.870000000003,15633.370000000003,15598.870000000003,15604.380000000001,6443
2026-05-18T02:30:00+00:00,15604.380000000001,15640.380000000001,15588.380000000001,15592.380000000001,5246
2026-05-18T02:45:00+00:00,15592.380000000001,15609.880000000001,15530.390000000001,15535.370000000003,3652
2026-05-18T03:00:00+00:00,15535.370000000003,15551.370000000003,15488.880000000001,15500.380000000001,4279
2026-05-18T03:15:00+00:00,15500.380000000001,15516.890000000001,15488.870000000003,15513.390000000001,3034
2026-05-18T03:30:00+00:00,15513.390000000001,15535.390000000001,15504.370000000003,15535.390000000001,1166
2026-05-18T03:45:00+00:00,15535.390000000001,15537.390000000001,15529.870000000003,15533.390000000001,646
2026-05-18T04:00:00+00:00,15533.390000000001,15545.890000000001,15532.890000000001,15542.390000000001,231
2026-05-18T04:15:00+00:00,15542.390000000001,15545.380000000001,15535.380000000001,15537.890000000001,251
2026-05-18T04:30:00+00:00,15537.890000000001,15544.390000000001,15537.380000000001,15542.870000000003,161
2026-05-18T04:45:00+00:00,15542.870000000003,15544.380000000001,15534.370000000003,15535.380000000001,179
2026-05-18T05:00:00+00:00,15535.380000000001,15559.390000000001,15525.380000000001,15538.370000000003,4204
2026-05-18T05:15:00+00:00,15538.370000000003,15542.890000000001,15507.390000000001,15535.880000000001,2966
2026-05-18T05:30:00+00:00,15535.880000000001,15555.370000000003,15527.370000000003,15528.870000000003,3044
2026-05-18T05:45:00+00:00,15528.870000000003,15529.890000000001,15468.390000000001,15470.890000000001,2544
2026-05-18T06:00:00+00:00,15470.890000000001,15473.880000000001,15432.380000000001,15466.390000000001,4224
2026-05-18T06:15:00+00:00,15466.390000000001,15483.380000000001,15459.370000000003,15463.370000000003,2972
2026-05-18T06:30:00+00:00,15463.370000000003,15488.390000000001,15457.880000000001,15484.870000000003,2685
2026-05-18T06:45:00+00:00,15484.870000000003,15524.380000000001,15481.870000000003,15518.890000000001,2866
2026-05-18T07:00:00+00:00,15518.890000000001,15523.380000000001,15508.380000000001,15511.380000000001,794
2026-05-18T07:15:00+00:00,15511.380000000001,15532.890000000001,15506.890000000001,15529.370000000003,673
2026-05-18T07:30:00+00:00,15529.370000000003,15537.390000000001,15524.370000000003,15527.370000000003,335
2026-05-18T07:45:00+00:00,15527.370000000003,15535.380000000001,15525.390000000001,15532.890000000001,414
2026-05-18T08:00:00+00:00,15532.890000000001,15533.390000000001,15526.370000000003,15533.390000000001,474
2026-05-18T08:15:00+00:00,15533.390000000001,15544.390000000001,15531.370000000003,15542.880000000001,287
2026-05-18T09:00:00+00:00,15542.880000000001,15542.880000000001,15529.380000000001,15536.390000000001,244
2026-05-18T09:15:00+00:00,15536.390000000001,15541.390000000001,15533.870000000003,15539.370000000003,240
2026-05-18T09:30:00+00:00,15539.370000000003,15541.380000000001,15533.380000000001,15534.880000000001,244
2026-05-18T09:45:00+00:00,15534.880000000001,15536.390000000001,15527.380000000001,15533.880000000001,309
2026-05-18T10:00:00+00:00,15533.880000000001,15534.380000000001,15522.380000000001,15523.390000000001,273
2026-05-18T10:15:00+00:00,15523.390000000001,15526.390000000001,15521.370000000003,15525.370000000003,158
2026-05-18T10:30:00+00:00,15525.370000000003,15527.390000000001,15519.370000000003,15526.870000000003,192
2026-05-18T10:45:00+00:00,15526.870000000003,15531.390000000001,15526.380000000001,15528.390000000001,128.4973595775324
2026-05-18T11:00:00+00:00,15528.390000000001,15529.390000000001,15514.380000000001,15528.370000000003,382
2026-05-18T11:15:00+00:00,15528.370000000003,15533.390000000001,15526.370000000003,15530.390000000001,126
2026-05-18T11:30:00+00:00,15530.390000000001,15585.380000000001,15528.370000000003,15579.370000000003,1390
2026-05-18T11:45:00+00:00,15579.370000000003,15580.380000000001,15554.370000000003,15558.370000000003,549
2026-05-18T12:00:00+00:00,15558.370000000003,15560.390000000001,15552.370000000003,15552.370000000003,273
2026-05-18T12:15:00+00:00,15552.370000000003,15555.390000000001,15546.880000000001,15555.390000000001,340
2026-05-18T12:30:00+00:00,15555.390000000001,15576.390000000001,15553.370000000003,15573.370000000003,926
2026-05-18T12:45:00+00:00,15573.370000000003,15579.870000000003,15563.870000000003,15569.870000000003,672
2026-05-18T13:00:00+00:00,15569.870000000003,15571.890000000001,15558.370000000003,15560.890000000001,718
2026-05-18T13:15:00+00:00,15560.890000000001,15562.390000000001,15553.370000000003,15553.370000000003,435
2026-05-18T13:30:00+00:00,15553.370000000003,15558.390000000001,15534.370000000003,15534.890000000001,1713
2026-05-18T13:45:00+00:00,15534.890000000001,15556.380000000001,15532.370000000003,15550.870000000003,1652
2026-05-18T14:00:00+00:00,15550.870000000003,15550.870000000003,15531.380000000001,15539.370000000003,1714
2026-05-18T14:15:00+00:00,15539.370000000003,15548.880000000001,15535.870000000003,15541.890000000001,1063
2026-05-18T14:30:00+00:00,15541.890000000001,15543.390000000001,15523.370000000003,15530.890000000001,1282
2026-05-18T14:45:00+00:00,15530.890000000001,15536.390000000001,15527.370000000003,15530.380000000001,1011
2026-05-18T15:00:00+00:00,15530.380000000001,15533.380000000001,15502.880000000001,15512.370000000003,1846
2026-05-18T15:15:00+00:00,15512.370000000003,15515.370000000003,15499.870000000003,15499.890000000001,961
2026-05-18T15:30:00+00:00,15499.890000000001,15528.870000000003,15498.380000000001,15515.390000000001,908
2026-05-18T15:45:00+00:00,15515.390000000001,15522.380000000001,15511.370000000003,15516.380000000001,661
2026-05-18T16:00:00+00:00,15516.380000000001,15521.390000000001,15513.370000000003,15521.380000000001,576
2026-05-18T16:15:00+00:00,15521.380000000001,15528.390000000001,15500.380000000001,15502.370000000003,893
2026-05-18T16:30:00+00:00,15502.370000000003,15517.380000000001,15496.870000000003,15512.880000000001,823
2026-05-18T16:45:00+00:00,15512.880000000001,15534.390000000001,15512.870000000003,15526.890000000001,474
2026-05-18T17:00:00+00:00,15526.890000000001,15527.370000000003,15517.370000000003,15520.880000000001,556
2026-05-18T17:15:00+00:00,15520.880000000001,15525.390000000001,15519.370000000003,15521.890000000001,459
2026-05-18T17:30:00+00:00,15521.890000000001,15523.380000000001,15514.370000000003,15519.380000000001,433
2026-05-18T17:45:00+00:00,15519.380000000001,15521.390000000001,15515.370000000003,15517.370000000003,355
2026-05-18T18:00:00+00:00,15517.370000000003,15517.890000000001,15509.370000000003,15509.390000000001,510
2026-05-18T18:15:00+00:00,15509.390000000001,15511.370000000003,15496.370000000003,15502.370000000003,612
2026-05-18T18:30:00+00:00,15502.370000000003,15505.390000000001,15498.370000000003,15503.390000000001,386
2026-05-18T18:45:00+00:00,15503.390000000001,15503.880000000001,15489.870000000003,15490.380000000001,438
2026-05-18T19:00:00+00:00,15490.380000000001,15522.880000000001,15490.370000000003,15514.390000000001,1574
2026-05-18T19:15:00+00:00,15514.390000000001,15516.380000000001,15509.380000000001,15512.390000000001,353
2026-05-18T19:30:00+00:00,15512.390000000001,15522.390000000001,15511.380000000001,15520.370000000003,408
2026-05-18T19:45:00+00:00,15520.370000000003,15527.390000000001,15518.390000000001,15521.880000000001,424
2026-05-18T20:00:00+00:00,15521.880000000001,15523.380000000001,15519.390000000001,15521.390000000001,66.97890597068287
2026-05-18T20:15:00+00:00,15521.390000000001,15522.390000000001,15520.380000000001,15522.390000000001,49.00594795539033
2026-05-18T20:30:00+00:00,15522.390000000001,15524.380000000001,15521.370000000003,15523.890000000001,58.000424628450105
2026-05-19T01:00:00+00:00,15523.890000000001,15527.640000000001,15500.130000000001,15522.640000000001,481.3861370470011
2026-05-19T01:15:00+00:00,15522.640000000001,15526.630000000001,15485.640000000001,15514.630000000001,1305
2026-05-19T01:30:00+00:00,15514.630000000001,15514.630000000001,15426.650000000001,15449.630000000001,12020
2026-05-19T01:45:00+00:00,15449.630000000001,15456.150000000001,15371.630000000001,15387.650000000001,7194
2026-05-19T02:00:00+00:00,15387.650000000001,15390.160000000002,15333.660000000002,15358.660000000002,8277
2026-05-19T02:15:00+00:00,15358.660000000002,15423.650000000001,15349.640000000001,15381.160000000002,7809
2026-05-19T02:30:00+00:00,15381.160000000002,15434.640000000001,15369.650000000001,15413.640000000001,6229
2026-05-19T02:45:00+00:00,15413.640000000001,15414.660000000002,15352.640000000001,15376.140000000001,4838
2026-05-19T03:00:00+00:00,15376.140000000001,15401.660000000002,15368.640000000001,15393.640000000001,4515
2026-05-19T03:15:00+00:00,15393.640000000001,15426.160000000002,15377.140000000001,15418.650000000001,4168
2026-05-19T03:30:00+00:00,15418.650000000001,15433.150000000001,15411.640000000001,15430.660000000002,922
2026-05-19T03:45:00+00:00,15430.660000000002,15430.670000000002,15420.670000000002,15424.670000000002,543
2026-05-19T04:00:00+00:00,15424.670000000002,15424.670000000002,15403.150000000001,15409.150000000001,390
2026-05-19T04:15:00+00:00,15409.150000000001,15409.160000000002,15390.160000000002,15392.670000000002,349
2026-05-19T04:30:00+00:00,15392.670000000002,15403.170000000002,15392.160000000002,15398.160000000002,287.3196967124993
2026-05-19T04:45:00+00:00,15398.160000000002,15402.170000000002,15395.150000000001,15400.160000000002,210
2026-05-19T05:00:00+00:00,15400.160000000002,15416.660000000002,15370.150000000001,15412.170000000002,6960
2026-05-19T05:15:00+00:00,15412.170000000002,15443.170000000002,15399.160000000002,15433.170000000002,4891
2026-05-19T05:30:00+00:00,15433.170000000002,15450.170000000002,15417.650000000001,15420.150000000001,4255
2026-05-19T05:45:00+00:00,15420.150000000001,15468.170000000002,15414.670000000002,15463.170000000002,3181
2026-05-19T06:00:00+00:00,15463.170000000002,15471.170000000002,15437.150000000001,15452.670000000002,3126
2026-05-19T06:15:00+00:00,15452.670000000002,15487.660000000002,15451.160000000002,15471.170000000002,2317
2026-05-19T06:30:00+00:00,15471.170000000002,15546.180000000002,15467.680000000002,15545.660000000002,2410
2026-05-19T06:45:00+00:00,15545.660000000002,15554.680000000002,15528.160000000002,15536.680000000002,2417
2026-05-19T07:00:00+00:00,15536.680000000002,15540.660000000002,15519.160000000002,15524.680000000002,937
2026-05-19T07:15:00+00:00,15524.680000000002,15530.660000000002,15516.670000000002,15528.660000000002,586
2026-05-19T07:30:00+00:00,15528.660000000002,15536.680000000002,15526.660000000002,15535.170000000002,412
2026-05-19T07:45:00+00:00,15535.170000000002,15535.170000000002,15525.170000000002,15529.180000000002,587
2026-05-19T08:00:00+00:00,15529.180000000002,15535.670000000002,15518.660000000002,15523.680000000002,630
2026-05-19T08:15:00+00:00,15523.680000000002,15528.680000000002,15519.660000000002,15526.160000000002,559
2026-05-19T09:00:00+00:00,15526.160000000002,15526.160000000002,15477.180000000002,15493.660000000002,439
2026-05-19T09:15:00+00:00,15493.660000000002,15505.680000000002,15488.160000000002,15495.180000000002,827
2026-05-19T09:30:00+00:00,15495.180000000002,15497.170000000002,15481.170000000002,15482.180000000002,693
2026-05-19T09:45:00+00:00,15482.180000000002,15491.190000000002,15479.180000000002,15490.170000000002,418
2026-05-19T10:00:00+00:00,15490.170000000002,15493.190000000002,15483.170000000002,15488.170000000002,366
2026-05-19T10:15:00+00:00,15488.170000000002,15488.190000000002,15481.670000000002,15485.180000000002,163
2026-05-19T10:30:00+00:00,15485.180000000002,15490.190000000002,15469.170000000002,15470.170000000002,636
2026-05-19T10:45:00+00:00,15470.170000000002,15485.190000000002,15467.670000000002,15477.190000000002,714
2026-05-19T11:00:00+00:00,15477.190000000002,15483.690000000002,15470.680000000002,15472.680000000002,446
2026-05-19T11:15:00+00:00,15472.680000000002,15472.690000000002,15458.670000000002,15464.670000000002,365
2026-05-19T11:30:00+00:00,15464.670000000002,15468.680000000002,15457.680000000002,15467.180000000002,242
2026-05-19T11:45:00+00:00,15467.180000000002,15472.180000000002,15462.670000000002,15463.690000000002,299
2026-05-19T12:00:00+00:00,15463.690000000002,15466.690000000002,15457.670000000002,15466.680000000002,411
2026-05-19T12:15:00+00:00,15466.680000000002,15468.690000000002,15456.670000000002,15459.170000000002,285
2026-05-19T12:30:00+00:00,15459.170000000002,15469.670000000002,15455.190000000002,15462.670000000002,403
2026-05-19T12:45:00+00:00,15462.670000000002,15464.180000000002,15460.670000000002,15460.670000000002,245
2026-05-19T13:00:00+00:00,15460.670000000002,15461.180000000002,15438.670000000002,15444.670000000002,520
2026-05-19T13:15:00+00:00,15444.670000000002,15446.180000000002,15422.670000000002,15424.690000000002,636
2026-05-19T13:30:00+00:00,15424.690000000002,15443.190000000002,15422.690000000002,15425.170000000002,1893
2026-05-19T13:45:00+00:00,15425.170000000002,15445.190000000002,15421.670000000002,15438.180000000002,1528
2026-05-19T14:00:00+00:00,15438.180000000002,15438.670000000002,15414.670000000002,15418.680000000002,1547
2026-05-19T14:15:00+00:00,15418.680000000002,15426.690000000002,15389.670000000002,15399.680000000002,1111
2026-05-19T14:30:00+00:00,15399.680000000002,15422.180000000002,15397.680000000002,15416.690000000002,904
2026-05-19T14:45:00+00:00,15416.690000000002,15420.680000000002,15411.170000000002,15414.680000000002,894
2026-05-19T15:00:00+00:00,15414.680000000002,15427.690000000002,15414.680000000002,15426.680000000002,452
2026-05-19T15:15:00+00:00,15426.680000000002,15430.670000000002,15404.680000000002,15411.190000000002,439
2026-05-19T15:30:00+00:00,15411.190000000002,15427.690000000002,15409.680000000002,15424.190000000002,518
2026-05-19T15:45:00+00:00,15424.190000000002,15426.180000000002,15419.670000000002,15425.670000000002,363
2026-05-19T16:00:00+00:00,15425.670000000002,15434.190000000002,15425.670000000002,15431.670000000002,492
2026-05-19T16:15:00+00:00,15431.670000000002,15450.680000000002,15431.670000000002,15449.190000000002,517
2026-05-19T16:30:00+00:00,15449.190000000002,15452.170000000002,15447.670000000002,15450.680000000002,339
2026-05-19T16:45:00+00:00,15450.680000000002,15454.690000000002,15446.690000000002,15448.670000000002,271
2026-05-19T17:00:00+00:00,15448.670000000002,15455.690000000002,15446.670000000002,15455.190000000002,254
2026-05-19T17:15:00+00:00,15455.190000000002,15462.670000000002,15454.690000000002,15460.680000000002,229
2026-05-19T17:30:00+00:00,15460.680000000002,15463.690000000002,15456.680000000002,15457.190000000002,329
2026-05-19T17:45:00+00:00,15457.190000000002,15459.680000000002,15453.670000000002,15458.170000000002,375
2026-05-19T18:00:00+00:00,15458.170000000002,15463.690000000002,15458.170000000002,15458.670000000002,232
2026-05-19T18:15:00+00:00,15458.670000000002,15460.690000000002,15452.170000000002,15452.170000000002,403
2026-05-19T18:30:00+00:00,15452.170000000002,15458.690000000002,15448.680000000002,15456.690000000002,326
2026-05-19T18:45:00+00:00,15456.690000000002,15457.170000000002,15442.670000000002,15446.670000000002,338
2026-05-19T19:00:00+00:00,15446.670000000002,15455.690000000002,15446.670000000002,15455.180000000002,226
2026-05-19T19:15:00+00:00,15455.180000000002,15456.690000000002,15443.670000000002,15447.190000000002,324
2026-05-19T19:30:00+00:00,15447.190000000002,15447.690000000002,15443.670000000002,15445.690000000002,270
2026-05-19T19:45:00+00:00,15445.690000000002,15446.690000000002,15437.670000000002,15445.680000000002,361
2026-05-19T20:00:00+00:00,15445.680000000002,15446.170000000002,15438.670000000002,15441.690000000002,72.54868270332187
2026-05-19T20:15:00+00:00,15441.690000000002,15442.670000000002,15439.670000000002,15440.180000000002,51.56339787632729
2026-05-19T20:30:00+00:00,15440.180000000002,15441.170000000002,15439.680000000002,15440.690000000002,50.29661621751057
2026-05-20T01:00:00+00:00,15440.690000000002,15470.140000000003,15436.130000000003,15462.120000000003,715.044807590933
2026-05-20T01:15:00+00:00,15462.120000000003,15480.140000000003,15448.130000000003,15470.140000000003,1894
2026-05-20T01:30:00+00:00,15470.140000000003,15530.640000000003,15442.630000000003,15505.120000000003,10078
2026-05-20T01:45:00+00:00,15505.120000000003,15602.130000000003,15499.120000000003,15582.620000000003,7668
2026-05-20T02:00:00+00:00,15582.620000000003,15582.620000000003,15488.620000000003,15512.640000000003,6499
2026-05-20T02:15:00+00:00,15512.640000000003,15553.620000000003,15506.120000000003,15546.130000000003,5228
2026-05-20T02:30:00+00:00,15546.130000000003,15546.630000000003,15463.130000000003,15470.140000000003,6572
2026-05-20T02:45:00+00:00,15470.140000000003,15484.120000000003,15443.620000000003,15477.120000000003,5645
2026-05-20T03:00:00+00:00,15477.120000000003,15486.640000000003,15441.120000000003,15458.640000000003,4390
2026-05-20T03:15:00+00:00,15458.640000000003,15484.130000000003,15454.120000000003,15480.620000000003,3814
2026-05-20T03:30:00+00:00,15480.620000000003,15485.140000000003,15460.130000000003,15477.130000000003,1492
2026-05-20T03:45:00+00:00,15477.130000000003,15487.640000000003,15472.120000000003,15483.130000000003,652
2026-05-20T04:00:00+00:00,15483.130000000003,15494.120000000003,15482.640000000003,15490.120000000003,372
2026-05-20T04:15:00+00:00,15490.120000000003,15493.140000000003,15485.620000000003,15492.130000000003,331
2026-05-20T04:30:00+00:00,15492.130000000003,15493.130000000003,15482.140000000003,15484.140000000003,194
2026-05-20T04:45:00+00:00,15484.140000000003,15486.130000000003,15476.640000000003,15479.640000000003,256
2026-05-20T05:00:00+00:00,15479.640000000003,15559.130000000003,15479.630000000003,15524.130000000003,5758
2026-05-20T05:15:00+00:00,15524.130000000003,15524.140000000003,15447.130000000003,15453.140000000003,3690
2026-05-20T05:30:00+00:00,15453.140000000003,15508.130000000003,15447.640000000003,15478.620000000003,3170
2026-05-20T05:45:00+00:00,15478.620000000003,15501.630000000003,15466.630000000003,15492.130000000003,2309
2026-05-20T06:00:00+00:00,15492.130000000003,15496.140000000003,15466.130000000003,15474.120000000003,2682
2026-05-20T06:15:00+00:00,15474.120000000003,15484.640000000003,15460.120000000003,15484.140000000003,2598
2026-05-20T06:30:00+00:00,15484.140000000003,15495.630000000003,15469.120000000003,15477.130000000003,2084
2026-05-20T06:45:00+00:00,15477.130000000003,15512.640000000003,15477.130000000003,15508.130000000003,1932
2026-05-20T07:00:00+00:00,15508.130000000003,15515.140000000003,15497.620000000003,15510.640000000003,618
2026-05-20T07:15:00+00:00,15510.640000000003,15513.120000000003,15504.120000000003,15509.120000000003,489
2026-05-20T07:30:00+00:00,15509.120000000003,15509.120000000003,15502.120000000003,15505.120000000003,356
2026-05-20T07:45:00+00:00,15505.120000000003,15507.130000000003,15499.120000000003,15505.140000000003,329
2026-05-20T08:00:00+00:00,15505.140000000003,15514.140000000003,15503.130000000003,15508.130000000003,536
2026-05-20T08:15:00+00:00,15508.130000000003,15513.140000000003,15503.140000000003,15512.630000000003,438
2026-05-20T09:00:00+00:00,15512.630000000003,15512.630000000003,15487.640000000003,15488.120000000003,342
2026-05-20T09:15:00+00:00,15488.120000000003,15491.140000000003,15473.130000000003,15477.630000000003,345
2026-05-20T09:30:00+00:00,15477.630000000003,15491.140000000003,15477.140000000003,15487.140000000003,161
2026-05-20T09:45:00+00:00,15487.140000000003,15506.130000000003,15487.120000000003,15505.640000000003,201
2026-05-20T10:00:00+00:00,15505.640000000003,15513.140000000003,15499.620000000003,15509.130000000003,147
2026-05-20T10:15:00+00:00,15509.130000000003,15509.130000000003,15474.140000000003,15485.130000000003,355
2026-05-20T10:30:00+00:00,15485.130000000003,15496.130000000003,15483.140000000003,15484.640000000003,190
2026-05-20T10:45:00+00:00,15484.640000000003,15488.120000000003,15479.140000000003,15483.140000000003,186
2026-05-20T11:00:00+00:00,15483.140000000003,15486.630000000003,15482.120000000003,15483.130000000003,95
2026-05-20T11:15:00+00:00,15483.130000000003,15492.130000000003,15483.130000000003,15492.130000000003,94
2026-05-20T11:30:00+00:00,15492.130000000003,15497.120000000003,15487.640000000003,15488.640000000003,143
2026-05-20T11:45:00+00:00,15488.640000000003,15489.140000000003,15478.140000000003,15484.130000000003,183
2026-05-20T12:00:00+00:00,15484.130000000003,15493.140000000003,15483.630000000003,15492.640000000003,111.75308641975309
2026-05-20T12:15:00+00:00,15492.640000000003,15505.130000000003,15492.120000000003,15505.130000000003,217
2026-05-20T12:30:00+00:00,15505.130000000003,15510.140000000003,15500.620000000003,15504.140000000003,262
2026-05-20T12:45:00+00:00,15504.140000000003,15511.140000000003,15503.630000000003,15509.140000000003,117
2026-05-20T13:00:00+00:00,15509.140000000003,15509.140000000003,15501.630000000003,15502.630000000003,149.67731878409978
2026-05-20T13:15:00+00:00,15502.630000000003,15506.140000000003,15500.630000000003,15503.140000000003,172
2026-05-20T13:30:00+00:00,15503.140000000003,15504.140000000003,15479.120000000003,15487.140000000003,1259
2026-05-20T13:45:00+00:00,15487.140000000003,15495.140000000003,15473.620000000003,15473.640000000003,802
2026-05-20T14:00:00+00:00,15473.640000000003,15487.130000000003,15463.120000000003,15475.130000000003,1192
2026-05-20T14:15:00+00:00,15475.130000000003,15512.140000000003,15475.130000000003,15499.140000000003,2225
2026-05-20T14:30:00+00:00,15499.140000000003,15512.630000000003,15494.640000000003,15501.630000000003,1124
2026-05-20T14:45:00+00:00,15501.630000000003,15518.130000000003,15497.120000000003,15510.120000000003,646
2026-05-20T15:00:00+00:00,15510.120000000003,15520.140000000003,15502.140000000003,15504.120000000003,475
2026-05-20T15:15:00+00:00,15504.120000000003,15547.620000000003,15503.120000000003,15518.130000000003,1976
2026-05-20T15:30:00+00:00,15518.130000000003,15538.130000000003,15516.130000000003,15534.130000000003,603
2026-05-20T15:45:00+00:00,15534.130000000003,15537.130000000003,15523.640000000003,15527.120000000003,576
2026-05-20T16:00:00+00:00,15527.120000000003,15530.130000000003,15521.640000000003,15523.630000000003,312
2026-05-20T16:15:00+00:00,15523.630000000003,15523.630000000003,15509.120000000003,15513.140000000003,616
2026-05-20T16:30:00+00:00,15513.140000000003,15520.140000000003,15510.130000000003,15520.140000000003,573
2026-05-20T16:45:00+00:00,15520.140000000003,15522.640000000003,15510.120000000003,15515.140000000003,606
2026-05-20T17:00:00+00:00,15515.140000000003,15520.140000000003,15509.130000000003,15514.130000000003,611
2026-05-20T17:15:00+00:00,15514.130000000003,15519.130000000003,15511.130000000003,15517.140000000003,372
2026-05-20T17:30:00+00:00,15517.140000000003,15524.130000000003,15513.120000000003,15518.130000000003,342
2026-05-20T17:45:00+00:00,15518.130000000003,15520.630000000003,15516.120000000003,15519.130000000003,203
2026-05-20T18:00:00+00:00,15519.130000000003,15524.140000000003,15516.140000000003,15523.130000000003,368
2026-05-20T18:15:00+00:00,15523.130000000003,15528.140000000003,15519.130000000003,15528.140000000003,260
2026-05-20T18:30:00+00:00,15528.140000000003,15533.140000000003,15525.640000000003,15525.640000000003,189
2026-05-20T18:45:00+00:00,15525.640000000003,15533.140000000003,15524.630000000003,15528.630000000003,194
2026-05-20T19:00:00+00:00,15528.630000000003,15534.140000000003,15528.140000000003,15533.630000000003,137
2026-05-20T19:15:00+00:00,15533.630000000003,15536.130000000003,15532.130000000003,15534.130000000003,171
2026-05-20T19:30:00+00:00,15534.130000000003,15538.120000000003,15532.130000000003,15533.140000000003,171
2026-05-20T19:45:00+00:00,15533.140000000003,15536.130000000003,15529.140000000003,15533.140000000003,209
2026-05-20T20:00:00+00:00,15533.140000000003,15536.120000000003,15531.620000000003,15534.120000000003,78.22938285090115
2026-05-20T20:15:00+00:00,15534.120000000003,15535.620000000003,15526.120000000003,15532.640000000003,164
2026-05-20T20:30:00+00:00,15532.640000000003,15533.130000000003,15528.120000000003,15531.120000000003,89.03632320237213
2026-05-21T01:00:00+00:00,15531.120000000003,15565.120000000003,15531.120000000003,15565.120000000003,382.8191489361702
2026-05-21T01:15:00+00:00,15565.120000000003,15614.110000000002,15561.100000000002,15597.120000000003,1191
2026-05-21T01:30:00+00:00,15597.120000000003,15639.600000000002,15572.600000000002,15617.610000000002,10504
2026-05-21T01:45:00+00:00,15617.610000000002,15712.600000000002,15617.100000000002,15707.620000000003,7825
2026-05-21T02:00:00+00:00,15707.620000000003,15769.120000000003,15705.620000000003,15732.610000000002,7411
2026-05-21T02:15:00+00:00,15732.610000000002,15753.100000000002,15713.100000000002,15724.110000000002,5544
2026-05-21T02:30:00+00:00,15724.110000000002,15725.120000000003,15638.120000000003,15642.600000000002,4905
2026-05-21T02:45:00+00:00,15642.600000000002,15643.600000000002,15582.620000000003,15591.110000000002,4913
2026-05-21T03:00:00+00:00,15591.110000000002,15636.610000000002,15580.620000000003,15617.620000000003,4253
2026-05-21T03:15:00+00:00,15617.620000000003,15630.620000000003,15573.120000000003,15581.620000000003,4258
2026-05-21T03:30:00+00:00,15581.620000000003,15587.620000000003,15573.100000000002,15584.110000000002,630
2026-05-21T03:45:00+00:00,15584.110000000002,15584.120000000003,15575.110000000002,15581.120000000003,342
2026-05-21T04:00:00+00:00,15581.120000000003,15587.110000000002,15579.110000000002,15583.100000000002,328
2026-05-21T04:15:00+00:00,15583.100000000002,15589.110000000002,15580.120000000003,15587.620000000003,159
2026-05-21T04:30:00+00:00,15587.620000000003,15592.120000000003,15584.120000000003,15592.120000000003,113
2026-05-21T04:45:00+00:00,15592.120000000003,15595.100000000002,15588.120000000003,15593.600000000002,237
2026-05-21T05:00:00+00:00,15593.600000000002,15626.120000000003,15567.100000000002,15576.620000000003,4673
2026-05-21T05:15:00+00:00,15576.620000000003,15610.120000000003,15573.610000000002,15596.120000000003,3755
2026-05-21T05:30:00+00:00,15596.120000000003,15596.120000000003,15552.110000000002,15572.620000000003,3892
2026-05-21T05:45:00+00:00,15572.620000000003,15572.620000000003,15526.120000000003,15526.120000000003,3225
2026-05-21T06:00:00+00:00,15526.120000000003,15533.120000000003,15476.100000000002,15491.610000000002,3343
2026-05-21T06:15:00+00:00,15491.610000000002,15505.620000000003,15410.610000000002,15422.100000000002,4561
2026-05-21T06:30:00+00:00,15422.100000000002,15434.620000000003,15356.100000000002,15373.120000000003,7801
2026-05-21T06:45:00+00:00,15373.120000000003,15397.100000000002,15275.610000000002,15277.610000000002,6582
2026-05-21T07:00:00+00:00,15277.610000000002,15293.110000000002,15257.100000000002,15278.120000000003,2000
2026-05-21T07:15:00+00:00,15278.120000000003,15294.620000000003,15273.610000000002,15290.610000000002,600
2026-05-21T07:30:00+00:00,15290.610000000002,15290.620000000003,15282.610000000002,15284.120000000003,506
2026-05-21T07:45:00+00:00,15284.120000000003,15292.100000000002,15277.100000000002,15287.620000000003,499
2026-05-21T08:00:00+00:00,15287.620000000003,15302.610000000002,15278.100000000002,15301.620000000003,784
2026-05-21T08:15:00+00:00,15301.620000000003,15313.610000000002,15297.110000000002,15312.610000000002,739
2026-05-21T09:00:00+00:00,15312.610000000002,15312.610000000002,15270.610000000002,15306.600000000002,610
2026-05-21T09:15:00+00:00,15306.600000000002,15322.120000000003,15306.600000000002,15321.100000000002,364
2026-05-21T09:30:00+00:00,15321.100000000002,15322.120000000003,15311.110000000002,15312.100000000002,318
2026-05-21T09:45:00+00:00,15312.100000000002,15323.120000000003,15312.100000000002,15323.110000000002,232
2026-05-21T10:00:00+00:00,15323.110000000002,15329.120000000003,15319.110000000002,15329.100000000002,190
2026-05-21T10:15:00+00:00,15329.100000000002,15330.620000000003,15293.100000000002,15298.600000000002,1493
2026-05-21T10:30:00+00:00,15298.600000000002,15300.120000000003,15276.100000000002,15291.100000000002,1363
2026-05-21T10:45:00+00:00,15291.100000000002,15301.100000000002,15280.600000000002,15298.110000000002,946
2026-05-21T11:00:00+00:00,15298.110000000002,15308.110000000002,15293.100000000002,15305.120000000003,680
2026-05-21T11:15:00+00:00,15305.120000000003,15317.110000000002,15304.600000000002,15309.620000000003,454
2026-05-21T11:30:00+00:00,15309.620000000003,15314.110000000002,15303.100000000002,15310.120000000003,290
2026-05-21T11:45:00+00:00,15310.120000000003,15318.110000000002,15309.110000000002,15315.100000000002,193
2026-05-21T12:00:00+00:00,15315.100000000002,15322.100000000002,15312.100000000002,15314.600000000002,218
2026-05-21T12:15:00+00:00,15314.600000000002,15317.610000000002,15311.110000000002,15316.610000000002,335
2026-05-21T12:30:00+00:00,15316.610000000002,15338.100000000002,15316.120000000003,15335.100000000002,904
2026-05-21T12:45:00+00:00,15335.100000000002,15344.120000000003,15333.100000000002,15335.110000000002,408
2026-05-21T13:00:00+00:00,15335.110000000002,15348.120000000003,15332.100000000002,15339.120000000003,460
2026-05-21T13:15:00+00:00,15339.120000000003,15345.610000000002,15336.100000000002,15345.120000000003,277
2026-05-21T13:30:00+00:00,15345.120000000003,15348.120000000003,15331.120000000003,15338.100000000002,1422
2026-05-21T13:45:00+00:00,15338.100000000002,15373.120000000003,15337.120000000003,15365.620000000003,1869
2026-05-21T14:00:00+00:00,15365.620000000003,15370.620000000003,15361.100000000002,15364.100000000002,1120
2026-05-21T14:15:00+00:00,15364.100000000002,15367.110000000002,15344.110000000002,15358.610000000002,1283
2026-05-21T14:30:00+00:00,15358.610000000002,15365.110000000002,15352.100000000002,15354.610000000002,772
2026-05-21T14:45:00+00:00,15354.610000000002,15364.100000000002,15350.110000000002,15360.100000000002,795
2026-05-21T15:00:00+00:00,15360.100000000002,15373.110000000002,15352.110000000002,15365.100000000002,1145
2026-05-21T15:15:00+00:00,15365.100000000002,15372.120000000003,15359.100000000002,15371.100000000002,573
2026-05-21T15:30:00+00:00,15371.100000000002,15390.120000000003,15364.100000000002,15383.600000000002,531
2026-05-21T15:45:00+00:00,15383.600000000002,15385.120000000003,15379.100000000002,15384.620000000003,310
2026-05-21T16:00:00+00:00,15384.620000000003,15390.120000000003,15383.100000000002,15386.610000000002,541
2026-05-21T16:15:00+00:00,15386.610000000002,15390.120000000003,15381.100000000002,15390.120000000003,504
2026-05-21T16:30:00+00:00,15390.120000000003,15393.120000000003,15388.100000000002,15391.100000000002,318
2026-05-21T16:45:00+00:00,15391.100000000002,15392.120000000003,15381.110000000002,15385.610000000002,244
2026-05-21T17:00:00+00:00,15385.610000000002,15407.120000000003,15384.100000000002,15398.620000000003,941
2026-05-21T17:15:00+00:00,15398.620000000003,15423.120000000003,15397.110000000002,15421.110000000002,1623
2026-05-21T17:30:00+00:00,15421.110000000002,15434.100000000002,15419.100000000002,15433.100000000002,724
2026-05-21T17:45:00+00:00,15433.100000000002,15440.120000000003,15426.100000000002,15432.120000000003,622
2026-05-21T18:00:00+00:00,15432.120000000003,15440.120000000003,15430.100000000002,15437.100000000002,799
2026-05-21T18:15:00+00:00,15437.100000000002,15442.120000000003,15432.120000000003,15438.100000000002,360
2026-05-21T18:30:00+00:00,15438.100000000002,15439.120000000003,15435.100000000002,15436.110000000002,308
2026-05-21T18:45:00+00:00,15436.110000000002,15437.600000000002,15412.100000000002,15422.100000000002,1470
2026-05-21T19:00:00+00:00,15422.100000000002,15429.120000000003,15420.110000000002,15429.120000000003,455
2026-05-21T19:15:00+00:00,15429.120000000003,15432.120000000003,15426.100000000002,15427.100000000002,305
2026-05-21T19:30:00+00:00,15427.100000000002,15428.120000000003,15417.100000000002,15417.100000000002,393
2026-05-21T19:45:00+00:00,15417.100000000002,15423.120000000003,15413.100000000002,15420.610000000002,677
2026-05-21T20:00:00+00:00,15420.610000000002,15427.120000000003,15420.110000000002,15426.610000000002,71.6019474771319
2026-05-21T20:15:00+00:00,15426.610000000002,15426.610000000002,15423.100000000002,15424.110000000002,36
2026-05-21T20:30:00+00:00,15424.110000000002,15424.120000000003,15420.100000000002,15420.620000000003,35.52105263157895
2026-05-22T01:00:00+00:00,15420.620000000003,15439.820000000003,15411.300000000003,15434.300000000003,656.6532416502947
2026-05-22T01:15:00+00:00,15434.300000000003,15438.300000000003,15401.300000000003,15415.310000000003,2578
2026-05-22T01:30:00+00:00,15415.310000000003,15423.810000000003,15306.300000000003,15330.310000000003,11644
2026-05-22T01:45:00+00:00,15330.310000000003,15399.320000000003,15308.300000000003,15375.800000000003,6910
2026-05-22T02:00:00+00:00,15375.800000000003,15422.310000000003,15359.300000000003,15406.310000000003,5722
2026-05-22T02:15:00+00:00,15406.310000000003,15409.320000000003,15332.310000000003,15341.310000000003,5074
2026-05-22T02:30:00+00:00,15341.310000000003,15399.320000000003,15335.300000000003,15385.300000000003,5009
2026-05-22T02:45:00+00:00,15385.300000000003,15408.320000000003,15372.800000000003,15406.820000000003,4376
2026-05-22T03:00:00+00:00,15406.820000000003,15407.810000000003,15366.300000000003,15397.810000000003,3815
2026-05-22T03:15:00+00:00,15397.810000000003,15427.320000000003,15378.320000000003,15424.820000000003,3504
2026-05-22T03:30:00+00:00,15424.820000000003,15444.310000000003,15424.820000000003,15438.310000000003,1070
2026-05-22T03:45:00+00:00,15438.310000000003,15443.320000000003,15434.800000000003,15440.310000000003,571
2026-05-22T04:00:00+00:00,15440.310000000003,15444.820000000003,15437.800000000003,15443.300000000003,159
2026-05-22T04:15:00+00:00,15443.300000000003,15446.320000000003,15437.300000000003,15444.810000000003,299
2026-05-22T04:30:00+00:00,15444.810000000003,15448.820000000003,15434.800000000003,15444.310000000003,260
2026-05-22T04:45:00+00:00,15444.310000000003,15450.320000000003,15443.310000000003,15447.800000000003,375
2026-05-22T05:00:00+00:00,15447.800000000003,15462.810000000003,15431.310000000003,15437.800000000003,3952
2026-05-22T05:15:00+00:00,15437.800000000003,15442.300000000003,15389.300000000003,15418.320000000003,2273
2026-05-22T05:30:00+00:00,15418.320000000003,15454.320000000003,15415.310000000003,15437.810000000003,2868
2026-05-22T05:45:00+00:00,15437.810000000003,15468.320000000003,15423.310000000003,15434.310000000003,2307
2026-05-22T06:00:00+00:00,15434.310000000003,15483.320000000003,15433.810000000003,15454.320000000003,3042
2026-05-22T06:15:00+00:00,15454.320000000003,15455.320000000003,15414.810000000003,15439.320000000003,2598
2026-05-22T06:30:00+00:00,15439.320000000003,15441.320000000003,15407.320000000003,15407.820000000003,2310
2026-05-22T06:45:00+00:00,15407.820000000003,15425.820000000003,15401.800000000003,15402.310000000003,2221
2026-05-22T07:00:00+00:00,15402.310000000003,15407.310000000003,15391.310000000003,15396.310000000003,589
2026-05-22T07:15:00+00:00,15396.310000000003,15406.320000000003,15394.300000000003,15402.800000000003,430
2026-05-22T07:30:00+00:00,15402.800000000003,15403.320000000003,15392.310000000003,15399.310000000003,268
2026-05-22T07:45:00+00:00,15399.310000000003,15406.320000000003,15392.320000000003,15402.300000000003,382
2026-05-22T08:00:00+00:00,15402.300000000003,15403.820000000003,15393.300000000003,15401.300000000003,429
2026-05-22T08:15:00+00:00,15401.300000000003,15411.310000000003,15399.300000000003,15403.810000000003,297
2026-05-22T09:00:00+00:00,15403.810000000003,15403.810000000003,15292.820000000003,15316.820000000003,704
2026-05-22T09:15:00+00:00,15316.820000000003,15359.800000000003,15273.800000000003,15358.300000000003,928
2026-05-22T09:30:00+00:00,15358.300000000003,15379.320000000003,15354.800000000003,15378.310000000003,557
2026-05-22T09:45:00+00:00,15378.310000000003,15389.320000000003,15375.300000000003,15384.310000000003,282
2026-05-22T10:00:00+00:00,15384.310000000003,15386.320000000003,15365.310000000003,15365.310000000003,273
2026-05-22T10:15:00+00:00,15365.310000000003,15377.300000000003,15351.800000000003,15351.800000000003,401
2026-05-22T10:30:00+00:00,15351.800000000003,15353.320000000003,15334.310000000003,15338.300000000003,531
2026-05-22T10:45:00+00:00,15338.300000000003,15348.320000000003,15334.320000000003,15335.800000000003,325
2026-05-22T11:00:00+00:00,15335.800000000003,15342.320000000003,15323.300000000003,15324.310000000003,336
2026-05-22T11:15:00+00:00,15324.310000000003,15325.320000000003,15306.800000000003,15307.310000000003,523
2026-05-22T11:30:00+00:00,15307.310000000003,15330.310000000003,15300.300000000003,15328.800000000003,362
2026-05-22T11:45:00+00:00,15328.800000000003,15331.320000000003,15316.300000000003,15321.820000000003,398
2026-05-22T12:00:00+00:00,15321.820000000003,15324.820000000003,15303.310000000003,15304.320000000003,1082
2026-05-22T12:15:00+00:00,15304.320000000003,15312.310000000003,15290.810000000003,15293.300000000003,997
2026-05-22T12:30:00+00:00,15293.300000000003,15321.320000000003,15290.310000000003,15320.820000000003,358
2026-05-22T12:45:00+00:00,15320.820000000003,15338.320000000003,15320.820000000003,15337.310000000003,239
2026-05-22T13:00:00+00:00,15337.310000000003,15353.310000000003,15331.800000000003,15346.800000000003,596
2026-05-22T13:15:00+00:00,15346.800000000003,15349.320000000003,15338.310000000003,15339.300000000003,433
2026-05-22T13:30:00+00:00,15339.300000000003,15367.320000000003,15338.300000000003,15358.300000000003,1807
2026-05-22T13:45:00+00:00,15358.300000000003,15365.310000000003,15351.800000000003,15363.810000000003,941
2026-05-22T14:00:00+00:00,15363.810000000003,15363.810000000003,15338.300000000003,15338.300000000003,1073
2026-05-22T14:15:00+00:00,15338.300000000003,15342.820000000003,15333.300000000003,15342.320000000003,566
2026-05-22T14:30:00+00:00,15342.320000000003,15360.320000000003,15341.300000000003,15357.310000000003,482
2026-05-22T14:45:00+00:00,15357.310000000003,15360.320000000003,15347.300000000003,15347.810000000003,369
2026-05-22T15:00:00+00:00,15347.810000000003,15359.810000000003,15345.300000000003,15358.300000000003,352
2026-05-22T15:15:00+00:00,15358.300000000003,15363.310000000003,15355.800000000003,15363.300000000003,386
2026-05-22T15:30:00+00:00,15363.300000000003,15375.310000000003,15362.800000000003,15373.320000000003,298.11014423650016
2026-05-22T15:45:00+00:00,15373.320000000003,15380.310000000003,15373.300000000003,15376.320000000003,264
2026-05-22T16:00:00+00:00,15376.320000000003,15377.320000000003,15370.300000000003,15371.320000000003,302
2026-05-22T16:15:00+00:00,15371.320000000003,15376.320000000003,15368.300000000003,15376.320000000003,284
2026-05-22T16:30:00+00:00,15376.320000000003,15378.310000000003,15371.310000000003,15374.320000000003,192
2026-05-22T16:45:00+00:00,15374.320000000003,15377.800000000003,15370.810000000003,15373.320000000003,200
2026-05-22T17:00:00+00:00,15373.320000000003,15379.320000000003,15373.320000000003,15379.320000000003,174
2026-05-22T17:15:00+00:00,15379.320000000003,15391.320000000003,15369.320000000003,15391.320000000003,770
2026-05-22T17:30:00+00:00,15391.320000000003,15396.310000000003,15381.300000000003,15381.310000000003,612
2026-05-22T17:45:00+00:00,15381.310000000003,15384.320000000003,15378.300000000003,15378.810000000003,319
2026-05-22T18:00:00+00:00,15378.810000000003,15381.310000000003,15374.810000000003,15378.320000000003,277
2026-05-22T18:15:00+00:00,15378.320000000003,15381.320000000003,15377.300000000003,15379.800000000003,163.4358329139406
2026-05-22T18:30:00+00:00,15379.800000000003,15382.320000000003,15376.320000000003,15378.320000000003,229
2026-05-22T18:45:00+00:00,15378.320000000003,15379.310000000003,15374.310000000003,15376.800000000003,216
2026-05-22T19:00:00+00:00,15376.800000000003,15377.320000000003,15371.810000000003,15375.300000000003,195
2026-05-22T19:15:00+00:00,15375.300000000003,15376.310000000003,15370.300000000003,15371.300000000003,205
2026-05-22T19:30:00+00:00,15371.300000000003,15374.320000000003,15370.300000000003,15372.810000000003,247.23329558323894
2026-05-22T19:45:00+00:00,15372.810000000003,15379.320000000003,15370.300000000003,15377.810000000003,271
2026-05-22T20:00:00+00:00,15377.810000000003,15377.810000000003,15373.320000000003,15376.300000000003,62.624249699879954
2026-05-22T20:15:00+00:00,15376.300000000003,15376.300000000003,15372.800000000003,15372.820000000003,36.92132199851482
2026-05-22T20:30:00+00:00,15372.820000000003,15372.820000000003,15369.300000000003,15370.300000000003,139.29721362229103
2026-05-25T01:00:00+00:00,15370.300000000003,15494.910000000003,15369.300000000003,15493.410000000003,1220.0754923413567
2026-05-25T01:15:00+00:00,15493.410000000003,15517.920000000002,15470.900000000003,15515.900000000003,2010
2026-05-25T01:30:00+00:00,15515.900000000003,15573.920000000002,15451.900000000003,15551.420000000002,9188
2026-05-25T01:45:00+00:00,15551.420000000002,15589.410000000003,15480.910000000003,15534.420000000002,5961
2026-05-25T02:00:00+00:00,15534.420000000002,15599.910000000003,15521.400000000003,15592.420000000002,4904
2026-05-25T02:15:00+00:00,15592.420000000002,15624.920000000002,15555.910000000003,15606.910000000003,3779
2026-05-25T02:30:00+00:00,15606.910000000003,15625.920000000002,15577.900000000003,15604.900000000003,3614
2026-05-25T02:45:00+00:00,15604.900000000003,15651.910000000003,15597.420000000002,15650.920000000002,3301
2026-05-25T03:00:00+00:00,15650.920000000002,15658.420000000002,15628.900000000003,15637.420000000002,2920
2026-05-25T03:15:00+00:00,15637.420000000002,15637.910000000003,15598.900000000003,15615.420000000002,2616
2026-05-25T03:30:00+00:00,15615.420000000002,15617.400000000003,15598.910000000003,15600.410000000003,479
2026-05-25T03:45:00+00:00,15600.410000000003,15605.920000000002,15590.900000000003,15605.400000000003,473
2026-05-25T04:00:00+00:00,15605.400000000003,15614.920000000002,15603.410000000003,15614.410000000003,236
2026-05-25T04:15:00+00:00,15614.410000000003,15614.410000000003,15605.910000000003,15609.400000000003,188
2026-05-25T04:30:00+00:00,15609.400000000003,15609.900000000003,15602.910000000003,15603.910000000003,180
2026-05-25T04:45:00+00:00,15603.910000000003,15609.910000000003,15600.900000000003,15609.420000000002,269
2026-05-25T05:00:00+00:00,15609.420000000002,15653.910000000003,15599.900000000003,15608.400000000003,3578
2026-05-25T05:15:00+00:00,15608.400000000003,15616.910000000003,15549.900000000003,15568.410000000003,2393
2026-05-25T05:30:00+00:00,15568.410000000003,15580.420000000002,15541.900000000003,15549.920000000002,2768
2026-05-25T05:45:00+00:00,15549.920000000002,15583.420000000002,15542.410000000003,15575.420000000002,2108
2026-05-25T06:00:00+00:00,15575.420000000002,15632.420000000002,15575.400000000003,15632.420000000002,2647
2026-05-25T06:15:00+00:00,15632.420000000002,15636.420000000002,15597.910000000003,15598.910000000003,2188
2026-05-25T06:30:00+00:00,15598.910000000003,15612.920000000002,15593.410000000003,15602.420000000002,2102
2026-05-25T06:45:00+00:00,15602.420000000002,15620.920000000002,15580.410000000003,15586.910000000003,2101
2026-05-25T07:00:00+00:00,15586.910000000003,15609.920000000002,15584.900000000003,15586.900000000003,926
2026-05-25T07:15:00+00:00,15586.900000000003,15591.410000000003,15575.410000000003,15589.900000000003,552
2026-05-25T07:30:00+00:00,15589.900000000003,15597.900000000003,15581.900000000003,15583.410000000003,545
2026-05-25T07:45:00+00:00,15583.410000000003,15587.920000000002,15580.900000000003,15584.910000000003,341
2026-05-25T08:00:00+00:00,15584.910000000003,15587.410000000003,15576.900000000003,15586.900000000003,339
2026-05-25T08:15:00+00:00,15586.900000000003,15593.920000000002,15575.910000000003,15593.900000000003,353
2026-05-25T09:00:00+00:00,15593.900000000003,15606.920000000002,15588.910000000003,15596.910000000003,256
2026-05-25T09:15:00+00:00,15596.910000000003,15602.920000000002,15594.420000000002,15597.400000000003,114.15763301839881
2026-05-25T09:30:00+00:00,15597.400000000003,15599.400000000003,15593.900000000003,15596.400000000003,89
2026-05-25T09:45:00+00:00,15596.400000000003,15597.920000000002,15591.900000000003,15592.410000000003,133
2026-05-25T10:00:00+00:00,15592.410000000003,15595.920000000002,15592.410000000003,15593.400000000003,107
2026-05-25T10:15:00+00:00,15593.400000000003,15594.920000000002,15586.400000000003,15586.400000000003,114.66198083067093
2026-05-25T10:30:00+00:00,15586.400000000003,15586.420000000002,15571.410000000003,15573.400000000003,232
2026-05-25T10:45:00+00:00,15573.400000000003,15573.410000000003,15569.900000000003,15571.420000000002,131.46143437077131
2026-05-25T11:00:00+00:00,15571.420000000002,15575.420000000002,15570.400000000003,15574.920000000002,84.93625434223313
2026-05-25T11:15:00+00:00,15574.920000000002,15577.920000000002,15573.900000000003,15575.910000000003,56
2026-05-25T11:30:00+00:00,15575.910000000003,15582.410000000003,15574.900000000003,15581.910000000003,92.56707897240723
2026-05-25T11:45:00+00:00,15581.910000000003,15586.900000000003,15576.410000000003,15576.420000000002,135.25766871165644
2026-05-25T12:00:00+00:00,15576.420000000002,15580.910000000003,15574.910000000003,15579.400000000003,108
2026-05-25T12:15:00+00:00,15579.400000000003,15587.900000000003,15577.910000000003,15586.400000000003,139.2731829573935
2026-05-25T12:30:00+00:00,15586.400000000003,15586.400000000003,15577.910000000003,15582.900000000003,117
2026-05-25T12:45:00+00:00,15582.900000000003,15585.920000000002,15578.900000000003,15584.910000000003,90
2026-05-25T13:00:00+00:00,15584.910000000003,15591.920000000002,15582.400000000003,15591.400000000003,112.77682741322552
2026-05-25T13:15:00+00:00,15591.400000000003,15596.910000000003,15589.410000000003,15594.920000000002,81
2026-05-25T13:30:00+00:00,15594.920000000002,15603.920000000002,15594.920000000002,15603.920000000002,116
2026-05-25T13:45:00+00:00,15603.920000000002,15610.400000000003,15600.910000000003,15607.910000000003,117
2026-05-25T14:00:00+00:00,15607.910000000003,15611.910000000003,15607.900000000003,15607.920000000002,101.86708860759494
2026-05-25T14:15:00+00:00,15607.920000000002,15610.920000000002,15605.900000000003,15610.920000000002,106
2026-05-25T14:30:00+00:00,15610.920000000002,15615.410000000003,15610.400000000003,15614.400000000003,78.34422110552764
2026-05-25T14:45:00+00:00,15614.400000000003,15616.920000000002,15612.400000000003,15616.920000000002,76
2026-05-25T15:00:00+00:00,15616.920000000002,15625.910000000003,15609.900000000003,15618.900000000003,375
2026-05-25T15:15:00+00:00,15618.900000000003,15623.420000000002,15617.900000000003,15621.910000000003,160
2026-05-25T15:30:00+00:00,15621.910000000003,15623.910000000003,15618.910000000003,15623.910000000003,116.74386339381003
2026-05-25T15:45:00+00:00,15623.910000000003,15625.910000000003,15619.910000000003,15619.910000000003,100.875
2026-05-25T16:00:00+00:00,15619.910000000003,15623.420000000002,15619.910000000003,15622.900000000003,59.76470588235294
2026-05-25T16:15:00+00:00,15622.900000000003,15624.920000000002,15621.400000000003,15622.910000000003,52.61761054544098
2026-05-25T16:30:00+00:00,15622.910000000003,15623.410000000003,15620.900000000003,15622.920000000002,80.44073024090281
2026-05-25T16:45:00+00:00,15622.920000000002,15625.920000000002,15622.400000000003,15625.400000000003,119
2026-05-25T17:00:00+00:00,15625.400000000003,15625.910000000003,15624.400000000003,15625.410000000003,72.70094132817538
2026-05-25T17:15:00+00:00,15625.410000000003,15625.420000000002,15623.400000000003,15624.410000000003,80
2026-05-25T17:30:00+00:00,15624.410000000003,15626.420000000002,15622.920000000002,15623.420000000002,52.05184224155934
2026-05-25T17:45:00+00:00,15623.420000000002,15623.420000000002,15622.400000000003,15622.420000000002,52.05400319674513
2026-05-25T18:00:00+00:00,15622.420000000002,15622.920000000002,15618.410000000003,15618.410000000003,72.43647964922462
2026-05-25T18:15:00+00:00,15618.410000000003,15622.420000000002,15618.410000000003,15621.420000000002,50.4849557954379
2026-05-25T18:30:00+00:00,15621.420000000002,15622.410000000003,15619.400000000003,15619.900000000003,62.13140254221767
2026-05-25T18:45:00+00:00,15619.900000000003,15622.420000000002,15619.400000000003,15622.420000000002,60.13652932100495
2026-05-25T19:00:00+00:00,15622.420000000002,15623.420000000002,15621.910000000003,15623.400000000003,47.01532893336172
2026-05-25T19:15:00+00:00,15623.400000000003,15623.420000000002,15622.900000000003,15623.420000000002,52.63344975766733
2026-05-25T19:30:00+00:00,15623.420000000002,15625.920000000002,15622.900000000003,15624.420000000002,74.94008687818031
2026-05-25T19:45:00+00:00,15624.420000000002,15624.420000000002,15623.420000000002,15623.920000000002,52.37522526757468
2026-05-25T20:00:00+00:00,15623.920000000002,15626.920000000002,15623.910000000003,15626.410000000003,39.26857681063488
2026-05-25T20:15:00+00:00,15626.410000000003,15626.420000000002,15624.410000000003,15625.410000000003,40.53329698836693
2026-05-25T20:30:00+00:00,15625.410000000003,15625.920000000002,15619.900000000003,15619.920000000002,48.339424308352235
2026-05-26T01:00:00+00:00,15619.920000000002,15619.920000000002,15585.170000000002,15600.180000000002,608.4551495016611
2026-05-26T01:15:00+00:00,15600.180000000002,15600.180000000002,15551.170000000002,15564.680000000002,2258
2026-05-26T01:30:00+00:00,15564.680000000002,15684.680000000002,15549.670000000002,15673.680000000002,14669
2026-05-26T01:45:00+00:00,15673.680000000002,15723.680000000002,15617.160000000003,15720.180000000002,10273
2026-05-26T02:00:00+00:00,15720.180000000002,15765.180000000002,15685.170000000002,15742.680000000002,10067
2026-05-26T02:15:00+00:00,15742.680000000002,15776.180000000002,15715.170000000002,15749.170000000002,7466
2026-05-26T02:30:00+00:00,15749.170000000002,15767.180000000002,15700.680000000002,15736.670000000002,5750
2026-05-26T02:45:00+00:00,15736.670000000002,15746.660000000003,15702.670000000002,15732.170000000002,5378
2026-05-26T03:00:00+00:00,15732.170000000002,15735.180000000002,15672.660000000003,15697.170000000002,5084
2026-05-26T03:15:00+00:00,15697.170000000002,15749.180000000002,15688.180000000002,15706.680000000002,5056
2026-05-26T03:30:00+00:00,15706.680000000002,15711.180000000002,15697.680000000002,15698.660000000003,896
2026-05-26T03:45:00+00:00,15698.660000000003,15699.180000000002,15689.160000000003,15691.180000000002,773
2026-05-26T04:00:00+00:00,15691.180000000002,15691.180000000002,15683.160000000003,15683.660000000003,336
2026-05-26T04:15:00+00:00,15683.660000000003,15684.180000000002,15676.670000000002,15676.670000000002,333
2026-05-26T04:30:00+00:00,15676.670000000002,15681.170000000002,15673.160000000003,15676.670000000002,382
2026-05-26T04:45:00+00:00,15676.670000000002,15680.180000000002,15672.160000000003,15680.160000000003,423
2026-05-26T05:00:00+00:00,15680.160000000003,15726.180000000002,15664.660000000003,15722.160000000003,6300
2026-05-26T05:15:00+00:00,15722.160000000003,15732.180000000002,15679.160000000003,15689.160000000003,4335
2026-05-26T05:30:00+00:00,15689.160000000003,15729.660000000003,15688.660000000003,15698.660000000003,4036
2026-05-26T05:45:00+00:00,15698.660000000003,15702.180000000002,15657.660000000003,15674.160000000003,3722
2026-05-26T06:00:00+00:00,15674.160000000003,15721.660000000003,15657.680000000002,15712.170000000002,3371
2026-05-26T06:15:00+00:00,15712.170000000002,15774.160000000003,15687.680000000002,15764.660000000003,4384
2026-05-26T06:30:00+00:00,15764.660000000003,15814.170000000002,15762.670000000002,15796.170000000002,4795
2026-05-26T06:45:00+00:00,15796.170000000002,15801.180000000002,15767.160000000003,15783.660000000003,4023
2026-05-26T07:00:00+00:00,15783.660000000003,15792.160000000003,15763.170000000002,15773.170000000002,1322
2026-05-26T07:15:00+00:00,15773.170000000002,15776.670000000002,15766.160000000003,15771.180000000002,534
2026-05-26T07:30:00+00:00,15771.180000000002,15775.160000000003,15760.160000000003,15768.680000000002,794
2026-05-26T07:45:00+00:00,15768.680000000002,15768.680000000002,15753.170000000002,15758.170000000002,612
2026-05-26T08:00:00+00:00,15758.170000000002,15768.680000000002,15753.160000000003,15758.160000000003,581
2026-05-26T08:15:00+00:00,15758.160000000003,15779.180000000002,15758.160000000003,15768.680000000002,752
2026-05-26T09:00:00+00:00,15768.680000000002,15768.680000000002,15687.660000000003,15725.160000000003,530
2026-05-26T09:15:00+00:00,15725.160000000003,15730.180000000002,15700.680000000002,15717.160000000003,596
2026-05-26T09:30:00+00:00,15717.160000000003,15719.660000000003,15708.170000000002,15709.660000000003,294
2026-05-26T09:45:00+00:00,15709.660000000003,15715.180000000002,15708.160000000003,15711.660000000003,195
2026-05-26T10:00:00+00:00,15711.660000000003,15724.160000000003,15711.160000000003,15723.160000000003,123
2026-05-26T10:15:00+00:00,15723.160000000003,15737.670000000002,15720.660000000003,15735.670000000002,169
2026-05-26T10:30:00+00:00,15735.670000000002,15753.170000000002,15735.670000000002,15753.170000000002,334
2026-05-26T10:45:00+00:00,15753.170000000002,15758.170000000002,15751.160000000003,15756.670000000002,169
2026-05-26T11:00:00+00:00,15756.670000000002,15758.170000000002,15752.170000000002,15754.160000000003,93
2026-05-26T11:15:00+00:00,15754.160000000003,15759.670000000002,15748.160000000003,15756.180000000002,131
2026-05-26T11:30:00+00:00,15756.180000000002,15764.160000000003,15744.160000000003,15750.170000000002,507.00222292791364
2026-05-26T11:45:00+00:00,15750.170000000002,15754.680000000002,15747.160000000003,15749.680000000002,166
2026-05-26T12:00:00+00:00,15749.680000000002,15750.680000000002,15740.160000000003,15746.160000000003,232
2026-05-26T12:15:00+00:00,15746.160000000003,15748.680000000002,15735.670000000002,15740.160000000003,148
2026-05-26T12:30:00+00:00,15740.160000000003,15742.180000000002,15737.660000000003,15739.170000000002,99.51941544885177
2026-05-26T12:45:00+00:00,15739.170000000002,15741.160000000003,15737.180000000002,15738.170000000002,93
2026-05-26T13:00:00+00:00,15738.170000000002,15740.180000000002,15731.670000000002,15733.660000000003,127
2026-05-26T13:15:00+00:00,15733.660000000003,15739.180000000002,15732.160000000003,15732.160000000003,140
2026-05-26T13:30:00+00:00,15732.160000000003,15749.180000000002,15732.160000000003,15740.170000000002,877
2026-05-26T13:45:00+00:00,15740.170000000002,15746.180000000002,15729.160000000003,15735.160000000003,951
2026-05-26T14:00:00+00:00,15735.160000000003,15742.670000000002,15730.170000000002,15739.170000000002,615
2026-05-26T14:15:00+00:00,15739.170000000002,15741.170000000002,15735.160000000003,15737.160000000003,307
2026-05-26T14:30:00+00:00,15737.160000000003,15746.180000000002,15736.660000000003,15743.180000000002,361
2026-05-26T14:45:00+00:00,15743.180000000002,15745.180000000002,15731.160000000003,15731.160000000003,223
2026-05-26T15:00:00+00:00,15731.160000000003,15731.670000000002,15716.160000000003,15724.170000000002,279
2026-05-26T15:15:00+00:00,15724.170000000002,15724.180000000002,15717.160000000003,15718.660000000003,281
2026-05-26T15:30:00+00:00,15718.660000000003,15722.170000000002,15713.160000000003,15718.180000000002,358
2026-05-26T15:45:00+00:00,15718.180000000002,15722.170000000002,15713.160000000003,15718.180000000002,399
2026-05-26T16:00:00+00:00,15718.180000000002,15724.170000000002,15718.160000000003,15720.160000000003,188
2026-05-26T16:15:00+00:00,15720.160000000003,15726.680000000002,15720.160000000003,15725.180000000002,152
2026-05-26T16:30:00+00:00,15725.180000000002,15728.670000000002,15719.180000000002,15720.180000000002,159
2026-05-26T16:45:00+00:00,15720.180000000002,15722.180000000002,15716.170000000002,15716.180000000002,94
2026-05-26T17:00:00+00:00,15716.180000000002,15720.180000000002,15714.670000000002,15716.180000000002,119
2026-05-26T17:15:00+00:00,15716.180000000002,15716.180000000002,15710.160000000003,15712.170000000002,116.0130678282514
2026-05-26T17:30:00+00:00,15712.170000000002,15714.180000000002,15711.160000000003,15712.160000000003,96
2026-05-26T17:45:00+00:00,15712.160000000003,15715.180000000002,15711.170000000002,15711.660000000003,72
2026-05-26T18:00:00+00:00,15711.660000000003,15718.180000000002,15709.170000000002,15715.670000000002,102
2026-05-26T18:15:00+00:00,15715.670000000002,15718.180000000002,15715.660000000003,15717.170000000002,76
2026-05-26T18:30:00+00:00,15717.170000000002,15718.170000000002,15711.160000000003,15712.160000000003,73.17764687764688
2026-05-26T18:45:00+00:00,15712.160000000003,15714.160000000003,15711.160000000003,15711.660000000003,81.00878048780487
2026-05-26T19:00:00+00:00,15711.660000000003,15719.670000000002,15711.660000000003,15716.180000000002,67
2026-05-26T19:15:00+00:00,15716.180000000002,15719.180000000002,15716.160000000003,15718.160000000003,74
2026-05-26T19:30:00+00:00,15718.160000000003,15727.670000000002,15718.160000000003,15724.160000000003,133.3292682926829
2026-05-26T19:45:00+00:00,15724.160000000003,15728.660000000003,15721.660000000003,15728.660000000003,124.06927465362674
2026-05-26T20:00:00+00:00,15728.660000000003,15729.670000000002,15726.170000000002,15728.160000000003,35.60568603213844
2026-05-26T20:15:00+00:00,15728.160000000003,15733.660000000003,15728.160000000003,15732.660000000003,29
2026-05-26T20:30:00+00:00,15732.660000000003,15733.180000000002,15732.160000000003,15732.660000000003,24.00473092574137
2026-05-27T01:00:00+00:00,15732.660000000003,15768.010000000002,15732.660000000003,15765.510000000002,565.873920552677
2026-05-27T01:15:00+00:00,15765.510000000002,15771.510000000002,15739.990000000003,15770.500000000002,1440
2026-05-27T01:30:00+00:00,15770.500000000002,15887.510000000002,15759.990000000003,15841.000000000002,14646
2026-05-27T01:45:00+00:00,15841.000000000002,15851.990000000003,15781.990000000003,15794.500000000002,8573
2026-05-27T02:00:00+00:00,15794.500000000002,15851.510000000002,15792.010000000002,15836.510000000002,8968
2026-05-27T02:15:00+00:00,15836.510000000002,15857.510000000002,15818.990000000003,15843.510000000002,7203
2026-05-27T02:30:00+00:00,15843.510000000002,15867.000000000002,15793.510000000002,15826.990000000003,7250
2026-05-27T02:45:00+00:00,15826.990000000003,15830.990000000003,15767.990000000003,15781.000000000002,5742
2026-05-27T03:00:00+00:00,15781.000000000002,15813.490000000003,15774.490000000003,15778.490000000003,5105
2026-05-27T03:15:00+00:00,15778.490000000003,15779.490000000003,15685.490000000003,15714.990000000003,4986
2026-05-27T03:30:00+00:00,15714.990000000003,15716.990000000003,15700.490000000003,15708.010000000002,847
2026-05-27T03:45:00+00:00,15708.010000000002,15709.510000000002,15692.500000000002,15697.500000000002,567
2026-05-27T04:00:00+00:00,15697.500000000002,15702.490000000003,15693.010000000002,15700.000000000002,274
2026-05-27T04:15:00+00:00,15700.000000000002,15701.010000000002,15689.990000000003,15691.510000000002,157
2026-05-27T04:30:00+00:00,15691.510000000002,15701.010000000002,15687.990000000003,15693.000000000002,240
2026-05-27T04:45:00+00:00,15693.000000000002,15704.000000000002,15688.000000000002,15701.510000000002,225
2026-05-27T05:00:00+00:00,15701.510000000002,15778.000000000002,15695.490000000003,15760.010000000002,6401
2026-05-27T05:15:00+00:00,15760.010000000002,15764.510000000002,15730.510000000002,15742.510000000002,5082
2026-05-27T05:30:00+00:00,15742.510000000002,15777.500000000002,15707.990000000003,15729.990000000003,6197
2026-05-27T05:45:00+00:00,15729.990000000003,15742.500000000002,15670.500000000002,15677.500000000002,7576
2026-05-27T06:00:00+00:00,15677.500000000002,15706.510000000002,15660.990000000003,15663.500000000002,6219
2026-05-27T06:15:00+00:00,15663.500000000002,15748.000000000002,15661.500000000002,15730.990000000003,6088
2026-05-27T06:30:00+00:00,15730.990000000003,15749.010000000002,15719.990000000003,15723.490000000003,5017
2026-05-27T06:45:00+00:00,15723.490000000003,15725.510000000002,15686.000000000002,15706.990000000003,4304
2026-05-27T07:00:00+00:00,15706.990000000003,15727.000000000002,15695.010000000002,15721.000000000002,792
2026-05-27T07:15:00+00:00,15721.000000000002,15727.000000000002,15716.000000000002,15724.510000000002,405
2026-05-27T07:30:00+00:00,15724.510000000002,15735.510000000002,15722.990000000003,15730.000000000002,521
2026-05-27T07:45:00+00:00,15730.000000000002,15732.510000000002,15721.000000000002,15728.490000000003,283
2026-05-27T08:00:00+00:00,15728.490000000003,15738.010000000002,15722.990000000003,15735.000000000002,306
2026-05-27T08:15:00+00:00,15735.000000000002,15749.510000000002,15729.000000000002,15739.490000000003,480
2026-05-27T09:00:00+00:00,15739.490000000003,15739.490000000003,15696.510000000002,15716.990000000003,604
2026-05-27T09:15:00+00:00,15716.990000000003,15721.510000000002,15711.510000000002,15711.510000000002,177
2026-05-27T09:30:00+00:00,15711.510000000002,15721.510000000002,15711.500000000002,15718.510000000002,134
2026-05-27T09:45:00+00:00,15718.510000000002,15725.000000000002,15713.990000000003,15722.010000000002,143
2026-05-27T10:00:00+00:00,15722.010000000002,15731.010000000002,15719.500000000002,15729.990000000003,105
2026-05-27T10:15:00+00:00,15729.990000000003,15730.010000000002,15718.010000000002,15720.000000000002,70
2026-05-27T10:30:00+00:00,15720.000000000002,15720.000000000002,15712.990000000003,15717.990000000003,190
2026-05-27T10:45:00+00:00,15717.990000000003,15719.000000000002,15706.990000000003,15707.000000000002,181
2026-05-27T11:00:00+00:00,15707.000000000002,15716.000000000002,15703.000000000002,15704.000000000002,178
2026-05-27T11:15:00+00:00,15704.000000000002,15711.010000000002,15700.990000000003,15703.010000000002,212
2026-05-27T11:30:00+00:00,15703.010000000002,15716.010000000002,15700.000000000002,15716.010000000002,128
2026-05-27T11:45:00+00:00,15716.010000000002,15716.010000000002,15708.990000000003,15710.490000000003,92
2026-05-27T12:00:00+00:00,15710.490000000003,15714.500000000002,15709.490000000003,15711.990000000003,107
2026-05-27T12:15:00+00:00,15711.990000000003,15748.010000000002,15705.000000000002,15738.010000000002,1330
2026-05-27T12:30:00+00:00,15738.010000000002,15744.510000000002,15726.990000000003,15729.990000000003,506
2026-05-27T12:45:00+00:00,15729.990000000003,15730.490000000003,15711.010000000002,15713.000000000002,234
2026-05-27T13:00:00+00:00,15713.000000000002,15718.500000000002,15709.990000000003,15713.000000000002,251
2026-05-27T13:15:00+00:00,15713.000000000002,15717.000000000002,15707.990000000003,15713.990000000003,203
2026-05-27T13:30:00+00:00,15713.990000000003,15740.010000000002,15712.990000000003,15732.000000000002,999
2026-05-27T13:45:00+00:00,15732.000000000002,15744.510000000002,15727.990000000003,15731.510000000002,792
2026-05-27T14:00:00+00:00,15731.510000000002,15737.490000000003,15723.010000000002,15730.990000000003,519
2026-05-27T14:15:00+00:00,15730.990000000003,15737.010000000002,15714.990000000003,15723.000000000002,646
2026-05-27T14:30:00+00:00,15723.000000000002,15734.010000000002,15714.490000000003,15729.990000000003,841
2026-05-27T14:45:00+00:00,15729.990000000003,15735.990000000003,15724.500000000002,15728.510000000002,366
2026-05-27T15:00:00+00:00,15728.510000000002,15732.010000000002,15722.990000000003,15730.000000000002,404
2026-05-27T15:15:00+00:00,15730.000000000002,15731.010000000002,15725.010000000002,15729.990000000003,337.73079718924157
2026-05-27T15:30:00+00:00,15729.990000000003,15740.000000000002,15719.990000000003,15719.990000000003,382
2026-05-27T15:45:00+00:00,15719.990000000003,15725.000000000002,15714.510000000002,15720.990000000003,296
2026-05-27T16:00:00+00:00,15720.990000000003,15730.000000000002,15718.510000000002,15729.010000000002,285
2026-05-27T16:15:00+00:00,15729.010000000002,15733.010000000002,15727.010000000002,15730.510000000002,137
2026-05-27T16:30:00+00:00,15730.510000000002,15735.010000000002,15727.990000000003,15730.990000000003,131
2026-05-27T16:45:00+00:00,15730.990000000003,15730.990000000003,15718.010000000002,15719.010000000002,114
2026-05-27T17:00:00+00:00,15719.010000000002,15719.500000000002,15703.990000000003,15707.000000000002,214
2026-05-27T17:15:00+00:00,15707.000000000002,15716.000000000002,15705.000000000002,15714.000000000002,126
2026-05-27T17:30:00+00:00,15714.000000000002,15717.010000000002,15712.000000000002,15712.000000000002,89
2026-05-27T17:45:00+00:00,15712.000000000002,15719.010000000002,15710.990000000003,15713.500000000002,112
2026-05-27T18:00:00+00:00,15713.500000000002,15716.010000000002,15710.990000000003,15715.010000000002,83
2026-05-27T18:15:00+00:00,15715.010000000002,15722.490000000003,15714.990000000003,15721.010000000002,79
2026-05-27T18:30:00+00:00,15721.010000000002,15727.010000000002,15720.000000000002,15724.000000000002,95
2026-05-27T18:45:00+00:00,15724.000000000002,15733.010000000002,15723.000000000002,15732.000000000002,87
2026-05-27T19:00:00+00:00,15732.000000000002,15732.510000000002,15728.990000000003,15730.500000000002,79.70117322291236
2026-05-27T19:15:00+00:00,15730.500000000002,15731.500000000002,15727.490000000003,15728.510000000002,69.29163408913213
2026-05-27T19:30:00+00:00,15728.510000000002,15734.510000000002,15728.490000000003,15732.010000000002,101.39149995118908
2026-05-27T19:45:00+00:00,15732.010000000002,15732.490000000003,15720.990000000003,15725.010000000002,87.0484676483982
2026-05-27T20:00:00+00:00,15725.010000000002,15730.010000000002,15724.990000000003,15730.010000000002,26.394932253269733
2026-05-27T20:15:00+00:00,15730.010000000002,15738.510000000002,15729.990000000003,15738.510000000002,25.447344007043412
2026-05-27T20:30:00+00:00,15738.510000000002,15742.490000000003,15737.490000000003,15742.490000000003,40.05975155054732
2026-05-28T01:00:00+00:00,15742.490000000003,15744.310000000003,15716.800000000003,15725.800000000003,573.3091076356945
2026-05-28T01:15:00+00:00,15725.800000000003,15726.820000000003,15671.810000000003,15714.310000000003,1976
2026-05-28T01:30:00+00:00,15714.310000000003,15745.820000000003,15655.810000000003,15668.810000000003,12292
2026-05-28T01:45:00+00:00,15668.810000000003,15676.810000000003,15592.810000000003,15609.820000000003,7655
2026-05-28T02:00:00+00:00,15609.820000000003,15674.810000000003,15601.300000000003,15662.310000000003,7166
2026-05-28T02:15:00+00:00,15662.310000000003,15668.810000000003,15619.300000000003,15651.810000000003,5373
2026-05-28T02:30:00+00:00,15651.810000000003,15669.810000000003,15617.800000000003,15622.300000000003,4556
2026-05-28T02:45:00+00:00,15622.300000000003,15645.820000000003,15599.800000000003,15599.820000000003,3932
2026-05-28T03:00:00+00:00,15599.820000000003,15662.800000000003,15596.300000000003,15650.810000000003,4277
2026-05-28T03:15:00+00:00,15650.810000000003,15702.320000000003,15640.820000000003,15701.810000000003,4241
2026-05-28T03:30:00+00:00,15701.810000000003,15701.810000000003,15664.800000000003,15666.810000000003,1260
2026-05-28T03:45:00+00:00,15666.810000000003,15675.820000000003,15665.800000000003,15669.310000000003,758
2026-05-28T04:00:00+00:00,15669.310000000003,15674.300000000003,15663.320000000003,15664.810000000003,289
2026-05-28T04:15:00+00:00,15664.810000000003,15669.800000000003,15662.800000000003,15663.810000000003,255
2026-05-28T04:30:00+00:00,15663.810000000003,15673.310000000003,15662.820000000003,15670.800000000003,149
2026-05-28T04:45:00+00:00,15670.800000000003,15670.820000000003,15663.800000000003,15667.300000000003,191
2026-05-28T05:00:00+00:00,15667.300000000003,15669.320000000003,15592.810000000003,15616.820000000003,7102
2026-05-28T05:15:00+00:00,15616.820000000003,15741.810000000003,15603.810000000003,15733.800000000003,5836
2026-05-28T05:30:00+00:00,15733.800000000003,15780.810000000003,15724.300000000003,15770.320000000003,7116
2026-05-28T05:45:00+00:00,15770.320000000003,15806.820000000003,15750.320000000003,15771.800000000003,4798
2026-05-28T06:00:00+00:00,15771.800000000003,15810.300000000003,15758.320000000003,15768.810000000003,4696
2026-05-28T06:15:00+00:00,15768.810000000003,15831.810000000003,15768.810000000003,15804.320000000003,4169
2026-05-28T06:30:00+00:00,15804.320000000003,15841.820000000003,15801.800000000003,15805.320000000003,3886
2026-05-28T06:45:00+00:00,15805.320000000003,15831.800000000003,15790.800000000003,15822.320000000003,3399
2026-05-28T07:00:00+00:00,15822.320000000003,15832.310000000003,15817.800000000003,15821.800000000003,833
2026-05-28T07:15:00+00:00,15821.800000000003,15826.820000000003,15816.800000000003,15819.800000000003,323
2026-05-28T07:30:00+00:00,15819.800000000003,15821.320000000003,15806.800000000003,15814.800000000003,312
2026-05-28T07:45:00+00:00,15814.800000000003,15815.810000000003,15795.820000000003,15802.800000000003,442
2026-05-28T08:00:00+00:00,15802.800000000003,15813.820000000003,15802.800000000003,15808.810000000003,613
2026-05-28T08:15:00+00:00,15808.810000000003,15812.310000000003,15805.820000000003,15809.310000000003,375
2026-05-28T09:00:00+00:00,15809.310000000003,15816.820000000003,15796.820000000003,15811.810000000003,243
2026-05-28T09:15:00+00:00,15811.810000000003,15812.300000000003,15800.300000000003,15800.810000000003,131
2026-05-28T09:30:00+00:00,15800.810000000003,15802.810000000003,15792.810000000003,15796.820000000003,162
2026-05-28T09:45:00+00:00,15796.820000000003,15811.310000000003,15796.320000000003,15806.320000000003,222
2026-05-28T10:00:00+00:00,15806.320000000003,15812.810000000003,15797.800000000003,15797.800000000003,189
2026-05-28T10:15:00+00:00,15797.800000000003,15800.810000000003,15784.310000000003,15784.800000000003,250
2026-05-28T10:30:00+00:00,15784.800000000003,15793.820000000003,15772.800000000003,15773.800000000003,288
2026-05-28T10:45:00+00:00,15773.800000000003,15779.810000000003,15761.810000000003,15764.820000000003,415.4894502228826
2026-05-28T11:00:00+00:00,15764.820000000003,15770.820000000003,15760.800000000003,15764.820000000003,376
2026-05-28T11:15:00+00:00,15764.820000000003,15774.810000000003,15764.800000000003,15770.810000000003,187
2026-05-28T11:30:00+00:00,15770.810000000003,15778.820000000003,15769.800000000003,15778.800000000003,148
2026-05-28T11:45:00+00:00,15778.800000000003,15778.820000000003,15752.800000000003,15760.300000000003,354
2026-05-28T12:00:00+00:00,15760.300000000003,15768.800000000003,15757.810000000003,15768.800000000003,224
2026-05-28T12:15:00+00:00,15768.800000000003,15769.810000000003,15765.800000000003,15769.810000000003,146.34300341296927
2026-05-28T12:30:00+00:00,15769.810000000003,15786.820000000003,15769.810000000003,15786.820000000003,385
2026-05-28T12:45:00+00:00,15786.820000000003,15788.820000000003,15781.820000000003,15782.310000000003,179
2026-05-28T13:00:00+00:00,15782.310000000003,15790.320000000003,15774.320000000003,15774.320000000003,183
2026-05-28T13:15:00+00:00,15774.320000000003,15777.820000000003,15772.310000000003,15772.320000000003,149
2026-05-28T13:30:00+00:00,15772.320000000003,15787.820000000003,15764.810000000003,15774.810000000003,852
2026-05-28T13:45:00+00:00,15774.810000000003,15789.820000000003,15773.810000000003,15786.320000000003,504
2026-05-28T14:00:00+00:00,15786.320000000003,15813.810000000003,15780.800000000003,15806.820000000003,1942
2026-05-28T14:15:00+00:00,15806.820000000003,15824.320000000003,15800.820000000003,15812.810000000003,1726
2026-05-28T14:30:00+00:00,15812.810000000003,15818.820000000003,15798.810000000003,15802.800000000003,619
2026-05-28T14:45:00+00:00,15802.800000000003,15814.820000000003,15792.300000000003,15814.800000000003,868
2026-05-28T15:00:00+00:00,15814.800000000003,15822.820000000003,15811.800000000003,15819.810000000003,353
2026-05-28T15:15:00+00:00,15819.810000000003,15834.800000000003,15818.800000000003,15829.320000000003,335
2026-05-28T15:30:00+00:00,15829.320000000003,15829.810000000003,15816.800000000003,15819.820000000003,232
2026-05-28T15:45:00+00:00,15819.820000000003,15824.820000000003,15819.820000000003,15823.800000000003,153
2026-05-28T16:00:00+00:00,15823.800000000003,15826.820000000003,15819.800000000003,15824.800000000003,127
2026-05-28T16:15:00+00:00,15824.800000000003,15833.800000000003,15822.810000000003,15828.800000000003,212
2026-05-28T16:30:00+00:00,15828.800000000003,15831.820000000003,15826.800000000003,15829.800000000003,159
2026-05-28T16:45:00+00:00,15829.800000000003,15831.820000000003,15826.300000000003,15831.820000000003,105
2026-05-28T17:00:00+00:00,15831.820000000003,15832.800000000003,15825.800000000003,15825.820000000003,102
2026-05-28T17:15:00+00:00,15825.820000000003,15826.820000000003,15822.810000000003,15822.810000000003,108.46426068675544
2026-05-28T17:30:00+00:00,15822.810000000003,15828.300000000003,15822.810000000003,15826.800000000003,96
2026-05-28T17:45:00+00:00,15826.800000000003,15828.820000000003,15824.800000000003,15824.810000000003,111
2026-05-28T18:00:00+00:00,15824.810000000003,15826.820000000003,15820.800000000003,15821.800000000003,136
2026-05-28T18:15:00+00:00,15821.800000000003,15827.820000000003,15816.820000000003,15820.810000000003,243
2026-05-28T18:30:00+00:00,15820.810000000003,15821.800000000003,15814.810000000003,15817.820000000003,92
2026-05-28T18:45:00+00:00,15817.820000000003,15819.820000000003,15815.800000000003,15818.310000000003,116
2026-05-28T19:00:00+00:00,15818.310000000003,15818.800000000003,15812.800000000003,15813.300000000003,83
2026-05-28T19:15:00+00:00,15813.300000000003,15816.810000000003,15812.300000000003,15816.320000000003,58.38537549407115
2026-05-28T19:30:00+00:00,15816.320000000003,15819.820000000003,15798.310000000003,15804.310000000003,326
2026-05-28T19:45:00+00:00,15804.310000000003,15815.800000000003,15798.800000000003,15808.810000000003,546
2026-05-28T20:00:00+00:00,15808.810000000003,15820.820000000003,15808.320000000003,15819.820000000003,80
2026-05-28T20:15:00+00:00,15819.820000000003,15819.820000000003,15816.810000000003,15818.310000000003,51.776703621269526
2026-05-28T20:30:00+00:00,15818.310000000003,15819.320000000003,15816.800000000003,15818.820000000003,39.750544174700075
2026-05-29T01:00:00+00:00,15818.820000000003,15818.820000000003,15779.320000000003,15787.320000000003,330.10639386189257
2026-05-29T01:15:00+00:00,15787.320000000003,15889.320000000003,15784.310000000003,15883.810000000003,2024
2026-05-29T01:30:00+00:00,15883.810000000003,15932.300000000003,15855.310000000003,15911.300000000003,16774
2026-05-29T01:45:00+00:00,15911.300000000003,15927.300000000003,15860.320000000003,15904.320000000003,10408
2026-05-29T02:00:00+00:00,15904.320000000003,15918.300000000003,15815.320000000003,15860.820000000003,8039
2026-05-29T02:15:00+00:00,15860.820000000003,15917.320000000003,15838.800000000003,15878.820000000003,8520
2026-05-29T02:30:00+00:00,15878.820000000003,15971.300000000003,15866.300000000003,15966.800000000003,7370
2026-05-29T02:45:00+00:00,15966.800000000003,15986.320000000003,15892.300000000003,15912.320000000003,7605
2026-05-29T03:00:00+00:00,15912.320000000003,15916.320000000003,15859.800000000003,15904.310000000003,6207
2026-05-29T03:15:00+00:00,15904.310000000003,15945.810000000003,15885.300000000003,15925.300000000003,6727
2026-05-29T03:30:00+00:00,15925.300000000003,15939.810000000003,15908.300000000003,15929.820000000003,1716
2026-05-29T03:45:00+00:00,15929.820000000003,15940.300000000003,15923.300000000003,15926.300000000003,1010
2026-05-29T04:00:00+00:00,15926.300000000003,15935.810000000003,15926.300000000003,15930.320000000003,420
2026-05-29T04:15:00+00:00,15930.320000000003,15934.320000000003,15924.820000000003,15926.800000000003,501
2026-05-29T04:30:00+00:00,15926.800000000003,15933.320000000003,15923.810000000003,15931.320000000003,403
2026-05-29T04:45:00+00:00,15931.320000000003,15938.800000000003,15924.820000000003,15935.820000000003,322
2026-05-29T05:00:00+00:00,15935.820000000003,16001.310000000003,15918.310000000003,15986.810000000003,8223
2026-05-29T05:15:00+00:00,15986.810000000003,16041.820000000003,15984.800000000003,16002.820000000003,5886
2026-05-29T05:30:00+00:00,16002.820000000003,16010.320000000003,15955.300000000003,15973.310000000003,4301
2026-05-29T05:45:00+00:00,15973.310000000003,16014.300000000003,15909.300000000003,15917.310000000003,3876
2026-05-29T06:00:00+00:00,15917.310000000003,15931.310000000003,15872.810000000003,15883.300000000003,5608
2026-05-29T06:15:00+00:00,15883.300000000003,15886.820000000003,15846.310000000003,15881.300000000003,5271
2026-05-29T06:30:00+00:00,15881.300000000003,15926.320000000003,15877.300000000003,15878.310000000003,4207
2026-05-29T06:45:00+00:00,15878.310000000003,15923.310000000003,15845.300000000003,15896.800000000003,3963
2026-05-29T07:00:00+00:00,15896.800000000003,15921.300000000003,15892.300000000003,15895.310000000003,1441
2026-05-29T07:15:00+00:00,15895.310000000003,15896.820000000003,15878.310000000003,15886.320000000003,687
2026-05-29T07:30:00+00:00,15886.320000000003,15891.300000000003,15872.800000000003,15879.310000000003,767
2026-05-29T07:45:00+00:00,15879.310000000003,15902.320000000003,15878.320000000003,15894.810000000003,494
2026-05-29T08:00:00+00:00,15894.810000000003,15894.810000000003,15870.300000000003,15882.820000000003,1551
2026-05-29T08:15:00+00:00,15882.820000000003,15896.320000000003,15881.300000000003,15892.800000000003,849
2026-05-29T09:00:00+00:00,15892.800000000003,15892.800000000003,15859.310000000003,15862.810000000003,557
2026-05-29T09:15:00+00:00,15862.810000000003,15884.320000000003,15856.310000000003,15884.300000000003,630
2026-05-29T09:30:00+00:00,15884.300000000003,15889.820000000003,15876.300000000003,15888.800000000003,383
2026-05-29T09:45:00+00:00,15888.800000000003,15895.310000000003,15882.300000000003,15884.300000000003,209
2026-05-29T10:00:00+00:00,15884.300000000003,15884.820000000003,15858.310000000003,15859.310000000003,343
2026-05-29T10:15:00+00:00,15859.310000000003,15865.320000000003,15859.310000000003,15863.320000000003,156
2026-05-29T10:30:00+00:00,15863.320000000003,15892.300000000003,15863.300000000003,15891.810000000003,310
2026-05-29T10:45:00+00:00,15891.810000000003,15899.310000000003,15889.800000000003,15899.310000000003,241
2026-05-29T11:00:00+00:00,15899.310000000003,15910.310000000003,15898.310000000003,15908.320000000003,294
2026-05-29T11:15:00+00:00,15908.320000000003,15910.300000000003,15901.300000000003,15901.300000000003,284
2026-05-29T11:30:00+00:00,15901.300000000003,15906.320000000003,15894.300000000003,15904.310000000003,317
2026-05-29T11:45:00+00:00,15904.310000000003,15905.810000000003,15891.300000000003,15904.800000000003,425
2026-05-29T12:00:00+00:00,15904.800000000003,15906.320000000003,15887.810000000003,15893.320000000003,196
2026-05-29T12:15:00+00:00,15893.320000000003,15902.320000000003,15892.310000000003,15902.310000000003,146
2026-05-29T12:30:00+00:00,15902.310000000003,15906.320000000003,15896.310000000003,15904.300000000003,462.1056338028169
2026-05-29T12:45:00+00:00,15904.300000000003,15910.320000000003,15899.800000000003,15910.320000000003,277
2026-05-29T13:00:00+00:00,15910.320000000003,15911.320000000003,15904.310000000003,15904.310000000003,203
2026-05-29T13:15:00+00:00,15904.310000000003,15906.310000000003,15901.320000000003,15906.310000000003,197
2026-05-29T13:30:00+00:00,15906.310000000003,15906.320000000003,15886.300000000003,15900.800000000003,897
2026-05-29T13:45:00+00:00,15900.800000000003,15916.320000000003,15899.320000000003,15912.300000000003,422
2026-05-29T14:00:00+00:00,15912.300000000003,15929.320000000003,15911.300000000003,15924.810000000003,578
2026-05-29T14:15:00+00:00,15924.810000000003,15924.810000000003,15903.300000000003,15910.820000000003,628
2026-05-29T14:30:00+00:00,15910.820000000003,15918.320000000003,15907.300000000003,15912.320000000003,596
2026-05-29T14:45:00+00:00,15912.320000000003,15945.320000000003,15911.300000000003,15923.820000000003,1331
2026-05-29T15:00:00+00:00,15923.820000000003,15934.320000000003,15920.310000000003,15930.310000000003,465
2026-05-29T15:15:00+00:00,15930.310000000003,15944.320000000003,15925.310000000003,15931.800000000003,473
2026-05-29T15:30:00+00:00,15931.800000000003,15942.320000000003,15930.310000000003,15936.830000000004,866.8137624562348
2026-05-29T15:45:00+00:00,15936.830000000004,15938.840000000004,15930.820000000003,15937.820000000003,374
2026-05-29T16:00:00+00:00,15937.820000000003,15938.840000000004,15927.840000000004,15931.820000000003,213
2026-05-29T16:15:00+00:00,15931.820000000003,15931.840000000004,15921.820000000003,15922.820000000003,176
2026-05-29T16:30:00+00:00,15922.820000000003,15929.840000000004,15920.840000000004,15925.820000000003,308
2026-05-29T16:45:00+00:00,15925.820000000003,15925.830000000004,15918.820000000003,15918.840000000004,146
2026-05-29T17:00:00+00:00,15918.840000000004,15920.840000000004,15912.820000000003,15918.330000000004,171
2026-05-29T17:15:00+00:00,15918.330000000004,15925.830000000004,15916.820000000003,15917.330000000004,213.43006112909026
2026-05-29T17:30:00+00:00,15917.330000000004,15920.840000000004,15909.820000000003,15910.320000000003,121
2026-05-29T17:45:00+00:00,15910.320000000003,15914.840000000004,15908.820000000003,15909.340000000004,238
2026-05-29T18:00:00+00:00,15909.340000000004,15916.840000000004,15907.830000000004,15914.320000000003,183
2026-05-29T18:15:00+00:00,15914.320000000003,15916.820000000003,15910.820000000003,15913.830000000004,175
2026-05-29T18:30:00+00:00,15913.830000000004,15919.840000000004,15913.830000000004,15915.340000000004,155
2026-05-29T18:45:00+00:00,15915.340000000004,15918.340000000004,15907.820000000003,15915.830000000004,400
2026-05-29T19:00:00+00:00,15915.830000000004,15918.840000000004,15913.820000000003,15915.820000000003,99
2026-05-29T19:15:00+00:00,15915.820000000003,15917.330000000004,15912.820000000003,15913.340000000004,159
2026-05-29T19:30:00+00:00,15913.340000000004,15919.840000000004,15913.340000000004,15918.820000000003,122
2026-05-29T19:45:00+00:00,15918.820000000003,15920.830000000004,15899.330000000004,15901.340000000004,285
2026-05-29T20:00:00+00:00,15901.340000000004,15914.830000000004,15900.340000000004,15911.340000000004,73.88288288288288
2026-05-29T20:15:00+00:00,15911.340000000004,15911.340000000004,15908.330000000004,15910.820000000003,67.79829325058185
2026-05-29T20:30:00+00:00,15910.820000000003,15919.330000000004,15910.330000000004,15919.320000000003,170
2026-06-01T01:00:00+00:00,15919.320000000003,15928.340000000004,15884.820000000003,15923.320000000003,634.9457013574661
2026-06-01T01:15:00+00:00,15923.320000000003,15956.330000000004,15869.320000000003,15954.830000000004,2873
2026-06-01T01:30:00+00:00,15954.830000000004,15974.330000000004,15825.840000000004,15933.330000000004,19321
2026-06-01T01:45:00+00:00,15933.330000000004,15955.830000000004,15902.320000000003,15906.830000000004,12839
2026-06-01T02:00:00+00:00,15906.830000000004,15938.840000000004,15879.320000000003,15919.340000000004,9295
2026-06-01T02:15:00+00:00,15919.340000000004,15946.340000000004,15883.320000000003,15884.830000000004,7417
2026-06-01T02:30:00+00:00,15884.830000000004,15893.820000000003,15785.340000000004,15786.830000000004,7598
2026-06-01T02:45:00+00:00,15786.830000000004,15805.330000000004,15725.820000000003,15739.820000000003,8600
2026-06-01T03:00:00+00:00,15739.820000000003,15756.320000000003,15683.830000000004,15686.840000000004,8190
2026-06-01T03:15:00+00:00,15686.840000000004,15769.330000000004,15679.320000000003,15765.340000000004,6912
2026-06-01T03:30:00+00:00,15765.340000000004,15774.340000000004,15762.320000000003,15763.840000000004,862
2026-06-01T03:45:00+00:00,15763.840000000004,15764.340000000004,15751.320000000003,15756.330000000004,736
2026-06-01T04:00:00+00:00,15756.330000000004,15766.340000000004,15750.320000000003,15763.340000000004,482
2026-06-01T04:15:00+00:00,15763.340000000004,15773.340000000004,15763.320000000003,15772.830000000004,292
2026-06-01T04:30:00+00:00,15772.830000000004,15775.340000000004,15767.820000000003,15774.840000000004,148
2026-06-01T04:45:00+00:00,15774.840000000004,15777.340000000004,15773.320000000003,15776.830000000004,120
2026-06-01T05:00:00+00:00,15776.830000000004,15840.340000000004,15776.320000000003,15830.820000000003,6197
2026-06-01T05:15:00+00:00,15830.820000000003,15836.340000000004,15771.340000000004,15777.330000000004,4829
2026-06-01T05:30:00+00:00,15777.330000000004,15797.320000000003,15758.320000000003,15764.320000000003,5741
2026-06-01T05:45:00+00:00,15764.320000000003,15764.320000000003,15729.830000000004,15756.320000000003,4790
2026-06-01T06:00:00+00:00,15756.320000000003,15759.340000000004,15718.320000000003,15718.340000000004,3982
2026-06-01T06:15:00+00:00,15718.340000000004,15720.340000000004,15668.320000000003,15693.330000000004,3821
2026-06-01T06:30:00+00:00,15693.330000000004,15706.340000000004,15665.320000000003,15674.340000000004,4652
2026-06-01T06:45:00+00:00,15674.340000000004,15703.340000000004,15672.820000000003,15689.840000000004,3968
2026-06-01T07:00:00+00:00,15689.840000000004,15696.340000000004,15683.320000000003,15684.840000000004,796
2026-06-01T07:15:00+00:00,15684.840000000004,15692.330000000004,15681.330000000004,15684.320000000003,448
2026-06-01T07:30:00+00:00,15684.320000000003,15684.840000000004,15670.830000000004,15676.330000000004,383
2026-06-01T07:45:00+00:00,15676.330000000004,15687.340000000004,15673.820000000003,15685.320000000003,349
2026-06-01T08:00:00+00:00,15685.320000000003,15685.330000000004,15673.330000000004,15676.320000000003,831
2026-06-01T08:15:00+00:00,15676.320000000003,15681.340000000004,15671.320000000003,15673.340000000004,622
2026-06-01T09:00:00+00:00,15673.340000000004,15673.340000000004,15634.830000000004,15648.340000000004,798
2026-06-01T09:15:00+00:00,15648.340000000004,15671.820000000003,15648.320000000003,15664.830000000004,578
2026-06-01T09:30:00+00:00,15664.830000000004,15673.830000000004,15661.340000000004,15670.830000000004,466
2026-06-01T09:45:00+00:00,15670.830000000004,15673.340000000004,15667.330000000004,15671.830000000004,237
2026-06-01T10:00:00+00:00,15671.830000000004,15680.340000000004,15671.830000000004,15678.830000000004,209
2026-06-01T10:15:00+00:00,15678.830000000004,15679.830000000004,15673.320000000003,15677.330000000004,184
2026-06-01T10:30:00+00:00,15677.330000000004,15680.330000000004,15675.320000000003,15675.840000000004,192
2026-06-01T10:45:00+00:00,15675.840000000004,15678.340000000004,15672.330000000004,15675.330000000004,230
2026-06-01T11:00:00+00:00,15675.330000000004,15676.330000000004,15669.320000000003,15675.330000000004,216
2026-06-01T11:15:00+00:00,15675.330000000004,15675.340000000004,15670.320000000003,15670.330000000004,174
2026-06-01T11:30:00+00:00,15670.330000000004,15689.340000000004,15667.840000000004,15686.330000000004,428
2026-06-01T11:45:00+00:00,15686.330000000004,15690.340000000004,15684.320000000003,15686.820000000003,215
2026-06-01T12:00:00+00:00,15686.820000000003,15687.340000000004,15671.340000000004,15672.820000000003,195
2026-06-01T12:15:00+00:00,15672.820000000003,15674.340000000004,15668.320000000003,15672.320000000003,270
2026-06-01T12:30:00+00:00,15672.320000000003,15679.320000000003,15669.320000000003,15678.340000000004,329
2026-06-01T12:45:00+00:00,15678.340000000004,15680.340000000004,15665.320000000003,15667.330000000004,292
2026-06-01T13:00:00+00:00,15667.330000000004,15667.330000000004,15615.330000000004,15634.820000000003,2063
2026-06-01T13:15:00+00:00,15634.820000000003,15647.340000000004,15620.320000000003,15636.320000000003,1900
2026-06-01T13:30:00+00:00,15636.320000000003,15645.320000000003,15622.330000000004,15641.330000000004,2338
2026-06-01T13:45:00+00:00,15641.330000000004,15656.340000000004,15625.320000000003,15626.330000000004,1294
2026-06-01T14:00:00+00:00,15626.330000000004,15638.340000000004,15618.820000000003,15632.820000000003,1343
2026-06-01T14:15:00+00:00,15632.820000000003,15644.320000000003,15624.320000000003,15634.340000000004,1160
2026-06-01T14:30:00+00:00,15634.340000000004,15644.320000000003,15631.320000000003,15642.820000000003,677
2026-06-01T14:45:00+00:00,15642.820000000003,15644.340000000004,15618.340000000004,15629.330000000004,763
2026-06-01T15:00:00+00:00,15629.330000000004,15641.340000000004,15619.320000000003,15636.840000000004,921
2026-06-01T15:15:00+00:00,15636.840000000004,15651.340000000004,15633.320000000003,15648.820000000003,410
2026-06-01T15:30:00+00:00,15648.820000000003,15657.340000000004,15645.340000000004,15651.330000000004,1197
2026-06-01T15:45:00+00:00,15651.330000000004,15656.840000000004,15644.320000000003,15646.340000000004,401
2026-06-01T16:00:00+00:00,15646.340000000004,15651.340000000004,15637.320000000003,15638.330000000004,473
2026-06-01T16:15:00+00:00,15638.330000000004,15641.340000000004,15633.330000000004,15638.330000000004,400
2026-06-01T16:30:00+00:00,15638.330000000004,15643.320000000003,15636.820000000003,15636.820000000003,457
2026-06-01T16:45:00+00:00,15636.820000000003,15651.340000000004,15633.320000000003,15649.320000000003,471
2026-06-01T17:00:00+00:00,15649.320000000003,15650.320000000003,15641.320000000003,15647.840000000004,422
2026-06-01T17:15:00+00:00,15647.840000000004,15674.840000000004,15647.320000000003,15673.340000000004,397
2026-06-01T17:30:00+00:00,15673.340000000004,15682.830000000004,15663.820000000003,15669.820000000003,1234
2026-06-01T17:45:00+00:00,15669.820000000003,15674.840000000004,15669.820000000003,15671.320000000003,337
2026-06-01T18:00:00+00:00,15671.320000000003,15672.340000000004,15664.820000000003,15665.330000000004,165
2026-06-01T18:15:00+00:00,15665.330000000004,15668.340000000004,15662.830000000004,15665.340000000004,189
2026-06-01T18:30:00+00:00,15665.340000000004,15666.840000000004,15662.330000000004,15665.330000000004,110
2026-06-01T18:45:00+00:00,15665.330000000004,15666.340000000004,15663.320000000003,15663.330000000004,112.2361963190184
2026-06-01T19:00:00+00:00,15663.330000000004,15665.320000000003,15659.320000000003,15662.340000000004,145
2026-06-01T19:15:00+00:00,15662.340000000004,15666.320000000003,15662.320000000003,15666.320000000003,83
2026-06-01T19:30:00+00:00,15666.320000000003,15666.340000000004,15661.320000000003,15665.340000000004,137.24202961488203
2026-06-01T19:45:00+00:00,15665.340000000004,15666.340000000004,15656.320000000003,15662.820000000003,154.1228813559322
2026-06-01T20:00:00+00:00,15662.820000000003,15669.340000000004,15662.340000000004,15667.840000000004,99
2026-06-01T20:15:00+00:00,15667.840000000004,15668.340000000004,15665.320000000003,15665.840000000004,72.15832784726794
2026-06-01T20:30:00+00:00,15665.840000000004,15666.340000000004,15664.320000000003,15665.820000000003,77.64971541057908
2026-06-02T01:00:00+00:00,15665.820000000003,15665.820000000003,15618.830000000004,15662.320000000003,975.9754601226994
2026-06-02T01:15:00+00:00,15662.320000000003,15749.340000000004,15639.320000000003,15744.320000000003,3569
2026-06-02T01:30:00+00:00,15744.320000000003,15871.330000000004,15741.320000000003,15818.830000000004,17649
2026-06-02T01:45:00+00:00,15818.830000000004,15848.340000000004,15779.320000000003,15805.340000000004,12631
2026-06-02T02:00:00+00:00,15805.340000000004,15877.840000000004,15797.340000000004,15864.820000000003,11520
2026-06-02T02:15:00+00:00,15864.820000000003,15906.330000000004,15837.330000000004,15898.340000000004,7875
2026-06-02T02:30:00+00:00,15898.340000000004,15908.830000000004,15876.320000000003,15893.840000000004,7681
2026-06-02T02:45:00+00:00,15893.840000000004,15923.340000000004,15871.320000000003,15922.840000000004,6308
2026-06-02T03:00:00+00:00,15922.840000000004,15944.320000000003,15897.820000000003,15900.340000000004,6621
2026-06-02T03:15:00+00:00,15900.340000000004,15941.840000000004,15895.820000000003,15913.340000000004,6248
2026-06-02T03:30:00+00:00,15913.340000000004,15920.330000000004,15893.340000000004,15918.340000000004,1022
2026-06-02T03:45:00+00:00,15918.340000000004,15929.330000000004,15912.830000000004,15926.820000000003,723
2026-06-02T04:00:00+00:00,15926.820000000003,15927.340000000004,15916.320000000003,15917.330000000004,462
2026-06-02T04:15:00+00:00,15917.330000000004,15924.340000000004,15913.320000000003,15922.320000000003,282
2026-06-02T04:30:00+00:00,15922.320000000003,15923.330000000004,15918.320000000003,15920.340000000004,187
2026-06-02T04:45:00+00:00,15920.340000000004,15931.340000000004,15918.320000000003,15927.830000000004,246
2026-06-02T05:00:00+00:00,15927.830000000004,15994.340000000004,15925.830000000004,15993.330000000004,8367
2026-06-02T05:15:00+00:00,15993.330000000004,16055.820000000003,15993.320000000003,16040.820000000003,5824
2026-06-02T05:30:00+00:00,16040.820000000003,16091.330000000004,16038.340000000004,16055.340000000004,6232
2026-06-02T05:45:00+00:00,16055.340000000004,16074.830000000004,16033.320000000003,16068.340000000004,5023
2026-06-02T06:00:00+00:00,16068.340000000004,16087.830000000004,16022.330000000004,16026.330000000004,4296
2026-06-02T06:15:00+00:00,16026.330000000004,16052.330000000004,16013.330000000004,16041.330000000004,3376
2026-06-02T06:30:00+00:00,16041.330000000004,16049.320000000003,16023.820000000003,16032.830000000004,3869
2026-06-02T06:45:00+00:00,16032.830000000004,16044.330000000004,16015.320000000003,16023.330000000004,3394
2026-06-02T07:00:00+00:00,16023.330000000004,16035.330000000004,16016.330000000004,16031.320000000003,844
2026-06-02T07:15:00+00:00,16031.320000000003,16034.330000000004,16026.320000000003,16033.320000000003,332
2026-06-02T07:30:00+00:00,16033.320000000003,16043.340000000004,16030.320000000003,16040.340000000004,550
2026-06-02T07:45:00+00:00,16040.340000000004,16043.340000000004,16031.320000000003,16040.320000000003,514
2026-06-02T08:00:00+00:00,16040.320000000003,16043.340000000004,16034.820000000003,16038.830000000004,657
2026-06-02T08:15:00+00:00,16038.830000000004,16049.840000000004,16038.830000000004,16048.820000000003,637
2026-06-02T09:00:00+00:00,16048.820000000003,16048.820000000003,16029.340000000004,16029.820000000003,180
2026-06-02T09:15:00+00:00,16029.820000000003,16035.830000000004,16020.320000000003,16025.330000000004,370
2026-06-02T09:30:00+00:00,16025.330000000004,16040.340000000004,16025.330000000004,16038.840000000004,448
2026-06-02T09:45:00+00:00,16038.840000000004,16038.840000000004,16032.320000000003,16033.840000000004,234
2026-06-02T10:00:00+00:00,16033.840000000004,16033.840000000004,16025.320000000003,16030.320000000003,237
2026-06-02T10:15:00+00:00,16030.320000000003,16038.340000000004,16030.320000000003,16031.830000000004,242
2026-06-02T10:30:00+00:00,16031.830000000004,16035.330000000004,16022.830000000004,16026.320000000003,164
2026-06-02T10:45:00+00:00,16026.320000000003,16027.340000000004,16017.330000000004,16021.840000000004,231
2026-06-02T11:00:00+00:00,16021.840000000004,16028.330000000004,16020.330000000004,16023.840000000004,289
2026-06-02T11:15:00+00:00,16023.840000000004,16035.340000000004,16021.330000000004,16034.320000000003,197
2026-06-02T11:30:00+00:00,16034.320000000003,16037.830000000004,16031.320000000003,16031.820000000003,140.8249452954048
2026-06-02T11:45:00+00:00,16031.820000000003,16036.320000000003,16027.820000000003,16028.340000000004,178
2026-06-02T12:00:00+00:00,16028.340000000004,16030.840000000004,16025.320000000003,16025.330000000004,161.56656017039404
2026-06-02T12:15:00+00:00,16025.330000000004,16034.340000000004,16022.320000000003,16030.330000000004,314
2026-06-02T12:30:00+00:00,16030.330000000004,16036.840000000004,16025.320000000003,16036.320000000003,349
2026-06-02T12:45:00+00:00,16036.320000000003,16037.830000000004,16027.330000000004,16028.840000000004,220
2026-06-02T13:00:00+00:00,16028.840000000004,16035.840000000004,16022.830000000004,16030.320000000003,587
2026-06-02T13:15:00+00:00,16030.320000000003,16033.340000000004,16025.320000000003,16025.820000000003,273
2026-06-02T13:30:00+00:00,16025.820000000003,16036.330000000004,16021.320000000003,16024.320000000003,1433
2026-06-02T13:45:00+00:00,16024.320000000003,16029.330000000004,16019.820000000003,16022.320000000003,570
2026-06-02T14:00:00+00:00,16022.320000000003,16031.340000000004,16015.330000000004,16026.340000000004,798
2026-06-02T14:15:00+00:00,16026.340000000004,16029.340000000004,16008.320000000003,16009.830000000004,765
2026-06-02T14:30:00+00:00,16009.830000000004,16035.340000000004,16009.320000000003,16034.840000000004,642
2026-06-02T14:45:00+00:00,16034.840000000004,16045.340000000004,16032.320000000003,16044.830000000004,550
2026-06-02T15:00:00+00:00,16044.830000000004,16056.340000000004,16042.320000000003,16049.840000000004,528
2026-06-02T15:15:00+00:00,16049.840000000004,16059.340000000004,16049.320000000003,16056.330000000004,475
2026-06-02T15:30:00+00:00,16056.330000000004,16061.340000000004,16052.320000000003,16054.830000000004,537
2026-06-02T15:45:00+00:00,16054.830000000004,16058.340000000004,16051.320000000003,16052.330000000004,398
2026-06-02T16:00:00+00:00,16052.330000000004,16054.320000000003,16045.330000000004,16049.330000000004,343
2026-06-02T16:15:00+00:00,16049.330000000004,16049.340000000004,16036.320000000003,16036.830000000004,391
2026-06-02T16:30:00+00:00,16036.830000000004,16039.820000000003,16034.320000000003,16036.330000000004,354
2026-06-02T16:45:00+00:00,16036.330000000004,16037.830000000004,16033.320000000003,16035.330000000004,207
2026-06-02T17:00:00+00:00,16035.330000000004,16035.330000000004,16025.320000000003,16026.830000000004,274
2026-06-02T17:15:00+00:00,16026.830000000004,16028.340000000004,16023.320000000003,16025.330000000004,169
2026-06-02T17:30:00+00:00,16025.330000000004,16027.340000000004,16020.330000000004,16021.320000000003,206.55338582677166
2026-06-02T17:45:00+00:00,16021.320000000003,16022.340000000004,16018.340000000004,16020.820000000003,153
2026-06-02T18:00:00+00:00,16020.820000000003,16029.340000000004,16020.820000000003,16026.320000000003,252
2026-06-02T18:15:00+00:00,16026.320000000003,16031.340000000004,16023.320000000003,16029.320000000003,148
2026-06-02T18:30:00+00:00,16029.320000000003,16032.340000000004,16027.320000000003,16028.320000000003,172
2026-06-02T18:45:00+00:00,16028.320000000003,16032.340000000004,16028.320000000003,16032.330000000004,132
2026-06-02T19:00:00+00:00,16032.330000000004,16038.340000000004,16031.330000000004,16034.330000000004,112
2026-06-02T19:15:00+00:00,16034.330000000004,16036.320000000003,16028.76,16029.26,75
2026-06-02T19:30:00+00:00,16029.26,16030.28,16027.26,16028.78,94
2026-06-02T19:45:00+00:00,16028.78,16034.28,16028.26,16033.77,146
2026-06-02T20:00:00+00:00,16033.77,16033.78,16027.26,16029.26,75
2026-06-02T20:15:00+00:00,16029.26,16029.77,16026.26,16027.28,50.79015918958032
2026-06-02T20:30:00+00:00,16027.28,16029.28,16026.26,16028.27,40.37583395107487
2026-06-03T01:00:00+00:00,16028.27,16028.77,15981.76,15994.78,532.9367172050099
2026-06-03T01:15:00+00:00,15994.78,16041.28,15988.76,16030.28,2347
2026-06-03T01:30:00+00:00,16030.28,16035.78,15971.76,16007.26,15660
2026-06-03T01:45:00+00:00,16007.26,16065.28,16003.27,16063.77,10456
2026-06-03T02:00:00+00:00,16063.77,16103.28,16047.26,16067.28,8845
2026-06-03T02:15:00+00:00,16067.28,16133.28,16064.26,16133.26,7978
2026-06-03T02:30:00+00:00,16133.26,16167.28,16114.27,16146.26,7244
2026-06-03T02:45:00+00:00,16146.26,16183.27,16134.26,16182.27,5440
2026-06-03T03:00:00+00:00,16182.27,16239.27,16179.28,16233.26,5694
2026-06-03T03:15:00+00:00,16233.26,16267.28,16212.77,16258.27,6764
2026-06-03T03:30:00+00:00,16258.27,16263.78,16247.26,16255.76,1008
2026-06-03T03:45:00+00:00,16255.76,16257.27,16239.28,16242.77,720
2026-06-03T04:00:00+00:00,16242.77,16265.27,16242.26,16257.28,475
2026-06-03T04:15:00+00:00,16257.28,16266.28,16251.76,16251.76,285
2026-06-03T04:30:00+00:00,16251.76,16266.78,16251.76,16262.77,247
2026-06-03T04:45:00+00:00,16262.77,16268.28,16259.27,16263.27,299
2026-06-03T05:00:00+00:00,16263.27,16265.27,16195.76,16196.77,8601
2026-06-03T05:15:00+00:00,16196.77,16212.78,16142.28,16178.78,6370
2026-06-03T05:30:00+00:00,16178.78,16214.28,16161.76,16185.78,5549
2026-06-03T05:45:00+00:00,16185.78,16198.77,16174.26,16186.77,3933
2026-06-03T06:00:00+00:00,16186.77,16229.78,16139.26,16149.77,5297
2026-06-03T06:15:00+00:00,16149.77,16149.77,16075.26,16086.76,5563
2026-06-03T06:30:00+00:00,16086.76,16098.78,16010.26,16068.26,10212
2026-06-03T06:45:00+00:00,16068.26,16123.27,16066.26,16096.27,5862
2026-06-03T07:00:00+00:00,16096.27,16112.28,16077.28,16104.78,1365
2026-06-03T07:15:00+00:00,16104.78,16106.28,16095.26,16100.27,678
2026-06-03T07:30:00+00:00,16100.27,16108.27,16097.78,16107.78,482
2026-06-03T07:45:00+00:00,16107.78,16112.28,16104.26,16108.27,429
2026-06-03T08:00:00+00:00,16108.27,16110.27,16093.26,16094.76,1336
2026-06-03T08:15:00+00:00,16094.76,16104.28,16094.76,16103.76,705
2026-06-03T09:00:00+00:00,16103.76,16103.76,16069.78,16085.27,459
2026-06-03T09:15:00+00:00,16085.27,16093.78,16084.76,16092.27,175.62587587587586
2026-06-03T09:30:00+00:00,16092.27,16094.28,16086.27,16090.26,149
2026-06-03T09:45:00+00:00,16090.26,16093.28,16086.26,16087.76,162
2026-06-03T10:00:00+00:00,16087.76,16105.26,16085.26,16100.28,855
2026-06-03T10:15:00+00:00,16100.28,16100.28,16091.26,16095.26,181
2026-06-03T10:30:00+00:00,16095.26,16095.76,16083.27,16083.78,204
2026-06-03T10:45:00+00:00,16083.78,16087.26,16082.26,16084.28,124
2026-06-03T11:00:00+00:00,16084.28,16091.28,16083.77,16089.78,120
2026-06-03T11:15:00+00:00,16089.78,16096.78,16087.76,16090.27,157
2026-06-03T11:30:00+00:00,16090.27,16096.27,16089.26,16093.26,169
2026-06-03T11:45:00+00:00,16093.26,16097.28,16091.26,16092.27,132
2026-06-03T12:00:00+00:00,16092.27,16094.28,16090.26,16090.78,128
2026-06-03T12:15:00+00:00,16090.78,16091.27,16083.28,16084.78,243
2026-06-03T12:30:00+00:00,16084.78,16084.78,16070.26,16075.78,399
2026-06-03T12:45:00+00:00,16075.78,16081.28,16074.26,16077.26,249
2026-06-03T13:00:00+00:00,16077.26,16081.28,16074.26,16077.76,220
2026-06-03T13:15:00+00:00,16077.76,16079.28,16073.26,16076.28,218
2026-06-03T13:30:00+00:00,16076.28,16079.28,16062.27,16062.77,989
2026-06-03T13:45:00+00:00,16062.77,16066.28,16048.28,16060.77,1441
2026-06-03T14:00:00+00:00,16060.77,16069.28,16060.26,16065.26,735
2026-06-03T14:15:00+00:00,16065.26,16070.27,16053.26,16063.28,828
2026-06-03T14:30:00+00:00,16063.28,16068.78,16060.26,16061.28,545
2026-06-03T14:45:00+00:00,16061.28,16066.28,16058.26,16065.28,411
2026-06-03T15:00:00+00:00,16065.28,16068.28,16058.26,16059.26,468
2026-06-03T15:15:00+00:00,16059.26,16071.28,16058.76,16070.78,736
2026-06-03T15:30:00+00:00,16070.78,16072.28,16060.25,16060.25,565.5802301963439
2026-06-03T15:45:00+00:00,16060.25,16061.27,16055.25,16058.77,379
2026-06-03T16:00:00+00:00,16058.77,16061.26,16051.26,16057.26,311
2026-06-03T16:15:00+00:00,16057.26,16058.25,16045.27,16048.26,363
2026-06-03T16:30:00+00:00,16048.26,16056.27,16048.26,16051.26,346
2026-06-03T16:45:00+00:00,16051.26,16058.76,16051.25,16058.76,359
2026-06-03T17:00:00+00:00,16058.76,16062.27,16053.25,16054.27,263
2026-06-03T17:15:00+00:00,16054.27,16055.27,16051.25,16052.25,157
2026-06-03T17:30:00+00:00,16052.25,16059.26,16049.25,16057.26,144
2026-06-03T17:45:00+00:00,16057.26,16057.27,16055.25,16057.26,119
2026-06-03T18:00:00+00:00,16057.26,16063.26,16055.25,16057.25,199
2026-06-03T18:15:00+00:00,16057.25,16060.26,16053.25,16059.25,235
2026-06-03T18:30:00+00:00,16059.25,16061.26,16055.25,16058.27,206
2026-06-03T18:45:00+00:00,16058.27,16059.27,16053.25,16056.27,175
2026-06-03T19:00:00+00:00,16056.27,16056.76,16053.25,16055.25,139.98890619634008
2026-06-03T19:15:00+00:00,16055.25,16058.27,16052.25,16054.26,111.0432494964577
2026-06-03T19:30:00+00:00,16054.26,16062.26,16054.25,16060.75,142.4858858858859
2026-06-03T19:45:00+00:00,16060.75,16061.76,16054.27,16057.25,158
2026-06-03T20:00:00+00:00,16057.25,16059.75,16055.25,16056.77,54.31505867043196
2026-06-03T20:15:00+00:00,16056.77,16056.77,16053.25,16053.27,91.41436464088397
2026-06-03T20:30:00+00:00,16053.27,16053.27,16048.25,16051.75,34.92348656634371
2026-06-04T01:00:00+00:00,16051.75,16052.25,16010.25,16026.25,585.2037548315848
2026-06-04T01:15:00+00:00,16026.25,16028.27,15939.77,15966.77,3502
2026-06-04T01:30:00+00:00,15966.77,16042.27,15926.25,15977.77,19518
2026-06-04T01:45:00+00:00,15977.77,16005.77,15970.25,15985.76,9879
2026-06-04T02:00:00+00:00,15985.76,15997.27,15923.26,15933.27,9033
2026-06-04T02:15:00+00:00,15933.27,15950.27,15895.25,15929.77,6790
2026-06-04T02:30:00+00:00,15929.77,15936.26,15902.25,15910.25,5051
2026-06-04T02:45:00+00:00,15910.25,15924.77,15864.26,15906.25,4443
2026-06-04T03:00:00+00:00,15906.25,15937.27,15880.26,15891.25,5234
2026-06-04T03:15:00+00:00,15891.25,15900.27,15872.27,15880.75,3893
2026-06-04T03:30:00+00:00,15880.75,15884.27,15870.25,15870.26,972
2026-06-04T03:45:00+00:00,15870.26,15883.27,15867.26,15881.76,472
2026-06-04T04:00:00+00:00,15881.76,15882.25,15869.25,15874.25,240
2026-06-04T04:15:00+00:00,15874.25,15882.27,15872.25,15876.27,254
2026-06-04T04:30:00+00:00,15876.27,15879.25,15874.25,15876.76,166
2026-06-04T04:45:00+00:00,15876.76,15878.27,15873.25,15877.26,211
2026-06-04T05:00:00+00:00,15877.26,15895.27,15838.25,15853.76,5759
2026-06-04T05:15:00+00:00,15853.76,15869.27,15824.25,15827.25,4086
2026-06-04T05:30:00+00:00,15827.25,15828.26,15792.25,15823.77,3950
2026-06-04T05:45:00+00:00,15823.77,15858.76,15804.25,15852.25,4048
2026-06-04T06:00:00+00:00,15852.25,15867.76,15842.75,15846.27,3724
2026-06-04T06:15:00+00:00,15846.27,15852.27,15789.26,15812.25,3738
2026-06-04T06:30:00+00:00,15812.25,15834.26,15799.75,15816.27,4041
2026-06-04T06:45:00+00:00,15816.27,15830.27,15801.26,15816.25,2642
2026-06-04T07:00:00+00:00,15816.25,15824.26,15805.25,15812.26,878
2026-06-04T07:15:00+00:00,15812.26,15821.26,15803.75,15821.26,553
2026-06-04T07:30:00+00:00,15821.26,15833.27,15820.25,15825.25,387
2026-06-04T07:45:00+00:00,15825.25,15830.27,15817.76,15818.25,477
2026-06-04T08:00:00+00:00,15818.25,15818.27,15805.25,15812.25,684
2026-06-04T08:15:00+00:00,15812.25,15813.27,15792.25,15804.75,916
2026-06-04T09:00:00+00:00,15804.75,15804.75,15775.26,15777.26,434
2026-06-04T09:15:00+00:00,15777.26,15798.26,15776.25,15796.27,729
2026-06-04T09:30:00+00:00,15796.27,15803.26,15795.25,15802.27,401
2026-06-04T09:45:00+00:00,15802.27,15815.27,15801.25,15813.27,399
2026-06-04T10:00:00+00:00,15813.27,15813.27,15807.26,15811.26,316
2026-06-04T10:15:00+00:00,15811.26,15814.27,15808.25,15810.26,210
2026-06-04T10:30:00+00:00,15810.26,15813.25,15803.25,15804.25,334
2026-06-04T10:45:00+00:00,15804.25,15806.27,15797.25,15803.27,362
2026-06-04T11:00:00+00:00,15803.27,15814.26,15803.26,15810.26,355
2026-06-04T11:15:00+00:00,15810.26,15821.76,15809.25,15817.26,594
2026-06-04T11:30:00+00:00,15817.26,15818.25,15797.25,15804.77,535
2026-06-04T11:45:00+00:00,15804.77,15816.27,15803.25,15810.26,475
2026-06-04T12:00:00+00:00,15810.26,15812.27,15799.25,15801.25,537
2026-06-04T12:15:00+00:00,15801.25,15802.27,15797.26,15800.77,345
2026-06-04T12:30:00+00:00,15800.77,15809.27,15799.25,15808.25,413
2026-06-04T12:45:00+00:00,15808.25,15816.26,15807.77,15810.76,323
2026-06-04T13:00:00+00:00,15810.76,15817.26,15809.25,15813.75,309
2026-06-04T13:15:00+00:00,15813.75,15819.27,15813.25,15816.25,372
2026-06-04T13:30:00+00:00,15816.25,15833.27,15815.26,15818.27,1508
2026-06-04T13:45:00+00:00,15818.27,15826.27,15806.25,15812.25,1018
2026-06-04T14:00:00+00:00,15812.25,15813.27,15797.25,15805.77,765
2026-06-04T14:15:00+00:00,15805.77,15813.27,15805.77,15809.25,547
2026-06-04T14:30:00+00:00,15809.25,15809.25,15795.77,15797.27,441
2026-06-04T14:45:00+00:00,15797.27,15809.27,15796.26,15808.76,492
2026-06-04T15:00:00+00:00,15808.76,15812.27,15801.26,15812.26,378
2026-06-04T15:15:00+00:00,15812.26,15819.27,15811.25,15817.27,289
2026-06-04T15:30:00+00:00,15817.27,15822.27,15817.25,15819.77,380
2026-06-04T15:45:00+00:00,15819.77,15821.27,15814.25,15816.26,308
2026-06-04T16:00:00+00:00,15816.26,15820.27,15813.25,15818.27,250
2026-06-04T16:15:00+00:00,15818.27,15823.27,15818.25,15822.25,221.8578125
2026-06-04T16:30:00+00:00,15822.25,15822.25,15816.25,15818.76,283
2026-06-04T16:45:00+00:00,15818.76,15821.27,15816.25,15818.77,164
2026-06-04T17:00:00+00:00,15818.77,15822.27,15818.25,15818.77,230.6996996996997
2026-06-04T17:15:00+00:00,15818.77,15821.27,15816.25,15819.27,228
2026-06-04T17:30:00+00:00,15819.27,15825.27,15819.25,15823.25,307
2026-06-04T17:45:00+00:00,15823.25,15824.27,15820.25,15823.26,160
2026-06-04T18:00:00+00:00,15823.26,15829.27,15821.75,15827.26,249
2026-06-04T18:15:00+00:00,15827.26,15829.27,15824.25,15826.25,171
2026-06-04T18:30:00+00:00,15826.25,15827.26,15823.25,15824.27,139
2026-06-04T18:45:00+00:00,15824.27,15833.27,15824.25,15832.77,153
2026-06-04T19:00:00+00:00,15832.77,15835.27,15828.25,15829.27,104
2026-06-04T19:15:00+00:00,15829.27,15832.27,15829.25,15832.27,63.59172794556387
2026-06-04T19:30:00+00:00,15832.27,15834.27,15829.26,15831.27,106
2026-06-04T19:45:00+00:00,15831.27,15832.27,15824.75,15828.76,169.6727028839705
2026-06-04T20:00:00+00:00,15828.76,15829.27,15825.77,15827.27,69.16561844863732
2026-06-04T20:15:00+00:00,15827.27,15828.27,15825.25,15827.76,46.745946100048464
2026-06-04T20:30:00+00:00,15827.76,15828.25,15826.75,15827.25,27.67674685766583
2026-06-05T01:00:00+00:00,15827.25,15827.25,15757.25,15760.26,606.1741409435061
2026-06-05T01:15:00+00:00,15760.26,15791.25,15728.75,15769.77,3222
2026-06-05T01:30:00+00:00,15769.77,15848.27,15691.76,15826.76,20217
2026-06-05T01:45:00+00:00,15826.76,15874.76,15796.27,15870.77,12213
2026-06-05T02:00:00+00:00,15870.77,15899.27,15849.25,15894.76,10884
2026-06-05T02:15:00+00:00,15894.76,15897.27,15849.25,15860.77,8443
2026-06-05T02:30:00+00:00,15860.77,15868.27,15772.75,15791.27,8155
2026-06-05T02:45:00+00:00,15791.27,15840.77,15777.75,15798.77,7547
2026-06-05T03:00:00+00:00,15798.77,15823.75,15782.25,15799.76,7290
2026-06-05T03:15:00+00:00,15799.76,15811.27,15754.25,15774.27,5277
2026-06-05T03:30:00+00:00,15774.27,15786.77,15764.25,15780.77,963
2026-06-05T03:45:00+00:00,15780.77,15781.75,15771.25,15779.26,558
2026-06-05T04:00:00+00:00,15779.26,15783.76,15771.25,15774.25,250
2026-06-05T04:15:00+00:00,15774.25,15783.26,15772.25,15777.27,186
2026-06-05T04:30:00+00:00,15777.27,15786.76,15774.25,15780.25,191
2026-06-05T04:45:00+00:00,15780.25,15787.27,15779.77,15784.26,212
2026-06-05T05:00:00+00:00,15784.26,15798.27,15704.76,15713.77,6813
2026-06-05T05:15:00+00:00,15713.77,15732.77,15663.26,15664.25,6685
2026-06-05T05:30:00+00:00,15664.25,15685.27,15648.75,15665.27,8734
2026-06-05T05:45:00+00:00,15665.27,15702.77,15621.25,15622.75,5776
2026-06-05T06:00:00+00:00,15622.75,15624.27,15592.25,15599.27,6453
2026-06-05T06:15:00+00:00,15599.27,15604.25,15547.25,15551.25,5466
2026-06-05T06:30:00+00:00,15551.25,15574.27,15492.75,15512.27,7756
2026-06-05T06:45:00+00:00,15512.27,15533.25,15499.25,15502.26,5812
2026-06-05T07:00:00+00:00,15502.26,15515.75,15473.26,15486.27,1955
2026-06-05T07:15:00+00:00,15486.27,15501.27,15486.27,15498.75,465
2026-06-05T07:30:00+00:00,15498.75,15498.75,15485.76,15490.77,523
2026-06-05T07:45:00+00:00,15490.77,15501.27,15489.25,15498.25,648
2026-06-05T08:00:00+00:00,15498.25,15500.27,15487.26,15496.75,958
2026-06-05T08:15:00+00:00,15496.75,15501.27,15490.75,15500.77,699
2026-06-05T09:00:00+00:00,15500.77,15537.27,15497.75,15533.26,538
2026-06-05T09:15:00+00:00,15533.26,15535.27,15516.77,15523.26,675
2026-06-05T09:30:00+00:00,15523.26,15523.75,15512.26,15518.26,384
2026-06-05T09:45:00+00:00,15518.26,15523.27,15513.25,15521.26,312
2026-06-05T10:00:00+00:00,15521.26,15531.27,15517.27,15528.76,182
2026-06-05T10:15:00+00:00,15528.76,15534.26,15527.25,15532.25,185
2026-06-05T10:30:00+00:00,15532.25,15533.27,15529.25,15531.77,156
2026-06-05T10:45:00+00:00,15531.77,15534.27,15526.27,15531.25,117
2026-06-05T11:00:00+00:00,15531.25,15535.27,15528.26,15529.76,200
2026-06-05T11:15:00+00:00,15529.76,15536.27,15521.25,15535.26,286
2026-06-05T11:30:00+00:00,15535.26,15536.27,15528.25,15530.25,172
2026-06-05T11:45:00+00:00,15530.25,15532.27,15528.25,15528.27,186
2026-06-05T12:00:00+00:00,15528.27,15530.27,15522.25,15530.27,274
2026-06-05T12:15:00+00:00,15530.27,15534.76,15529.26,15532.27,215
2026-06-05T12:30:00+00:00,15532.27,15535.76,15516.25,15529.27,995
2026-06-05T12:45:00+00:00,15529.27,15531.27,15511.25,15511.26,541
2026-06-05T13:00:00+00:00,15511.26,15521.26,15508.25,15516.26,789
2026-06-05T13:15:00+00:00,15516.26,15519.77,15510.76,15514.26,558
2026-06-05T13:30:00+00:00,15514.26,15517.27,15498.75,15502.75,1422
2026-06-05T13:45:00+00:00,15502.75,15507.25,15492.25,15492.26,1355
2026-06-05T14:00:00+00:00,15492.26,15504.25,15487.75,15498.26,1543
2026-06-05T14:15:00+00:00,15498.26,15501.27,15479.25,15483.26,819
2026-06-05T14:30:00+00:00,15483.26,15493.27,15478.75,15483.26,857
2026-06-05T14:45:00+00:00,15483.26,15494.27,15483.25,15491.26,763
2026-06-05T15:00:00+00:00,15491.26,15491.27,15466.26,15466.77,597
2026-06-05T15:15:00+00:00,15466.77,15472.27,15460.25,15466.26,903
2026-06-05T15:30:00+00:00,15466.26,15468.26,15452.75,15457.27,629.3399826539462
2026-06-05T15:45:00+00:00,15457.27,15461.28,15454.26,15455.77,500
2026-06-05T16:00:00+00:00,15455.77,15455.77,15441.26,15448.27,668
2026-06-05T16:15:00+00:00,15448.27,15448.27,15440.26,15441.77,469
2026-06-05T16:30:00+00:00,15441.77,15443.26,15430.26,15433.28,722
2026-06-05T16:45:00+00:00,15433.28,15446.26,15427.26,15442.27,799
2026-06-05T17:00:00+00:00,15442.27,15445.28,15430.27,15433.26,596
2026-06-05T17:15:00+00:00,15433.26,15442.28,15429.26,15437.76,619
2026-06-05T17:30:00+00:00,15437.76,15448.26,15433.26,15435.27,546
2026-06-05T17:45:00+00:00,15435.27,15442.28,15430.26,15440.28,544
2026-06-05T18:00:00+00:00,15440.28,15443.28,15424.27,15425.26,556
2026-06-05T18:15:00+00:00,15425.26,15425.28,15413.26,15415.28,741
2026-06-05T18:30:00+00:00,15415.28,15418.28,15406.26,15411.26,603
2026-06-05T18:45:00+00:00,15411.26,15415.28,15399.26,15407.77,1134
2026-06-05T19:00:00+00:00,15407.77,15407.77,15379.78,15383.28,870
2026-06-05T19:15:00+00:00,15383.28,15399.26,15369.27,15397.26,1392
2026-06-05T19:30:00+00:00,15397.26,15400.28,15378.78,15390.26,1226
2026-06-05T19:45:00+00:00,15390.26,15403.77,15389.26,15403.77,1066
2026-06-05T20:00:00+00:00,15403.77,15410.27,15382.78,15383.26,332
2026-06-05T20:15:00+00:00,15383.26,15383.77,15352.27,15352.28,276
2026-06-05T20:30:00+00:00,15352.28,15366.76,15347.26,15361.28,351
2026-06-08T01:00:00+00:00,15361.28,15440.28,15361.28,15395.77,1091.8165137614678
2026-06-08T01:15:00+00:00,15395.77,15399.28,15244.77,15350.76,5629
2026-06-08T01:30:00+00:00,15350.76,15402.76,15271.26,15361.76,18951
2026-06-08T01:45:00+00:00,15361.76,15368.26,15302.26,15354.78,9585
2026-06-08T02:00:00+00:00,15354.78,15368.78,15305.76,15354.76,8119
2026-06-08T02:15:00+00:00,15354.76,15368.78,15288.26,15353.77,6503
2026-06-08T02:30:00+00:00,15353.77,15426.78,15345.26,15420.78,6535
2026-06-08T02:45:00+00:00,15420.78,15434.28,15384.27,15410.27,5761
2026-06-08T03:00:00+00:00,15410.27,15416.77,15362.76,15367.78,5046
2026-06-08T03:15:00+00:00,15367.78,15378.28,15341.26,15349.78,5166
2026-06-08T03:30:00+00:00,15349.78,15364.28,15348.76,15359.28,1042
2026-06-08T03:45:00+00:00,15359.28,15363.28,15353.26,15355.77,435
2026-06-08T04:00:00+00:00,15355.77,15361.78,15350.28,15353.77,305
2026-06-08T04:15:00+00:00,15353.77,15357.28,15343.76,15350.78,227
2026-06-08T04:30:00+00:00,15350.78,15354.78,15338.76,15339.78,246
2026-06-08T04:45:00+00:00,15339.78,15345.78,15333.76,15334.77,245
2026-06-08T05:00:00+00:00,15334.77,15351.76,15310.27,15320.76,6502
2026-06-08T05:15:00+00:00,15320.76,15324.28,15267.76,15277.76,5632
2026-06-08T05:30:00+00:00,15277.76,15285.27,15155.26,15176.26,6820
2026-06-08T05:45:00+00:00,15176.26,15258.76,15159.26,15246.78,7337
2026-06-08T06:00:00+00:00,15246.78,15299.26,15235.26,15246.78,7023
2026-06-08T06:15:00+00:00,15246.78,15327.78,15246.27,15325.76,5005
2026-06-08T06:30:00+00:00,15325.76,15327.78,15250.26,15281.27,5272
2026-06-08T06:45:00+00:00,15281.27,15292.78,15240.77,15269.78,4534
2026-06-08T07:00:00+00:00,15269.78,15281.78,15240.76,15271.76,1725
2026-06-08T07:15:00+00:00,15271.76,15299.28,15266.77,15286.26,799
2026-06-08T07:30:00+00:00,15286.26,15299.78,15285.77,15288.77,550
2026-06-08T07:45:00+00:00,15288.77,15297.78,15282.78,15291.27,500
2026-06-08T08:00:00+00:00,15291.27,15293.77,15280.26,15284.26,627
2026-06-08T08:15:00+00:00,15284.26,15291.78,15281.77,15288.76,573
2026-06-08T09:00:00+00:00,15288.76,15288.76,15258.76,15274.77,417
2026-06-08T09:15:00+00:00,15274.77,15282.77,15258.27,15263.76,871
2026-06-08T09:30:00+00:00,15263.76,15284.28,15257.76,15272.77,1180
2026-06-08T09:45:00+00:00,15272.77,15285.78,15268.76,15276.76,533
2026-06-08T10:00:00+00:00,15276.76,15278.77,15260.76,15271.77,634
2026-06-08T10:15:00+00:00,15271.77,15272.78,15260.77,15265.77,322
2026-06-08T10:30:00+00:00,15265.77,15284.27,15256.76,15282.77,1066
2026-06-08T10:45:00+00:00,15282.77,15283.28,15261.77,15267.26,440
2026-06-08T11:00:00+00:00,15267.26,15311.77,15259.76,15311.76,1066
2026-06-08T11:15:00+00:00,15311.76,15315.78,15292.27,15300.77,1246
2026-06-08T11:30:00+00:00,15300.77,15306.76,15295.76,15300.76,468
2026-06-08T11:45:00+00:00,15300.76,15305.78,15295.76,15300.26,294
2026-06-08T12:00:00+00:00,15300.26,15308.26,15298.76,15301.76,489
2026-06-08T12:15:00+00:00,15301.76,15307.77,15297.77,15301.78,312
2026-06-08T12:30:00+00:00,15301.78,15310.77,15301.78,15304.77,391
2026-06-08T12:45:00+00:00,15304.77,15321.27,15301.76,15319.78,453
2026-06-08T13:00:00+00:00,15319.78,15326.77,15307.78,15307.78,494
2026-06-08T13:15:00+00:00,15307.78,15308.28,15298.78,15300.27,395
2026-06-08T13:30:00+00:00,15300.27,15324.28,15284.76,15305.27,2033
2026-06-08T13:45:00+00:00,15305.27,15322.76,15294.77,15296.77,1189
2026-06-08T14:00:00+00:00,15296.77,15309.78,15293.76,15305.76,1387
2026-06-08T14:15:00+00:00,15305.76,15313.77,15299.76,15312.78,932
2026-06-08T14:30:00+00:00,15312.78,15319.26,15304.77,15318.77,873
2026-06-08T14:45:00+00:00,15318.77,15326.78,15309.78,15320.26,543
2026-06-08T15:00:00+00:00,15320.26,15327.78,15313.78,15315.28,483
2026-06-08T15:15:00+00:00,15315.28,15326.76,15312.76,15313.77,505
2026-06-08T15:30:00+00:00,15313.77,15326.26,15300.76,15325.78,510
2026-06-08T15:45:00+00:00,15325.78,15326.27,15307.76,15309.76,388
2026-06-08T16:00:00+00:00,15309.76,15318.28,15305.76,15316.77,482
2026-06-08T16:15:00+00:00,15316.77,15322.78,15310.76,15311.28,284
2026-06-08T16:30:00+00:00,15311.28,15314.78,15307.76,15313.76,570
2026-06-08T16:45:00+00:00,15313.76,15318.78,15312.76,15312.78,286
2026-06-08T17:00:00+00:00,15312.78,15312.78,15300.76,15305.26,471
2026-06-08T17:15:00+00:00,15305.26,15309.78,15298.76,15308.77,403
2026-06-08T17:30:00+00:00,15308.77,15311.78,15300.76,15300.76,534
2026-06-08T17:45:00+00:00,15300.76,15309.77,15300.76,15305.78,370
2026-06-08T18:00:00+00:00,15305.78,15316.28,15305.76,15311.76,434
2026-06-08T18:15:00+00:00,15311.76,15317.78,15310.76,15316.78,211
2026-06-08T18:30:00+00:00,15316.78,15319.78,15307.76,15308.77,293
2026-06-08T18:45:00+00:00,15308.77,15311.78,15305.76,15306.28,213
2026-06-08T19:00:00+00:00,15306.28,15309.78,15297.76,15298.77,376
2026-06-08T19:15:00+00:00,15298.77,15302.78,15293.26,15297.76,431
2026-06-08T19:30:00+00:00,15297.76,15304.28,15294.78,15298.26,382
2026-06-08T19:45:00+00:00,15298.26,15301.78,15293.27,15298.27,410
2026-06-08T20:00:00+00:00,15298.27,15304.78,15298.27,15303.27,73
2026-06-08T20:15:00+00:00,15303.27,15303.78,15299.76,15302.26,74.4
2026-06-08T20:30:00+00:00,15302.26,15302.78,15300.26,15301.76,38
2026-06-09T01:00:00+00:00,15301.76,15301.76,15274.87,15295.38,814.8150828858277
2026-06-09T01:15:00+00:00,15295.38,15314.38,15283.39,15297.38,2567
2026-06-09T01:30:00+00:00,15297.38,15304.39,15215.37,15281.87,16132
2026-06-09T01:45:00+00:00,15281.87,15302.38,15238.87,15283.87,8895
2026-06-09T02:00:00+00:00,15283.87,15291.37,15229.87,15237.88,7058
2026-06-09T02:15:00+00:00,15237.88,15237.88,15175.39,15219.89,6997
2026-06-09T02:30:00+00:00,15219.89,15243.37,15181.89,15207.38,5518
2026-06-09T02:45:00+00:00,15207.38,15232.89,15186.89,15190.89,5085
2026-06-09T03:00:00+00:00,15190.89,15239.89,15180.87,15232.89,4735
2026-06-09T03:15:00+00:00,15232.89,15261.38,15220.87,15251.39,5059
2026-06-09T03:30:00+00:00,15251.39,15253.89,15237.89,15246.87,809
2026-06-09T03:45:00+00:00,15246.87,15253.37,15245.88,15252.39,468
2026-06-09T04:00:00+00:00,15252.39,15252.89,15244.39,15245.39,270
2026-06-09T04:15:00+00:00,15245.39,15256.89,15244.87,15256.89,209
2026-06-09T04:30:00+00:00,15256.89,15264.38,15253.37,15255.39,258
2026-06-09T04:45:00+00:00,15255.39,15262.39,15253.37,15259.39,216
2026-06-09T05:00:00+00:00,15259.39,15300.89,15259.37,15290.89,6406
2026-06-09T05:15:00+00:00,15290.89,15307.37,15266.87,15273.38,3939
2026-06-09T05:30:00+00:00,15273.38,15321.39,15268.87,15315.89,4745
2026-06-09T05:45:00+00:00,15315.89,15360.88,15312.87,15331.39,4969
2026-06-09T06:00:00+00:00,15331.39,15391.88,15329.37,15371.88,4173
2026-06-09T06:15:00+00:00,15371.88,15401.88,15364.37,15394.38,3194
2026-06-09T06:30:00+00:00,15394.38,15408.89,15383.88,15401.87,3548
2026-06-09T06:45:00+00:00,15401.87,15412.88,15375.89,15383.39,3567
2026-06-09T07:00:00+00:00,15383.39,15398.88,15380.37,15386.87,899
2026-06-09T07:15:00+00:00,15386.87,15397.89,15381.87,15388.89,514
2026-06-09T07:30:00+00:00,15388.89,15389.37,15372.38,15378.38,511
2026-06-09T07:45:00+00:00,15378.38,15379.89,15364.87,15370.37,450
2026-06-09T08:00:00+00:00,15370.37,15473.89,15366.38,15421.89,1875
2026-06-09T08:15:00+00:00,15421.89,15454.89,15403.87,15443.37,1779
2026-06-09T09:00:00+00:00,15443.37,15450.39,15411.88,15449.39,436
2026-06-09T09:15:00+00:00,15449.39,15463.88,15437.88,15438.39,558
2026-06-09T09:30:00+00:00,15438.39,15446.89,15432.87,15445.88,386
2026-06-09T09:45:00+00:00,15445.88,15461.88,15443.87,15452.88,203
2026-06-09T10:00:00+00:00,15452.88,15461.39,15403.39,15451.38,669
2026-06-09T10:15:00+00:00,15451.38,15461.88,15443.39,15457.39,184
2026-06-09T10:30:00+00:00,15457.39,15462.39,15445.37,15450.38,188
2026-06-09T10:45:00+00:00,15450.38,15465.89,15446.87,15455.38,294
2026-06-09T11:00:00+00:00,15455.38,15464.39,15453.89,15457.87,310
2026-06-09T11:15:00+00:00,15457.87,15461.89,15453.87,15458.87,215
2026-06-09T11:30:00+00:00,15458.87,15469.89,15457.87,15459.39,342
2026-06-09T11:45:00+00:00,15459.39,15459.39,15449.38,15449.89,144
2026-06-09T12:00:00+00:00,15449.89,15452.89,15440.38,15440.38,186
2026-06-09T12:15:00+00:00,15440.38,15441.89,15430.88,15432.88,270
2026-06-09T12:30:00+00:00,15432.88,15449.39,15432.88,15446.37,323
2026-06-09T12:45:00+00:00,15446.37,15449.87,15441.88,15447.89,232
2026-06-09T13:00:00+00:00,15447.89,15460.89,15445.38,15445.89,425
2026-06-09T13:15:00+00:00,15445.89,15450.89,15438.87,15444.38,236
2026-06-09T13:30:00+00:00,15444.38,15461.39,15443.87,15450.39,1122
2026-06-09T13:45:00+00:00,15450.39,15484.88,15437.37,15438.39,1061
2026-06-09T14:00:00+00:00,15438.39,15449.89,15421.39,15423.89,1255
2026-06-09T14:15:00+00:00,15423.89,15425.89,15383.87,15412.37,2096
2026-06-09T14:30:00+00:00,15412.37,15416.89,15390.87,15393.39,1667
2026-06-09T14:45:00+00:00,15393.39,15400.39,15377.87,15397.87,2231
2026-06-09T15:00:00+00:00,15397.87,15399.89,15363.37,15383.88,1764
2026-06-09T15:15:00+00:00,15383.88,15385.88,15336.87,15341.88,1354
2026-06-09T15:30:00+00:00,15341.88,15347.89,15331.87,15341.88,2183
2026-06-09T15:45:00+00:00,15341.88,15352.89,15322.87,15322.88,1299
2026-06-09T16:00:00+00:00,15322.88,15340.89,15314.87,15318.38,2476
2026-06-09T16:15:00+00:00,15318.38,15318.89,15289.88,15299.89,2635
2026-06-09T16:30:00+00:00,15299.89,15306.89,15248.89,15271.88,5142
2026-06-09T16:45:00+00:00,15271.88,15281.39,15257.87,15281.37,3178
2026-06-09T17:00:00+00:00,15281.37,15320.88,15281.37,15317.88,2406
2026-06-09T17:15:00+00:00,15317.88,15335.89,15313.87,15326.88,1906
2026-06-09T17:30:00+00:00,15326.88,15346.39,15322.87,15339.37,1131
2026-06-09T17:45:00+00:00,15339.37,15341.89,15325.87,15335.88,1364
2026-06-09T18:00:00+00:00,15335.88,15340.89,15330.87,15339.89,1202
2026-06-09T18:15:00+00:00,15339.89,15354.89,15334.88,15352.89,1140
2026-06-09T18:30:00+00:00,15352.89,15360.89,15350.87,15350.87,1079
2026-06-09T18:45:00+00:00,15350.87,15362.89,15349.87,15361.39,941
2026-06-09T19:00:00+00:00,15361.39,15367.89,15352.87,15352.88,645
2026-06-09T19:15:00+00:00,15352.88,15353.89,15331.88,15343.38,847
2026-06-09T19:30:00+00:00,15343.38,15353.89,15341.87,15347.38,747
2026-06-09T19:45:00+00:00,15347.38,15366.87,15341.88,15365.38,919
2026-06-09T20:00:00+00:00,15365.38,15373.39,15362.38,15365.38,127
2026-06-09T20:15:00+00:00,15365.38,15368.39,15364.88,15367.39,89
2026-06-09T20:30:00+00:00,15367.39,15371.39,15365.37,15369.87,61.09652612039247
2026-06-10T01:00:00+00:00,15369.87,15372.87,15270.54,15295.55,1202.3903911564626
2026-06-10T01:15:00+00:00,15295.55,15317.55,15260.05,15296.04,2424
2026-06-10T01:30:00+00:00,15296.04,15382.03,15268.55,15382.03,14117
2026-06-10T01:45:00+00:00,15382.03,15399.55,15320.04,15324.04,7730
2026-06-10T02:00:00+00:00,15324.04,15332.53,15286.55,15320.55,6125
2026-06-10T02:15:00+00:00,15320.55,15356.53,15282.03,15283.53,5845
2026-06-10T02:30:00+00:00,15283.53,15302.53,15237.53,15294.05,5027
2026-06-10T02:45:00+00:00,15294.05,15333.05,15264.53,15277.54,5017
2026-06-10T03:00:00+00:00,15277.54,15348.55,15271.55,15341.54,4848
2026-06-10T03:15:00+00:00,15341.54,15367.04,15323.53,15344.03,4842
2026-06-10T03:30:00+00:00,15344.03,15347.05,15316.05,15320.55,1360
2026-06-10T03:45:00+00:00,15320.55,15323.55,15315.53,15320.04,614
2026-06-10T04:00:00+00:00,15320.04,15321.05,15297.54,15298.05,303
2026-06-10T04:15:00+00:00,15298.05,15304.04,15294.53,15294.53,248
2026-06-10T04:30:00+00:00,15294.53,15294.53,15282.03,15282.53,307
2026-06-10T04:45:00+00:00,15282.53,15289.55,15278.53,15289.03,379
2026-06-10T05:00:00+00:00,15289.03,15289.03,15219.05,15261.04,8135
2026-06-10T05:15:00+00:00,15261.04,15285.05,15246.53,15283.05,4782
2026-06-10T05:30:00+00:00,15283.05,15304.04,15257.53,15275.55,4651
2026-06-10T05:45:00+00:00,15275.55,15296.54,15217.53,15293.03,3990
2026-06-10T06:00:00+00:00,15293.03,15329.04,15269.54,15282.04,4464
2026-06-10T06:15:00+00:00,15282.04,15316.54,15278.53,15309.03,3786
2026-06-10T06:30:00+00:00,15309.03,15326.54,15296.55,15310.55,3596
2026-06-10T06:45:00+00:00,15310.55,15326.05,15295.55,15316.55,2620
2026-06-10T07:00:00+00:00,15316.55,15318.05,15298.54,15303.53,1054
2026-06-10T07:15:00+00:00,15303.53,15314.55,15301.53,15307.55,323
2026-06-10T07:30:00+00:00,15307.55,15315.55,15304.53,15305.03,197
2026-06-10T07:45:00+00:00,15305.03,15312.55,15301.53,15309.04,257
2026-06-10T08:00:00+00:00,15309.04,15309.55,15291.55,15299.04,565
2026-06-10T08:15:00+00:00,15299.04,15303.53,15290.03,15295.04,546
2026-06-10T09:00:00+00:00,15295.04,15295.04,15254.54,15258.04,738
2026-06-10T09:15:00+00:00,15258.04,15274.04,15255.53,15273.54,844
2026-06-10T09:30:00+00:00,15273.54,15291.54,15272.55,15276.53,480
2026-06-10T09:45:00+00:00,15276.53,15284.04,15272.03,15283.53,370
2026-06-10T10:00:00+00:00,15283.53,15285.54,15271.03,15271.03,341
2026-06-10T10:15:00+00:00,15271.03,15273.53,15257.53,15272.04,605
2026-06-10T10:30:00+00:00,15272.04,15281.55,15269.55,15281.55,538
2026-06-10T10:45:00+00:00,15281.55,15292.55,15280.55,15288.54,636
2026-06-10T11:00:00+00:00,15288.54,15292.54,15247.53,15270.54,2321
2026-06-10T11:15:00+00:00,15270.54,15282.54,15248.54,15263.53,1677
2026-06-10T11:30:00+00:00,15263.53,15268.54,15256.54,15265.05,760
2026-06-10T11:45:00+00:00,15265.05,15279.54,15260.53,15273.55,539
2026-06-10T12:00:00+00:00,15273.55,15286.55,15271.53,15277.55,612
2026-06-10T12:15:00+00:00,15277.55,15289.55,15274.53,15289.05,564
2026-06-10T12:30:00+00:00,15289.05,15323.05,15287.55,15320.53,2995
2026-06-10T12:45:00+00:00,15320.53,15327.55,15307.55,15307.55,922
2026-06-10T13:00:00+00:00,15307.55,15319.55,15307.53,15317.53,585
2026-06-10T13:15:00+00:00,15317.53,15327.05,15314.03,15325.54,398
2026-06-10T13:30:00+00:00,15325.54,15371.05,15324.53,15371.03,2423
2026-06-10T13:45:00+00:00,15371.03,15373.55,15349.53,15351.55,1629
2026-06-10T14:00:00+00:00,15351.55,15370.55,15346.53,15362.55,1359
2026-06-10T14:15:00+00:00,15362.55,15374.55,15355.04,15365.55,1214
2026-06-10T14:30:00+00:00,15365.55,15371.05,15352.53,15352.54,1050
2026-06-10T14:45:00+00:00,15352.54,15358.05,15334.53,15343.55,1579
2026-06-10T15:00:00+00:00,15343.55,15349.55,15327.54,15328.53,1597
2026-06-10T15:15:00+00:00,15328.53,15338.55,15320.05,15328.53,1523
2026-06-10T15:30:00+00:00,15328.53,15336.55,15308.53,15320.54,1338
2026-06-10T15:45:00+00:00,15320.54,15336.54,15294.53,15333.04,3411
2026-06-10T16:00:00+00:00,15333.04,15339.55,15322.53,15324.54,1699
2026-06-10T16:15:00+00:00,15324.54,15329.55,15319.54,15323.55,1232
2026-06-10T16:30:00+00:00,15323.55,15335.54,15316.54,15319.53,1215
2026-06-10T16:45:00+00:00,15319.53,15319.55,15306.54,15310.53,1211
2026-06-10T17:00:00+00:00,15310.53,15319.55,15297.53,15299.55,1208
2026-06-10T17:15:00+00:00,15299.55,15305.55,15297.53,15303.53,1022
2026-06-10T17:30:00+00:00,15303.53,15304.55,15289.53,15290.55,897
2026-06-10T17:45:00+00:00,15290.55,15317.55,15289.54,15314.54,1774
2026-06-10T18:00:00+00:00,15314.54,15324.53,15310.53,15312.55,1084
2026-06-10T18:15:00+00:00,15312.55,15316.53,15302.03,15306.03,988
2026-06-10T18:30:00+00:00,15306.03,15306.04,15294.03,15296.53,921
2026-06-10T18:45:00+00:00,15296.53,15299.55,15289.53,15292.53,849.527130069621
2026-06-10T19:00:00+00:00,15292.53,15298.53,15287.53,15289.55,626
2026-06-10T19:15:00+00:00,15289.55,15290.54,15270.54,15274.53,652
2026-06-10T19:30:00+00:00,15274.53,15288.55,15272.53,15285.53,781
2026-06-10T19:45:00+00:00,15285.53,15291.03,15272.55,15282.05,1045
2026-06-10T20:00:00+00:00,15282.05,15283.55,15255.54,15255.54,485
2026-06-10T20:15:00+00:00,15255.54,15266.55,15253.05,15263.05,218.43642921550946
2026-06-10T20:30:00+00:00,15263.05,15263.05,15256.55,15261.05,115.42843279961184
2026-06-11T01:00:00+00:00,15261.05,15334.08,15261.05,15332.57,866.9939471753485
2026-06-11T01:15:00+00:00,15332.57,15338.58,15251.09,15327.08,2813
2026-06-11T01:30:00+00:00,15327.08,15380.08,15285.59,15366.07,7616
2026-06-11T01:45:00+00:00,15366.07,15383.58,15295.09,15318.57,4800
2026-06-11T02:00:00+00:00,15318.57,15320.09,15255.58,15274.58,4579
2026-06-11T02:15:00+00:00,15274.58,15280.09,15226.09,15243.59,4167
2026-06-11T02:30:00+00:00,15243.59,15248.07,15208.09,15213.58,3631
2026-06-11T02:45:00+00:00,15213.58,15262.09,15203.08,15253.57,3193
2026-06-11T03:00:00+00:00,15253.57,15253.59,15177.09,15201.09,4256
2026-06-11T03:15:00+00:00,15201.09,15216.07,15181.59,15207.09,5079
2026-06-11T03:30:00+00:00,15207.09,15253.57,15207.08,15243.57,1792
2026-06-11T03:45:00+00:00,15243.57,15250.09,15238.58,15243.59,695
2026-06-11T04:00:00+00:00,15243.59,15251.59,15238.59,15246.59,221
2026-06-11T04:15:00+00:00,15246.59,15256.07,15239.57,15255.08,250
2026-06-11T04:30:00+00:00,15255.08,15285.09,15254.59,15283.09,249
2026-06-11T04:45:00+00:00,15283.09,15284.59,15270.57,15278.09,194
2026-06-11T05:00:00+00:00,15278.09,15295.59,15227.57,15265.58,6826
2026-06-11T05:15:00+00:00,15265.58,15284.59,15213.57,15214.58,4489
2026-06-11T05:30:00+00:00,15214.58,15246.07,15203.07,15217.58,5871
2026-06-11T05:45:00+00:00,15217.58,15249.58,15207.59,15218.07,4269
2026-06-11T06:00:00+00:00,15218.07,15225.57,15153.09,15165.08,4500
2026-06-11T06:15:00+00:00,15165.08,15218.59,15156.07,15200.58,4812
2026-06-11T06:30:00+00:00,15200.58,15232.59,15200.08,15229.57,3778
2026-06-11T06:45:00+00:00,15229.57,15268.58,15226.57,15260.57,3169
2026-06-11T07:00:00+00:00,15260.57,15268.57,15248.58,15259.09,1128
2026-06-11T07:15:00+00:00,15259.09,15274.59,15253.57,15271.07,678
2026-06-11T07:30:00+00:00,15271.07,15276.08,15264.58,15274.57,366
2026-06-11T07:45:00+00:00,15274.57,15276.58,15264.59,15267.57,289
2026-06-11T08:00:00+00:00,15267.57,15281.08,15266.59,15279.07,520
2026-06-11T08:15:00+00:00,15279.07,15279.07,15267.58,15270.57,278
2026-06-11T09:00:00+00:00,15270.57,15274.58,15255.07,15265.08,343
2026-06-11T09:15:00+00:00,15265.08,15270.58,15256.08,15263.09,303
2026-06-11T09:30:00+00:00,15263.09,15266.07,15248.58,15259.09,279
2026-06-11T09:45:00+00:00,15259.09,15266.57,15255.57,15257.07,249
2026-06-11T10:00:00+00:00,15257.07,15263.07,15254.07,15259.58,199
2026-06-11T10:15:00+00:00,15259.58,15264.07,15254.58,15258.59,189
2026-06-11T10:30:00+00:00,15258.59,15266.57,15258.59,15265.59,131
2026-06-11T10:45:00+00:00,15265.59,15268.59,15263.08,15264.57,118
2026-06-11T11:00:00+00:00,15264.57,15268.09,15256.58,15265.07,287
2026-06-11T11:15:00+00:00,15265.07,15271.59,15259.59,15267.59,276
2026-06-11T11:30:00+00:00,15267.59,15280.07,15264.07,15268.59,542
2026-06-11T11:45:00+00:00,15268.59,15274.57,15265.08,15272.59,180
2026-06-11T12:00:00+00:00,15272.59,15274.58,15269.07,15270.07,148
2026-06-11T12:15:00+00:00,15270.07,15270.07,15224.57,15241.57,2078
2026-06-11T12:30:00+00:00,15241.57,15251.59,15226.57,15245.58,1266
2026-06-11T12:45:00+00:00,15245.58,15257.59,15240.57,15254.58,1023
2026-06-11T13:00:00+00:00,15254.58,15255.09,15241.57,15251.57,443
2026-06-11T13:15:00+00:00,15251.57,15251.59,15243.57,15246.07,253
2026-06-11T13:30:00+00:00,15246.07,15275.58,15246.07,15273.08,1529
2026-06-11T13:45:00+00:00,15273.08,15314.58,15271.57,15295.09,1931
2026-06-11T14:00:00+00:00,15295.09,15309.59,15285.57,15286.59,1339
2026-06-11T14:15:00+00:00,15286.59,15298.58,15274.58,15292.57,1529
2026-06-11T14:30:00+00:00,15292.57,15307.59,15286.57,15295.59,1146
2026-06-11T14:45:00+00:00,15295.59,15299.09,15272.58,15275.09,1101
2026-06-11T15:00:00+00:00,15275.09,15292.58,15265.57,15286.57,1403
2026-06-11T15:15:00+00:00,15286.57,15296.59,15282.58,15283.59,879
2026-06-11T15:30:00+00:00,15283.59,15296.58,15282.59,15290.57,870
2026-06-11T15:45:00+00:00,15290.57,15292.59,15281.57,15290.09,925
2026-06-11T16:00:00+00:00,15290.09,15303.59,15287.57,15302.57,777
2026-06-11T16:15:00+00:00,15302.57,15304.59,15285.07,15285.07,830
2026-06-11T16:30:00+00:00,15285.07,15298.58,15283.57,15291.58,792
2026-06-11T16:45:00+00:00,15291.58,15294.58,15278.09,15278.58,499
2026-06-11T17:00:00+00:00,15278.58,15284.57,15271.07,15273.09,859
2026-06-11T17:15:00+00:00,15273.09,15332.57,15261.58,15331.59,2096
2026-06-11T17:30:00+00:00,15331.59,15378.59,15330.59,15374.09,5603
2026-06-11T17:45:00+00:00,15374.09,15377.57,15355.57,15366.57,1691
2026-06-11T18:00:00+00:00,15366.57,15371.07,15342.57,15353.57,1404
2026-06-11T18:15:00+00:00,15353.57,15364.59,15346.58,15354.07,1296
2026-06-11T18:30:00+00:00,15354.07,15360.59,15350.58,15358.57,622
2026-06-11T18:45:00+00:00,15358.57,15370.59,15357.58,15363.09,512
2026-06-11T19:00:00+00:00,15363.09,15383.07,15362.57,15378.57,685
2026-06-11T19:15:00+00:00,15378.57,15386.09,15376.57,15382.08,410
2026-06-11T19:30:00+00:00,15382.08,15400.59,15382.08,15391.07,1003
2026-06-11T19:45:00+00:00,15391.07,15404.59,15383.58,15393.07,660
2026-06-11T20:00:00+00:00,15393.07,15396.59,15390.58,15395.58,166
2026-06-11T20:15:00+00:00,15395.58,15401.57,15395.58,15397.07,95
2026-06-11T20:30:00+00:00,15397.07,15397.09,15390.57,15391.57,50.614781519194594
2026-06-12T01:00:00+00:00,15391.57,15396.29,15334.79,15350.3,531.0466963151207
2026-06-12T01:15:00+00:00,15350.3,15390.79,15343.79,15372.31,2877
2026-06-12T01:30:00+00:00,15372.31,15392.79,15293.29,15336.81,13419
2026-06-12T01:45:00+00:00,15336.81,15433.8,15336.81,15433.79,7635
2026-06-12T02:00:00+00:00,15433.79,15463.29,15403.79,15457.3,5645
2026-06-12T02:15:00+00:00,15457.3,15458.81,15400.79,15420.81,4461
2026-06-12T02:30:00+00:00,15420.81,15475.81,15408.79,15475.29,4514
2026-06-12T02:45:00+00:00,15475.29,15534.8,15473.29,15533.31,4964
2026-06-12T03:00:00+00:00,15533.31,15577.81,15522.8,15548.29,5564
2026-06-12T03:15:00+00:00,15548.29,15560.81,15517.79,15548.79,4355
2026-06-12T03:30:00+00:00,15548.79,15551.3,15531.79,15542.81,932
2026-06-12T03:45:00+00:00,15542.81,15555.79,15533.31,15550.81,584
2026-06-12T04:00:00+00:00,15550.81,15550.81,15528.29,15531.31,316
2026-06-12T04:15:00+00:00,15531.31,15533.81,15526.29,15533.8,253
2026-06-12T04:30:00+00:00,15533.8,15542.79,15531.8,15540.3,163
2026-06-12T04:45:00+00:00,15540.3,15545.81,15538.81,15545.3,187
2026-06-12T05:00:00+00:00,15545.3,15624.3,15540.29,15622.8,5707
2026-06-12T05:15:00+00:00,15622.8,15704.81,15616.29,15670.3,5762
2026-06-12T05:30:00+00:00,15670.3,15673.81,15624.8,15655.8,5797
2026-06-12T05:45:00+00:00,15655.8,15662.81,15619.79,15635.8,3522
2026-06-12T06:00:00+00:00,15635.8,15655.29,15611.81,15653.79,3210
2026-06-12T06:15:00+00:00,15653.79,15663.79,15634.8,15648.3,2021
2026-06-12T06:30:00+00:00,15648.3,15653.81,15610.8,15620.79,2427
2026-06-12T06:45:00+00:00,15620.79,15633.81,15600.79,15631.29,2021
2026-06-12T07:00:00+00:00,15631.29,15632.8,15599.8,15601.81,808
2026-06-12T07:15:00+00:00,15601.81,15612.8,15599.8,15602.31,336
2026-06-12T07:30:00+00:00,15602.31,15607.81,15593.8,15605.8,433
2026-06-12T07:45:00+00:00,15605.8,15625.31,15596.81,15616.3,584
2026-06-12T08:00:00+00:00,15616.3,15634.8,15615.79,15627.81,563
2026-06-12T08:15:00+00:00,15627.81,15655.81,15623.79,15642.3,668
2026-06-12T09:00:00+00:00,15642.3,15642.3,15609.79,15622.81,539
2026-06-12T09:15:00+00:00,15622.81,15646.79,15611.8,15644.79,759
2026-06-12T09:30:00+00:00,15644.79,15665.81,15643.79,15651.8,387
2026-06-12T09:45:00+00:00,15651.8,15655.31,15642.81,15643.29,248
2026-06-12T10:00:00+00:00,15643.29,15655.8,15628.3,15631.29,322
2026-06-12T10:15:00+00:00,15631.29,15632.81,15604.79,15613.79,460
2026-06-12T10:30:00+00:00,15613.79,15626.31,15613.79,15615.31,318
2026-06-12T10:45:00+00:00,15615.31,15618.8,15611.31,15615.79,226
2026-06-12T11:00:00+00:00,15615.79,15618.81,15610.79,15616.8,223
2026-06-12T11:15:00+00:00,15616.8,15630.3,15616.8,15629.31,235
2026-06-12T11:30:00+00:00,15629.31,15641.31,15628.31,15638.8,346
2026-06-12T11:45:00+00:00,15638.8,15645.31,15631.8,15633.29,217
2026-06-12T12:00:00+00:00,15633.29,15635.8,15620.31,15621.79,294
2026-06-12T12:15:00+00:00,15621.79,15625.8,15617.79,15621.29,225
2026-06-12T12:30:00+00:00,15621.29,15625.3,15613.79,15614.29,264
2026-06-12T12:45:00+00:00,15614.29,15620.31,15605.8,15609.8,347
2026-06-12T13:00:00+00:00,15609.8,15625.8,15607.31,15618.8,301
2026-06-12T13:15:00+00:00,15618.8,15629.31,15618.79,15626.29,232
2026-06-12T13:30:00+00:00,15626.29,15640.8,15604.8,15605.8,2753
2026-06-12T13:45:00+00:00,15605.8,15624.31,15604.8,15622.8,1390
2026-06-12T14:00:00+00:00,15622.8,15652.79,15621.3,15638.81,1022
2026-06-12T14:15:00+00:00,15638.81,15646.8,15620.79,15624.81,823
2026-06-12T14:30:00+00:00,15624.81,15636.3,15617.8,15618.81,798
2026-06-12T14:45:00+00:00,15618.81,15650.81,15606.79,15650.79,1998
2026-06-12T15:00:00+00:00,15650.79,15659.31,15643.31,15654.8,759
2026-06-12T15:15:00+00:00,15654.8,15661.8,15647.79,15655.8,639
2026-06-12T15:30:00+00:00,15655.8,15660.81,15634.78,15635.29,796.9416744264793
2026-06-12T15:45:00+00:00,15635.29,15642.79,15615.78,15617.79,725
2026-06-12T16:00:00+00:00,15617.79,15641.78,15609.78,15631.79,1342
2026-06-12T16:15:00+00:00,15631.79,15641.79,15625.770000000002,15631.79,802
2026-06-12T16:30:00+00:00,15631.79,15640.79,15629.770000000002,15634.29,506
2026-06-12T16:45:00+00:00,15634.29,15641.29,15631.770000000002,15638.28,398
2026-06-12T17:00:00+00:00,15638.28,15649.78,15636.78,15642.770000000002,544
2026-06-12T17:15:00+00:00,15642.770000000002,15646.78,15638.770000000002,15641.29,317
2026-06-12T17:30:00+00:00,15641.29,15642.270000000002,15635.770000000002,15638.79,404
2026-06-12T17:45:00+00:00,15638.79,15640.79,15632.770000000002,15634.79,275
2026-06-12T18:00:00+00:00,15634.79,15645.29,15633.78,15638.78,402
2026-06-12T18:15:00+00:00,15638.78,15642.79,15633.79,15642.770000000002,387
2026-06-12T18:30:00+00:00,15642.770000000002,15646.79,15641.78,15645.78,266
2026-06-12T18:45:00+00:00,15645.78,15647.29,15638.770000000002,15639.29,258
2026-06-12T19:00:00+00:00,15639.29,15648.79,15639.29,15645.78,176
2026-06-12T19:15:00+00:00,15645.78,15646.78,15642.770000000002,15642.770000000002,158
2026-06-12T19:30:00+00:00,15642.770000000002,15644.79,15633.770000000002,15636.78,343
2026-06-12T19:45:00+00:00,15636.78,15637.79,15631.29,15635.78,283
2026-06-12T20:00:00+00:00,15635.78,15638.79,15632.29,15638.79,94.75711449371278
2026-06-12T20:15:00+00:00,15638.79,15639.770000000002,15635.770000000002,15636.28,39
2026-06-12T20:30:00+00:00,15636.28,15636.78,15633.78,15635.770000000002,46.43606162757059
2026-06-15T01:00:00+00:00,15635.770000000002,15802.420000000002,15633.270000000002,15765.420000000002,1925.444087591241
2026-06-15T01:15:00+00:00,15765.420000000002,15806.930000000002,15753.420000000002,15771.930000000002,3339
2026-06-15T01:30:00+00:00,15771.930000000002,15771.930000000002,15678.920000000002,15754.44,14752
2026-06-15T01:45:00+00:00,15754.44,15815.430000000002,15748.930000000002,15761.430000000002,8159
2026-06-15T02:00:00+00:00,15761.430000000002,15820.44,15742.420000000002,15807.430000000002,6267
2026-06-15T02:15:00+00:00,15807.430000000002,15810.430000000002,15759.430000000002,15790.920000000002,5514
2026-06-15T02:30:00+00:00,15790.920000000002,15793.930000000002,15757.44,15764.44,5616
2026-06-15T02:45:00+00:00,15764.44,15773.44,15708.430000000002,15738.430000000002,4069
2026-06-15T03:00:00+00:00,15738.430000000002,15758.430000000002,15709.920000000002,15747.420000000002,3803
2026-06-15T03:15:00+00:00,15747.420000000002,15766.430000000002,15735.420000000002,15753.94,3638
2026-06-15T03:30:00+00:00,15753.94,15766.44,15741.420000000002,15747.430000000002,552
2026-06-15T03:45:00+00:00,15747.430000000002,15751.44,15744.430000000002,15748.44,305
2026-06-15T04:00:00+00:00,15748.44,15775.44,15740.920000000002,15764.94,469
2026-06-15T04:15:00+00:00,15764.94,15764.94,15754.94,15760.930000000002,252
2026-06-15T04:30:00+00:00,15760.930000000002,15770.44,15759.920000000002,15765.44,229
2026-06-15T04:45:00+00:00,15765.44,15766.44,15750.44,15754.920000000002,181
2026-06-15T05:00:00+00:00,15754.920000000002,15774.44,15704.430000000002,15727.430000000002,4783
2026-06-15T05:15:00+00:00,15727.430000000002,15747.44,15717.930000000002,15746.44,3379
2026-06-15T05:30:00+00:00,15746.44,15796.44,15740.930000000002,15793.420000000002,2861
2026-06-15T05:45:00+00:00,15793.420000000002,15802.44,15758.420000000002,15771.94,2546
2026-06-15T06:00:00+00:00,15771.94,15786.44,15745.44,15752.420000000002,2758
2026-06-15T06:15:00+00:00,15752.420000000002,15759.420000000002,15744.430000000002,15752.44,2224
2026-06-15T06:30:00+00:00,15752.44,15795.44,15749.430000000002,15791.420000000002,2350
2026-06-15T06:45:00+00:00,15791.420000000002,15837.930000000002,15784.920000000002,15826.920000000002,2196
2026-06-15T07:00:00+00:00,15826.920000000002,15844.420000000002,15825.44,15836.420000000002,864
2026-06-15T07:15:00+00:00,15836.420000000002,15843.44,15833.920000000002,15837.930000000002,304
2026-06-15T07:30:00+00:00,15837.930000000002,15838.94,15825.44,15827.430000000002,338
2026-06-15T07:45:00+00:00,15827.430000000002,15829.930000000002,15818.44,15819.930000000002,206
2026-06-15T08:00:00+00:00,15819.930000000002,15827.44,15817.420000000002,15825.430000000002,418
2026-06-15T08:15:00+00:00,15825.430000000002,15831.44,15823.430000000002,15829.430000000002,430
2026-06-15T09:00:00+00:00,15829.430000000002,15847.44,15821.920000000002,15839.430000000002,420
2026-06-15T09:15:00+00:00,15839.430000000002,15841.94,15817.420000000002,15828.430000000002,400
2026-06-15T09:30:00+00:00,15828.430000000002,15833.430000000002,15821.94,15831.430000000002,152
2026-06-15T09:45:00+00:00,15831.430000000002,15841.44,15831.420000000002,15836.430000000002,124.73560155769624
2026-06-15T10:00:00+00:00,15836.430000000002,15840.420000000002,15833.420000000002,15833.420000000002,121
2026-06-15T10:15:00+00:00,15833.420000000002,15844.430000000002,15830.430000000002,15841.94,150
2026-06-15T10:30:00+00:00,15841.94,15842.420000000002,15831.430000000002,15833.44,158
2026-06-15T10:45:00+00:00,15833.44,15842.420000000002,15833.420000000002,15838.420000000002,156
2026-06-15T11:00:00+00:00,15838.420000000002,15850.44,15837.920000000002,15844.920000000002,231
2026-06-15T11:15:00+00:00,15844.920000000002,15853.430000000002,15844.420000000002,15849.44,165
2026-06-15T11:30:00+00:00,15849.44,15851.44,15840.930000000002,15843.430000000002,171
2026-06-15T11:45:00+00:00,15843.430000000002,15853.420000000002,15843.420000000002,15850.430000000002,229
2026-06-15T12:00:00+00:00,15850.430000000002,15858.94,15849.420000000002,15853.44,221
2026-06-15T12:15:00+00:00,15853.44,15853.94,15830.44,15837.930000000002,361
2026-06-15T12:30:00+00:00,15837.930000000002,15857.44,15837.420000000002,15856.920000000002,323
2026-06-15T12:45:00+00:00,15856.920000000002,15862.44,15855.430000000002,15861.430000000002,243
2026-06-15T13:00:00+00:00,15861.430000000002,15861.430000000002,15853.420000000002,15859.930000000002,203.82596685082873
2026-06-15T13:15:00+00:00,15859.930000000002,15863.430000000002,15857.420000000002,15857.930000000002,216
2026-06-15T13:30:00+00:00,15857.930000000002,15864.94,15843.420000000002,15848.94,795
2026-06-15T13:45:00+00:00,15848.94,15856.44,15845.44,15846.44,497
2026-06-15T14:00:00+00:00,15846.44,15849.44,15832.420000000002,15834.420000000002,604
2026-06-15T14:15:00+00:00,15834.420000000002,15851.44,15832.420000000002,15847.930000000002,500
2026-06-15T14:30:00+00:00,15847.930000000002,15851.420000000002,15831.430000000002,15831.920000000002,484
2026-06-15T14:45:00+00:00,15831.920000000002,15843.430000000002,15831.430000000002,15836.44,343
2026-06-15T15:00:00+00:00,15836.44,15840.44,15834.930000000002,15836.420000000002,235
2026-06-15T15:15:00+00:00,15836.420000000002,15846.44,15836.420000000002,15846.44,207
2026-06-15T15:30:00+00:00,15846.44,15858.44,15838.420000000002,15850.420000000002,422
2026-06-15T15:45:00+00:00,15850.420000000002,15854.94,15848.420000000002,15851.44,177
2026-06-15T16:00:00+00:00,15851.44,15853.44,15848.430000000002,15848.94,182
2026-06-15T16:15:00+00:00,15848.94,15851.420000000002,15847.420000000002,15851.420000000002,159
2026-06-15T16:30:00+00:00,15851.420000000002,15852.44,15845.420000000002,15847.44,197
2026-06-15T16:45:00+00:00,15847.44,15848.44,15842.420000000002,15845.430000000002,165
2026-06-15T17:00:00+00:00,15845.430000000002,15846.44,15839.420000000002,15842.44,236
2026-06-15T17:15:00+00:00,15842.44,15846.44,15841.420000000002,15844.420000000002,144
2026-06-15T17:30:00+00:00,15844.420000000002,15845.44,15841.420000000002,15841.430000000002,149
2026-06-15T17:45:00+00:00,15841.430000000002,15842.430000000002,15837.420000000002,15838.94,122
2026-06-15T18:00:00+00:00,15838.94,15839.44,15835.420000000002,15838.420000000002,151
2026-06-15T18:15:00+00:00,15838.420000000002,15841.44,15835.420000000002,15835.44,117
2026-06-15T18:30:00+00:00,15835.44,15839.44,15832.920000000002,15837.420000000002,122.87173396674584
2026-06-15T18:45:00+00:00,15837.420000000002,15841.94,15836.420000000002,15838.44,91
2026-06-15T19:00:00+00:00,15838.44,15841.420000000002,15837.420000000002,15841.420000000002,94
2026-06-15T19:15:00+00:00,15841.420000000002,15847.430000000002,15839.94,15840.430000000002,139.66793893129773
2026-06-15T19:30:00+00:00,15840.430000000002,15844.430000000002,15839.420000000002,15842.920000000002,122
2026-06-15T19:45:00+00:00,15842.920000000002,15845.44,15841.420000000002,15844.430000000002,265
2026-06-15T20:00:00+00:00,15844.430000000002,15847.44,15843.420000000002,15843.44,62.71819960861057
2026-06-15T20:15:00+00:00,15843.44,15843.94,15838.44,15838.44,27.721442885771545
2026-06-15T20:30:00+00:00,15838.44,15839.94,15836.44,15839.94,44.654240816053616
2026-06-16T01:00:00+00:00,15839.94,15865.510000000002,15820.500000000002,15860.490000000002,554.8959505061868
2026-06-16T01:15:00+00:00,15860.490000000002,15870.510000000002,15819.510000000002,15849.990000000002,2269
2026-06-16T01:30:00+00:00,15849.990000000002,15850.510000000002,15748.000000000002,15776.510000000002,7872
2026-06-16T01:45:00+00:00,15776.510000000002,15802.510000000002,15743.990000000002,15760.500000000002,4377
2026-06-16T02:00:00+00:00,15760.500000000002,15800.510000000002,15735.490000000002,15796.500000000002,3790
2026-06-16T02:15:00+00:00,15796.500000000002,15798.010000000002,15753.510000000002,15767.490000000002,2601
2026-06-16T02:30:00+00:00,15767.490000000002,15815.010000000002,15758.990000000002,15805.510000000002,2791
2026-06-16T02:45:00+00:00,15805.510000000002,15821.010000000002,15762.490000000002,15767.990000000002,3715
2026-06-16T03:00:00+00:00,15767.990000000002,15783.990000000002,15758.010000000002,15774.010000000002,3236
2026-06-16T03:15:00+00:00,15774.010000000002,15788.010000000002,15766.000000000002,15771.510000000002,3595
2026-06-16T03:30:00+00:00,15771.510000000002,15794.510000000002,15771.000000000002,15789.500000000002,403
2026-06-16T03:45:00+00:00,15789.500000000002,15793.010000000002,15780.490000000002,15781.010000000002,275
2026-06-16T04:00:00+00:00,15781.010000000002,15786.010000000002,15779.990000000002,15782.990000000002,115.88733142189656
2026-06-16T04:15:00+00:00,15782.990000000002,15790.010000000002,15782.990000000002,15786.990000000002,181
2026-06-16T04:30:00+00:00,15786.990000000002,15787.000000000002,15776.000000000002,15782.490000000002,98
2026-06-16T04:45:00+00:00,15782.490000000002,15782.490000000002,15771.490000000002,15773.510000000002,124.91580035609672
2026-06-16T05:00:00+00:00,15773.510000000002,15802.010000000002,15754.000000000002,15754.510000000002,3814
2026-06-16T05:15:00+00:00,15754.510000000002,15758.510000000002,15734.000000000002,15742.000000000002,3403
2026-06-16T05:30:00+00:00,15742.000000000002,15752.000000000002,15689.010000000002,15708.510000000002,3673
2026-06-16T05:45:00+00:00,15708.510000000002,15734.500000000002,15704.510000000002,15728.000000000002,2612
2026-06-16T06:00:00+00:00,15728.000000000002,15747.010000000002,15710.990000000002,15743.510000000002,2601
2026-06-16T06:15:00+00:00,15743.510000000002,15755.010000000002,15721.990000000002,15732.010000000002,1907
2026-06-16T06:30:00+00:00,15732.010000000002,15737.510000000002,15700.010000000002,15705.510000000002,2315
2026-06-16T06:45:00+00:00,15705.510000000002,15709.510000000002,15696.990000000002,15704.010000000002,2410
2026-06-16T07:00:00+00:00,15704.010000000002,15712.010000000002,15701.990000000002,15706.510000000002,298
2026-06-16T07:15:00+00:00,15706.510000000002,15716.990000000002,15705.990000000002,15716.000000000002,163
2026-06-16T07:30:00+00:00,15716.000000000002,15719.510000000002,15709.990000000002,15717.000000000002,154
2026-06-16T07:45:00+00:00,15717.000000000002,15724.010000000002,15717.000000000002,15721.000000000002,145
2026-06-16T08:00:00+00:00,15721.000000000002,15727.510000000002,15714.490000000002,15725.490000000002,223.73300856446923
2026-06-16T08:15:00+00:00,15725.490000000002,15726.510000000002,15717.990000000002,15726.510000000002,294
2026-06-16T09:00:00+00:00,15726.510000000002,15735.000000000002,15725.990000000002,15725.990000000002,156
2026-06-16T09:15:00+00:00,15725.990000000002,15728.010000000002,15718.990000000002,15721.490000000002,177
2026-06-16T09:30:00+00:00,15721.490000000002,15724.010000000002,15717.990000000002,15719.490000000002,104
2026-06-16T09:45:00+00:00,15719.490000000002,15722.010000000002,15717.010000000002,15720.990000000002,97
2026-06-16T10:00:00+00:00,15720.990000000002,15721.500000000002,15714.490000000002,15716.500000000002,177
2026-06-16T10:15:00+00:00,15716.500000000002,15722.510000000002,15715.000000000002,15721.010000000002,146
2026-06-16T10:30:00+00:00,15721.010000000002,15722.010000000002,15717.990000000002,15720.010000000002,89.28324099722991
2026-06-16T10:45:00+00:00,15720.010000000002,15721.000000000002,15716.990000000002,15721.000000000002,113
2026-06-16T11:00:00+00:00,15721.000000000002,15721.000000000002,15711.990000000002,15714.500000000002,132
2026-06-16T11:15:00+00:00,15714.500000000002,15715.000000000002,15711.990000000002,15711.990000000002,89
2026-06-16T11:30:00+00:00,15711.990000000002,15713.000000000002,15707.490000000002,15709.010000000002,88
2026-06-16T11:45:00+00:00,15709.010000000002,15711.010000000002,15705.990000000002,15708.000000000002,81
2026-06-16T12:00:00+00:00,15708.000000000002,15718.010000000002,15706.490000000002,15716.010000000002,114
2026-06-16T12:15:00+00:00,15716.010000000002,15716.510000000002,15712.010000000002,15714.490000000002,153
2026-06-16T12:30:00+00:00,15714.490000000002,15729.000000000002,15714.490000000002,15725.490000000002,249
2026-06-16T12:45:00+00:00,15725.490000000002,15731.010000000002,15722.990000000002,15726.990000000002,137.22044960116025
2026-06-16T13:00:00+00:00,15726.990000000002,15729.010000000002,15724.010000000002,15725.510000000002,128.23861171366593
2026-06-16T13:15:00+00:00,15725.510000000002,15726.010000000002,15717.510000000002,15721.000000000002,135
2026-06-16T13:30:00+00:00,15721.000000000002,15740.010000000002,15720.990000000002,15735.990000000002,624
2026-06-16T13:45:00+00:00,15735.990000000002,15741.010000000002,15732.490000000002,15734.000000000002,260
2026-06-16T14:00:00+00:00,15734.000000000002,15741.010000000002,15732.990000000002,15734.000000000002,297
2026-06-16T14:15:00+00:00,15734.000000000002,15734.010000000002,15705.490000000002,15705.490000000002,481
2026-06-16T14:30:00+00:00,15705.490000000002,15712.010000000002,15692.990000000002,15708.500000000002,570
2026-06-16T14:45:00+00:00,15708.500000000002,15711.010000000002,15699.990000000002,15702.990000000002,440
2026-06-16T15:00:00+00:00,15702.990000000002,15714.000000000002,15702.990000000002,15707.510000000002,399
2026-06-16T15:15:00+00:00,15707.510000000002,15711.500000000002,15694.990000000002,15699.990000000002,460
2026-06-16T15:30:00+00:00,15699.990000000002,15707.010000000002,15696.990000000002,15699.000000000002,432
2026-06-16T15:45:00+00:00,15699.000000000002,15711.010000000002,15690.990000000002,15703.990000000002,539
2026-06-16T16:00:00+00:00,15703.990000000002,15712.010000000002,15703.990000000002,15710.510000000002,283
2026-06-16T16:15:00+00:00,15710.510000000002,15713.010000000002,15707.990000000002,15709.500000000002,255
2026-06-16T16:30:00+00:00,15709.500000000002,15711.010000000002,15701.000000000002,15706.000000000002,237
2026-06-16T16:45:00+00:00,15706.000000000002,15708.010000000002,15699.490000000002,15701.510000000002,178
2026-06-16T17:00:00+00:00,15701.510000000002,15704.500000000002,15699.510000000002,15702.490000000002,203
2026-06-16T17:15:00+00:00,15702.490000000002,15704.510000000002,15694.010000000002,15699.510000000002,224
2026-06-16T17:30:00+00:00,15699.510000000002,15699.990000000002,15694.500000000002,15698.010000000002,157
2026-06-16T17:45:00+00:00,15698.010000000002,15708.010000000002,15695.990000000002,15704.000000000002,147
2026-06-16T18:00:00+00:00,15704.000000000002,15708.010000000002,15703.990000000002,15706.010000000002,134
2026-06-16T18:15:00+00:00,15706.010000000002,15708.010000000002,15704.000000000002,15706.990000000002,128
2026-06-16T18:30:00+00:00,15706.990000000002,15707.000000000002,15702.990000000002,15705.510000000002,116
2026-06-16T18:45:00+00:00,15705.510000000002,15706.010000000002,15700.490000000002,15703.510000000002,108
2026-06-16T19:00:00+00:00,15703.510000000002,15704.010000000002,15692.990000000002,15693.990000000002,129
2026-06-16T19:15:00+00:00,15693.990000000002,15701.010000000002,15690.000000000002,15700.490000000002,162.53592652620205
2026-06-16T19:30:00+00:00,15700.490000000002,15703.000000000002,15692.490000000002,15697.010000000002,204
2026-06-16T19:45:00+00:00,15697.010000000002,15700.000000000002,15690.000000000002,15697.510000000002,292
2026-06-16T20:00:00+00:00,15697.510000000002,15698.010000000002,15694.010000000002,15696.490000000002,55.54082223508975
2026-06-16T20:15:00+00:00,15696.490000000002,15696.500000000002,15691.990000000002,15693.510000000002,33.480757097791795
2026-06-16T20:30:00+00:00,15693.510000000002,15695.010000000002,15692.500000000002,15694.990000000002,26.485748955652788
2026-06-17T01:00:00+00:00,15694.990000000002,15710.050000000001,15690.03,15703.54,353.65076035658103
2026-06-17T01:15:00+00:00,15703.54,15709.04,15658.03,15682.53,2152
2026-06-17T01:30:00+00:00,15682.53,15698.050000000001,15606.03,15624.04,9585
2026-06-17T01:45:00+00:00,15624.04,15639.03,15603.050000000001,15611.53,5546
2026-06-17T02:00:00+00:00,15611.53,15644.550000000001,15604.53,15628.04,4833
2026-06-17T02:15:00+00:00,15628.04,15639.050000000001,15603.03,15625.550000000001,4100
2026-06-17T02:30:00+00:00,15625.550000000001,15644.550000000001,15593.03,15601.04,4325
2026-06-17T02:45:00+00:00,15601.04,15609.050000000001,15577.04,15592.050000000001,3701
2026-06-17T03:00:00+00:00,15592.050000000001,15608.050000000001,15571.050000000001,15578.54,3422
2026-06-17T03:15:00+00:00,15578.54,15599.050000000001,15566.03,15579.050000000001,3676
2026-06-17T03:30:00+00:00,15579.050000000001,15604.54,15579.04,15591.03,590
2026-06-17T03:45:00+00:00,15591.03,15607.050000000001,15585.54,15600.54,300
2026-06-17T04:00:00+00:00,15600.54,15601.050000000001,15589.04,15591.04,116
2026-06-17T04:15:00+00:00,15591.04,15591.04,15583.03,15586.03,145
2026-06-17T04:30:00+00:00,15586.03,15589.050000000001,15577.54,15579.050000000001,255
2026-06-17T04:45:00+00:00,15579.050000000001,15590.54,15579.04,15586.53,209
2026-06-17T05:00:00+00:00,15586.53,15598.03,15546.03,15584.04,4457
2026-06-17T05:15:00+00:00,15584.04,15593.050000000001,15569.53,15582.550000000001,3369
2026-06-17T05:30:00+00:00,15582.550000000001,15642.04,15574.04,15610.550000000001,3458
2026-06-17T05:45:00+00:00,15610.550000000001,15632.03,15586.04,15596.550000000001,2767
2026-06-17T06:00:00+00:00,15596.550000000001,15603.550000000001,15574.03,15587.03,2135
2026-06-17T06:15:00+00:00,15587.03,15602.04,15577.03,15578.04,1632
2026-06-17T06:30:00+00:00,15578.04,15640.050000000001,15577.04,15639.050000000001,2395
2026-06-17T06:45:00+00:00,15639.050000000001,15684.03,15637.03,15681.550000000001,2359
2026-06-17T07:00:00+00:00,15681.550000000001,15682.050000000001,15665.04,15677.03,343
2026-06-17T07:15:00+00:00,15677.03,15678.050000000001,15665.050000000001,15671.550000000001,243
2026-06-17T07:30:00+00:00,15671.550000000001,15676.550000000001,15668.04,15669.050000000001,187
2026-06-17T07:45:00+00:00,15669.050000000001,15670.04,15660.03,15662.04,187
2026-06-17T08:00:00+00:00,15662.04,15669.050000000001,15660.04,15663.54,450
2026-06-17T08:15:00+00:00,15663.54,15665.050000000001,15649.53,15659.53,444
2026-06-17T09:00:00+00:00,15659.53,15659.53,15646.53,15657.050000000001,161
2026-06-17T09:15:00+00:00,15657.050000000001,15664.550000000001,15656.050000000001,15662.03,196
2026-06-17T09:30:00+00:00,15662.03,15663.54,15654.03,15657.550000000001,153
2026-06-17T09:45:00+00:00,15657.550000000001,15660.050000000001,15652.050000000001,15656.03,148.50298393267025
2026-06-17T10:00:00+00:00,15656.03,15658.04,15647.03,15650.050000000001,180
2026-06-17T10:15:00+00:00,15650.050000000001,15654.04,15648.04,15652.04,123
2026-06-17T10:30:00+00:00,15652.04,15652.050000000001,15640.03,15648.050000000001,116
2026-06-17T10:45:00+00:00,15648.050000000001,15652.550000000001,15647.03,15649.03,129
2026-06-17T11:00:00+00:00,15649.03,15652.050000000001,15645.53,15647.04,84.80105263157895
2026-06-17T11:15:00+00:00,15647.04,15648.050000000001,15644.03,15646.050000000001,96
2026-06-17T11:30:00+00:00,15646.050000000001,15646.050000000001,15640.53,15641.04,98.74617067833698
2026-06-17T11:45:00+00:00,15641.04,15643.050000000001,15633.050000000001,15636.03,159
2026-06-17T12:00:00+00:00,15636.03,15648.050000000001,15636.03,15647.04,126.60729746444032
2026-06-17T12:15:00+00:00,15647.04,15652.050000000001,15646.03,15651.050000000001,101
2026-06-17T12:30:00+00:00,15651.050000000001,15661.04,15651.050000000001,15656.03,135
2026-06-17T12:45:00+00:00,15656.03,15659.04,15651.03,15652.550000000001,122
2026-06-17T13:00:00+00:00,15652.550000000001,15654.050000000001,15648.04,15649.03,135
2026-06-17T13:15:00+00:00,15649.03,15654.050000000001,15647.04,15648.04,149.44543429844097
2026-06-17T13:30:00+00:00,15648.04,15666.550000000001,15647.03,15662.04,711
2026-06-17T13:45:00+00:00,15662.04,15664.050000000001,15646.03,15646.050000000001,543
2026-06-17T14:00:00+00:00,15646.050000000001,15661.050000000001,15643.03,15660.54,705
2026-06-17T14:15:00+00:00,15660.54,15668.03,15653.53,15667.04,448
2026-06-17T14:30:00+00:00,15667.04,15669.04,15655.050000000001,15660.03,388
2026-06-17T14:45:00+00:00,15660.03,15662.050000000001,15635.03,15645.53,1390
2026-06-17T15:00:00+00:00,15645.53,15650.03,15643.03,15649.550000000001,390
2026-06-17T15:15:00+00:00,15649.550000000001,15655.050000000001,15646.03,15655.03,353
2026-06-17T15:30:00+00:00,15655.03,15660.050000000001,15651.03,15655.050000000001,249
2026-06-17T15:45:00+00:00,15655.050000000001,15658.04,15653.03,15653.03,161
2026-06-17T16:00:00+00:00,15653.03,15659.04,15650.03,15652.04,163
2026-06-17T16:15:00+00:00,15652.04,15655.050000000001,15649.04,15653.550000000001,122
2026-06-17T16:30:00+00:00,15653.550000000001,15654.550000000001,15650.050000000001,15652.04,112
2026-06-17T16:45:00+00:00,15652.04,15652.04,15646.03,15651.54,160
2026-06-17T17:00:00+00:00,15651.54,15651.54,15639.54,15646.03,254
2026-06-17T17:15:00+00:00,15646.03,15648.04,15642.03,15647.03,164
2026-06-17T17:30:00+00:00,15647.03,15653.04,15646.03,15650.050000000001,176
2026-06-17T17:45:00+00:00,15650.050000000001,15658.03,15649.04,15658.03,177
2026-06-17T18:00:00+00:00,15658.03,15658.03,15601.03,15609.53,2491
2026-06-17T18:15:00+00:00,15609.53,15622.04,15605.04,15610.53,963
2026-06-17T18:30:00+00:00,15610.53,15648.03,15606.53,15647.53,3204
2026-06-17T18:45:00+00:00,15647.53,15649.04,15610.53,15615.550000000001,1256.3422980212092
2026-06-17T19:00:00+00:00,15615.550000000001,15623.550000000001,15602.03,15616.54,1446
2026-06-17T19:15:00+00:00,15616.54,15617.53,15566.53,15567.54,1509
2026-06-17T19:30:00+00:00,15567.54,15575.550000000001,15549.03,15557.54,1993
2026-06-17T19:45:00+00:00,15557.54,15568.03,15544.03,15558.550000000001,1692
2026-06-17T20:00:00+00:00,15558.550000000001,15569.54,15553.53,15568.04,149
2026-06-17T20:15:00+00:00,15568.04,15579.54,15565.03,15577.53,102
2026-06-17T20:30:00+00:00,15577.53,15580.53,15575.03,15577.54,67
2026-06-18T01:00:00+00:00,15577.54,15639.310000000001,15577.54,15638.79,502.82268380723195
2026-06-18T01:15:00+00:00,15638.79,15638.79,15584.800000000001,15627.29,1745
2026-06-18T01:30:00+00:00,15627.29,15765.310000000001,15621.800000000001,15746.310000000001,12967
2026-06-18T01:45:00+00:00,15746.310000000001,15798.310000000001,15698.29,15795.29,8458
2026-06-18T02:00:00+00:00,15795.29,15827.300000000001,15748.29,15770.300000000001,8077
2026-06-18T02:15:00+00:00,15770.300000000001,15798.810000000001,15726.800000000001,15775.810000000001,6393
2026-06-18T02:30:00+00:00,15775.810000000001,15792.800000000001,15740.810000000001,15766.79,5619
2026-06-18T02:45:00+00:00,15766.79,15772.310000000001,15726.29,15732.29,4684
2026-06-18T03:00:00+00:00,15732.29,15743.810000000001,15671.300000000001,15679.79,5114
2026-06-18T03:15:00+00:00,15679.79,15732.300000000001,15678.29,15711.300000000001,3750
2026-06-18T03:30:00+00:00,15711.300000000001,15720.310000000001,15699.800000000001,15704.29,685
2026-06-18T03:45:00+00:00,15704.29,15722.310000000001,15704.29,15718.79,334
2026-06-18T04:00:00+00:00,15718.79,15721.310000000001,15710.29,15710.300000000001,124
2026-06-18T04:15:00+00:00,15710.300000000001,15712.300000000001,15704.29,15707.29,123
2026-06-18T04:30:00+00:00,15707.29,15708.29,15696.29,15696.310000000001,184.04810227149616
2026-06-18T04:45:00+00:00,15696.310000000001,15708.310000000001,15688.810000000001,15701.810000000001,395
2026-06-18T05:00:00+00:00,15701.810000000001,15775.800000000001,15692.29,15738.29,5831
2026-06-18T05:15:00+00:00,15738.29,15796.810000000001,15736.29,15788.79,4666
2026-06-18T05:30:00+00:00,15788.79,15822.300000000001,15760.810000000001,15766.810000000001,3950
2026-06-18T05:45:00+00:00,15766.810000000001,15778.310000000001,15739.29,15769.79,3792
2026-06-18T06:00:00+00:00,15769.79,15789.810000000001,15741.29,15777.310000000001,3632
2026-06-18T06:15:00+00:00,15777.310000000001,15793.800000000001,15769.300000000001,15787.300000000001,2939
2026-06-18T06:30:00+00:00,15787.300000000001,15814.310000000001,15730.29,15788.29,4215
2026-06-18T06:45:00+00:00,15788.29,15824.800000000001,15765.810000000001,15799.29,4696
2026-06-18T07:00:00+00:00,15799.29,15804.810000000001,15767.79,15771.300000000001,1604
2026-06-18T07:15:00+00:00,15771.300000000001,15780.810000000001,15764.310000000001,15778.79,867
2026-06-18T07:30:00+00:00,15778.79,15782.300000000001,15768.300000000001,15779.79,471
2026-06-18T07:45:00+00:00,15779.79,15799.310000000001,15779.29,15797.300000000001,484
2026-06-18T08:00:00+00:00,15797.300000000001,15826.300000000001,15797.300000000001,15815.800000000001,576
2026-06-18T08:15:00+00:00,15815.800000000001,15817.310000000001,15804.810000000001,15814.800000000001,660
2026-06-18T09:00:00+00:00,15814.800000000001,15814.800000000001,15756.79,15782.300000000001,377
2026-06-18T09:15:00+00:00,15782.300000000001,15797.800000000001,15782.300000000001,15785.79,222
2026-06-18T09:30:00+00:00,15785.79,15791.300000000001,15785.29,15787.800000000001,177
2026-06-18T09:45:00+00:00,15787.800000000001,15798.29,15787.79,15790.300000000001,148.75626720765106
2026-06-18T10:00:00+00:00,15790.300000000001,15790.300000000001,15781.29,15785.300000000001,137
2026-06-18T10:15:00+00:00,15785.300000000001,15790.310000000001,15782.29,15784.29,157
2026-06-18T10:30:00+00:00,15784.29,15787.310000000001,15771.300000000001,15771.800000000001,219
2026-06-18T10:45:00+00:00,15771.800000000001,15775.310000000001,15770.800000000001,15771.810000000001,92
2026-06-18T11:00:00+00:00,15771.810000000001,15783.300000000001,15767.300000000001,15772.29,353
2026-06-18T11:15:00+00:00,15772.29,15773.310000000001,15766.29,15769.300000000001,272
2026-06-18T11:30:00+00:00,15769.300000000001,15770.300000000001,15757.800000000001,15759.310000000001,164
2026-06-18T11:45:00+00:00,15759.310000000001,15764.310000000001,15757.29,15764.29,126
2026-06-18T12:00:00+00:00,15764.29,15788.300000000001,15763.29,15785.300000000001,205
2026-06-18T12:15:00+00:00,15785.300000000001,15795.300000000001,15782.300000000001,15791.300000000001,211
2026-06-18T12:30:00+00:00,15791.300000000001,15801.310000000001,15790.29,15796.29,195
2026-06-18T12:45:00+00:00,15796.29,15802.310000000001,15795.29,15798.800000000001,191
2026-06-18T13:00:00+00:00,15798.800000000001,15800.300000000001,15793.29,15796.79,342
2026-06-18T13:15:00+00:00,15796.79,15804.300000000001,15791.79,15799.810000000001,389
2026-06-18T13:30:00+00:00,15799.810000000001,15810.29,15776.300000000001,15777.810000000001,1019
2026-06-18T13:45:00+00:00,15777.810000000001,15791.310000000001,15757.29,15765.800000000001,853
2026-06-18T14:00:00+00:00,15765.800000000001,15782.800000000001,15762.310000000001,15770.310000000001,651
2026-06-18T14:15:00+00:00,15770.310000000001,15801.300000000001,15765.29,15787.79,543
2026-06-18T14:30:00+00:00,15787.79,15803.800000000001,15781.29,15794.29,499
2026-06-18T14:45:00+00:00,15794.29,15801.300000000001,15788.29,15796.300000000001,384
2026-06-18T15:00:00+00:00,15796.300000000001,15796.310000000001,15782.810000000001,15782.810000000001,464
2026-06-18T15:15:00+00:00,15782.810000000001,15785.300000000001,15772.300000000001,15774.29,430
2026-06-18T15:30:00+00:00,15774.29,15779.310000000001,15758.300000000001,15778.310000000001,569
2026-06-18T15:45:00+00:00,15778.310000000001,15786.29,15774.79,15780.300000000001,280
2026-06-18T16:00:00+00:00,15780.300000000001,15787.300000000001,15780.29,15784.300000000001,269
2026-06-18T16:15:00+00:00,15784.300000000001,15793.310000000001,15783.29,15790.79,216
2026-06-18T16:30:00+00:00,15790.79,15797.310000000001,15787.300000000001,15794.79,200
2026-06-18T16:45:00+00:00,15794.79,15795.300000000001,15783.29,15790.310000000001,218
2026-06-18T17:00:00+00:00,15790.310000000001,15797.310000000001,15786.310000000001,15793.300000000001,175
2026-06-18T17:15:00+00:00,15793.300000000001,15797.300000000001,15789.310000000001,15790.310000000001,115
2026-06-18T17:30:00+00:00,15790.310000000001,15793.310000000001,15788.29,15790.810000000001,131
2026-06-18T17:45:00+00:00,15790.810000000001,15791.300000000001,15786.300000000001,15787.310000000001,116
2026-06-18T18:00:00+00:00,15787.310000000001,15792.300000000001,15784.300000000001,15789.810000000001,129
2026-06-18T18:15:00+00:00,15789.810000000001,15791.310000000001,15784.310000000001,15786.29,148
2026-06-18T18:30:00+00:00,15786.29,15786.29,15781.29,15782.310000000001,110
2026-06-18T18:45:00+00:00,15782.310000000001,15784.310000000001,15779.29,15780.810000000001,120
2026-06-18T19:00:00+00:00,15780.810000000001,15781.310000000001,15762.79,15768.79,132
2026-06-18T19:15:00+00:00,15768.79,15777.29,15765.300000000001,15775.300000000001,202
2026-06-18T19:30:00+00:00,15775.300000000001,15787.300000000001,15771.79,15785.300000000001,198
2026-06-18T19:45:00+00:00,15785.300000000001,15794.300000000001,15784.79,15787.310000000001,271
2026-06-18T20:00:00+00:00,15787.310000000001,15789.310000000001,15782.79,15789.29,153.6568
2026-06-18T20:15:00+00:00,15789.29,15790.810000000001,15783.29,15783.300000000001,56.318663406682965
2026-06-18T20:30:00+00:00,15783.300000000001,15783.310000000001,15776.800000000001,15776.800000000001,72
2026-06-19T01:00:00+00:00,15776.800000000001,15776.800000000001,15718.19,15743.69,573.9942558746736
2026-06-19T01:15:00+00:00,15743.69,15757.19,15743.180000000002,15752.170000000002,433
2026-06-19T01:30:00+00:00,15752.170000000002,15768.19,15729.69,15740.19,856
2026-06-19T01:45:00+00:00,15740.19,15761.19,15737.680000000002,15739.180000000002,545
2026-06-19T02:00:00+00:00,15739.180000000002,15753.180000000002,15728.670000000002,15742.180000000002,737
2026-06-19T02:15:00+00:00,15742.180000000002,15768.180000000002,15740.170000000002,15763.19,436
2026-06-19T02:30:00+00:00,15763.19,15790.180000000002,15762.170000000002,15781.170000000002,459
2026-06-19T02:45:00+00:00,15781.170000000002,15782.69,15773.180000000002,15778.670000000002,271
2026-06-19T03:00:00+00:00,15778.670000000002,15786.19,15774.680000000002,15775.670000000002,297
2026-06-19T03:15:00+00:00,15775.670000000002,15775.670000000002,15754.680000000002,15758.170000000002,405
2026-06-19T03:30:00+00:00,15758.170000000002,15768.180000000002,15749.170000000002,15756.680000000002,353
2026-06-19T03:45:00+00:00,15756.680000000002,15765.69,15744.170000000002,15748.19,380
2026-06-19T04:00:00+00:00,15748.19,15753.19,15731.670000000002,15745.180000000002,378
2026-06-19T04:15:00+00:00,15745.180000000002,15749.69,15740.170000000002,15744.170000000002,172
2026-06-19T04:30:00+00:00,15744.170000000002,15744.180000000002,15730.170000000002,15730.670000000002,198
2026-06-19T04:45:00+00:00,15730.670000000002,15732.180000000002,15717.680000000002,15730.670000000002,399
2026-06-19T05:00:00+00:00,15730.670000000002,15739.19,15721.19,15731.680000000002,462
2026-06-19T05:15:00+00:00,15731.680000000002,15744.180000000002,15729.170000000002,15741.69,284
2026-06-19T05:30:00+00:00,15741.69,15755.670000000002,15736.170000000002,15749.680000000002,344
2026-06-19T05:45:00+00:00,15749.680000000002,15765.19,15748.670000000002,15765.170000000002,275
2026-06-19T06:00:00+00:00,15765.170000000002,15773.19,15762.170000000002,15770.19,286
2026-06-19T06:15:00+00:00,15770.19,15773.19,15764.170000000002,15768.19,322
2026-06-19T06:30:00+00:00,15768.19,15778.170000000002,15768.19,15777.170000000002,179
2026-06-19T06:45:00+00:00,15777.170000000002,15793.19,15774.69,15782.180000000002,225
2026-06-19T07:00:00+00:00,15782.180000000002,15796.180000000002,15776.170000000002,15778.170000000002,225
2026-06-19T07:15:00+00:00,15778.170000000002,15780.180000000002,15771.170000000002,15774.170000000002,215
2026-06-19T07:30:00+00:00,15774.170000000002,15778.180000000002,15770.670000000002,15775.19,153
2026-06-19T07:45:00+00:00,15775.19,15781.19,15772.170000000002,15776.680000000002,164
2026-06-19T08:00:00+00:00,15776.680000000002,15785.69,15776.680000000002,15784.670000000002,217
2026-06-19T08:15:00+00:00,15784.670000000002,15790.19,15783.19,15788.19,139
2026-06-19T09:00:00+00:00,15788.19,15788.19,15776.69,15779.680000000002,202.0116129032258
2026-06-19T09:15:00+00:00,15779.680000000002,15783.19,15778.670000000002,15780.670000000002,108.96421197522368
2026-06-19T09:30:00+00:00,15780.670000000002,15789.680000000002,15780.670000000002,15786.180000000002,142
2026-06-19T09:45:00+00:00,15786.180000000002,15792.19,15784.670000000002,15789.69,192
2026-06-19T10:00:00+00:00,15789.69,15789.69,15782.170000000002,15784.19,104
2026-06-19T10:15:00+00:00,15784.19,15784.19,15777.19,15777.19,104
2026-06-19T10:30:00+00:00,15777.19,15777.19,15768.19,15771.69,194
2026-06-19T10:45:00+00:00,15771.69,15772.680000000002,15763.670000000002,15764.170000000002,151
2026-06-19T11:00:00+00:00,15764.170000000002,15766.19,15759.180000000002,15766.19,146
2026-06-19T11:15:00+00:00,15766.19,15767.680000000002,15760.170000000002,15761.680000000002,58.87102633969119
2026-06-19T11:30:00+00:00,15761.680000000002,15764.170000000002,15758.670000000002,15763.670000000002,57
2026-06-19T11:45:00+00:00,15763.670000000002,15769.19,15759.170000000002,15764.170000000002,73
2026-06-19T12:00:00+00:00,15764.170000000002,15771.180000000002,15762.670000000002,15766.69,81
2026-06-19T12:15:00+00:00,15766.69,15766.69,15762.670000000002,15766.170000000002,51.83463687150838
2026-06-19T12:30:00+00:00,15766.170000000002,15766.170000000002,15756.170000000002,15763.680000000002,123.6514423076923
2026-06-19T12:45:00+00:00,15763.680000000002,15795.180000000002,15763.170000000002,15785.170000000002,281
2026-06-19T13:00:00+00:00,15785.170000000002,15789.170000000002,15777.170000000002,15778.69,204
2026-06-19T13:15:00+00:00,15778.69,15780.19,15775.170000000002,15778.69,96
2026-06-19T13:30:00+00:00,15778.69,15781.170000000002,15775.170000000002,15775.170000000002,103.7487091222031
2026-06-19T13:45:00+00:00,15775.170000000002,15779.170000000002,15772.660000000002,15774.68,129
2026-06-19T14:00:00+00:00,15774.68,15774.68,15767.670000000002,15768.670000000002,72
2026-06-19T14:15:00+00:00,15768.670000000002,15770.68,15765.160000000002,15770.170000000002,58
2026-06-19T14:30:00+00:00,15770.170000000002,15776.660000000002,15768.160000000002,15775.68,47
2026-06-19T14:45:00+00:00,15775.68,15777.68,15774.170000000002,15776.160000000002,46
2026-06-19T15:00:00+00:00,15776.160000000002,15794.68,15775.660000000002,15785.68,103
2026-06-19T15:15:00+00:00,15785.68,15785.68,15777.68,15781.68,100.54198473282443
2026-06-19T15:30:00+00:00,15781.68,15781.68,15769.660000000002,15769.660000000002,120
2026-06-19T15:45:00+00:00,15769.660000000002,15775.170000000002,15768.660000000002,15775.160000000002,56.28305068477014
2026-06-19T16:00:00+00:00,15775.160000000002,15777.68,15773.68,15776.68,60.084566596194506
2026-06-19T16:15:00+00:00,15776.68,15788.68,15776.670000000002,15788.670000000002,83
2026-06-19T16:30:00+00:00,15788.670000000002,15790.68,15786.160000000002,15787.160000000002,76
2026-06-19T16:45:00+00:00,15787.160000000002,15788.18,15776.670000000002,15777.160000000002,99
2026-06-19T17:00:00+00:00,15777.160000000002,15782.660000000002,15775.660000000002,15780.68,35.4565698482847
2026-06-19T17:15:00+00:00,15780.68,15780.68,15778.660000000002,15779.18,27.857856080407736
2026-06-19T17:30:00+00:00,15779.18,15779.18,15774.160000000002,15777.160000000002,36.18748516000031
2026-06-19T17:45:00+00:00,15777.160000000002,15778.660000000002,15775.660000000002,15776.670000000002,34.28268198958725
2026-06-19T18:00:00+00:00,15776.670000000002,15777.18,15776.660000000002,15777.160000000002,30.973411634157465
2026-06-19T18:15:00+00:00,15777.160000000002,15779.18,15777.160000000002,15778.160000000002,39.06183529679564
2026-06-19T18:30:00+00:00,15778.160000000002,15782.660000000002,15776.18,15779.670000000002,37.52175874450535
2026-06-19T18:45:00+00:00,15779.670000000002,15780.68,15777.660000000002,15777.660000000002,33.975041066204014
2026-06-19T19:00:00+00:00,15777.660000000002,15779.68,15776.68,15777.68,28.44940279218782
2026-06-19T19:15:00+00:00,15777.68,15778.660000000002,15777.660000000002,15778.660000000002,47.7274587190723
2026-06-19T19:30:00+00:00,15778.660000000002,15779.18,15775.670000000002,15777.160000000002,48.34045194082162
2026-06-19T19:45:00+00:00,15777.160000000002,15777.160000000002,15774.660000000002,15775.170000000002,30.083923463490162
2026-06-19T20:00:00+00:00,15775.170000000002,15776.68,15775.170000000002,15776.660000000002,34.26173051059574
2026-06-19T20:15:00+00:00,15776.660000000002,15777.170000000002,15776.650000000001,15777.170000000002,42.59593532700144
2026-06-19T20:30:00+00:00,15777.170000000002,15777.18,15777.160000000002,15777.160000000002,29.09427008996507
2026-06-22T01:00:00+00:00,15777.160000000002,15848.86,15777.160000000002,15834.85,511.5744680851064
2026-06-22T01:15:00+00:00,15834.85,15837.340000000002,15742.340000000002,15744.36,2423
2026-06-22T01:30:00+00:00,15744.36,15744.36,15622.340000000002,15698.85,15032
2026-06-22T01:45:00+00:00,15698.85,15822.86,15695.36,15780.85,10142
2026-06-22T02:00:00+00:00,15780.85,15815.36,15759.340000000002,15802.86,9884
2026-06-22T02:15:00+00:00,15802.86,15846.36,15717.340000000002,15717.340000000002,9148
2026-06-22T02:30:00+00:00,15717.340000000002,15801.340000000002,15703.340000000002,15791.86,10594
2026-06-22T02:45:00+00:00,15791.86,15791.86,15723.86,15776.86,10396
2026-06-22T03:00:00+00:00,15776.86,15781.85,15699.36,15727.36,8464
2026-06-22T03:15:00+00:00,15727.36,15813.36,15712.85,15809.36,6859
2026-06-22T03:30:00+00:00,15809.36,15816.36,15801.86,15810.340000000002,901
2026-06-22T03:45:00+00:00,15810.340000000002,15812.36,15800.85,15803.35,698
2026-06-22T04:00:00+00:00,15803.35,15807.340000000002,15787.840000000002,15787.840000000002,354
2026-06-22T04:15:00+00:00,15787.840000000002,15791.36,15783.86,15789.86,327
2026-06-22T04:30:00+00:00,15789.86,15800.36,15786.85,15798.35,178
2026-06-22T04:45:00+00:00,15798.35,15810.36,15797.85,15805.85,120.3723470384513
2026-06-22T05:00:00+00:00,15805.85,15882.340000000002,15781.36,15877.840000000002,7234
2026-06-22T05:15:00+00:00,15877.840000000002,15994.36,15871.340000000002,15967.85,7219
2026-06-22T05:30:00+00:00,15967.85,15974.36,15877.340000000002,15884.86,7521
2026-06-22T05:45:00+00:00,15884.86,15932.36,15879.340000000002,15893.340000000002,5634
2026-06-22T06:00:00+00:00,15893.340000000002,16065.840000000002,15893.340000000002,16054.35,6375
2026-06-22T06:15:00+00:00,16054.35,16069.36,16007.340000000002,16031.35,6325
2026-06-22T06:30:00+00:00,16031.35,16051.36,16013.86,16020.340000000002,4861
2026-06-22T06:45:00+00:00,16020.340000000002,16066.36,16011.340000000002,16054.85,3577
2026-06-22T07:00:00+00:00,16054.85,16078.35,16045.840000000002,16047.840000000002,1152
2026-06-22T07:15:00+00:00,16047.840000000002,16055.36,16046.36,16048.340000000002,336
2026-06-22T07:30:00+00:00,16048.340000000002,16048.36,16034.340000000002,16040.86,439
2026-06-22T07:45:00+00:00,16040.86,16047.85,16033.35,16034.36,386
2026-06-22T08:00:00+00:00,16034.36,16052.36,16032.85,16037.340000000002,597
2026-06-22T08:15:00+00:00,16037.340000000002,16047.340000000002,16037.340000000002,16042.36,631
2026-06-22T09:00:00+00:00,16042.36,16054.36,16031.85,16049.35,275
2026-06-22T09:15:00+00:00,16049.35,16052.36,16043.35,16047.36,271
2026-06-22T09:30:00+00:00,16047.36,16049.840000000002,16040.340000000002,16042.35,269
2026-06-22T09:45:00+00:00,16042.35,16047.35,16038.86,16039.36,219
2026-06-22T10:00:00+00:00,16039.36,16053.36,16039.35,16052.340000000002,265
2026-06-22T10:15:00+00:00,16052.340000000002,16053.36,16048.340000000002,16051.35,130
2026-06-22T10:30:00+00:00,16051.35,16051.840000000002,16045.36,16048.840000000002,152
2026-06-22T10:45:00+00:00,16048.840000000002,16056.36,16048.340000000002,16052.36,150
2026-06-22T11:00:00+00:00,16052.36,16085.36,16047.35,16058.36,851
2026-06-22T11:15:00+00:00,16058.36,16061.85,16054.86,16054.86,138
2026-06-22T11:30:00+00:00,16054.86,16055.35,16050.340000000002,16053.340000000002,142
2026-06-22T11:45:00+00:00,16053.340000000002,16056.36,16048.340000000002,16056.340000000002,181
2026-06-22T12:00:00+00:00,16056.340000000002,16060.36,16054.340000000002,16055.340000000002,175
2026-06-22T12:15:00+00:00,16055.340000000002,16059.36,16052.340000000002,16055.840000000002,133
2026-06-22T12:30:00+00:00,16055.840000000002,16055.840000000002,16049.840000000002,16051.36,134
2026-06-22T12:45:00+00:00,16051.36,16056.36,16048.35,16048.36,124
2026-06-22T13:00:00+00:00,16048.36,16066.35,16048.36,16064.85,499
2026-06-22T13:15:00+00:00,16064.85,16069.36,16061.340000000002,16062.36,226
2026-06-22T13:30:00+00:00,16062.36,16097.36,16057.340000000002,16085.36,1193
2026-06-22T13:45:00+00:00,16085.36,16107.35,16079.35,16092.840000000002,946
2026-06-22T14:00:00+00:00,16092.840000000002,16095.36,16069.85,16070.840000000002,793
2026-06-22T14:15:00+00:00,16070.840000000002,16072.36,16040.340000000002,16040.340000000002,819
2026-06-22T14:30:00+00:00,16040.340000000002,16055.36,16037.36,16045.340000000002,1051
2026-06-22T14:45:00+00:00,16045.340000000002,16054.36,16038.85,16048.36,895
2026-06-22T15:00:00+00:00,16048.36,16056.36,16046.340000000002,16051.340000000002,626
2026-06-22T15:15:00+00:00,16051.340000000002,16064.36,16047.35,16061.85,837
2026-06-22T15:30:00+00:00,16061.85,16079.36,16058.85,16075.36,815
2026-06-22T15:45:00+00:00,16075.36,16076.36,16055.36,16058.35,600
2026-06-22T16:00:00+00:00,16058.35,16061.36,16049.340000000002,16061.36,578
2026-06-22T16:15:00+00:00,16061.36,16061.85,16053.35,16057.35,428
2026-06-22T16:30:00+00:00,16057.35,16058.35,16051.35,16054.340000000002,302
2026-06-22T16:45:00+00:00,16054.340000000002,16067.340000000002,16052.85,16064.35,324
2026-06-22T17:00:00+00:00,16064.35,16065.35,16057.340000000002,16061.36,298
2026-06-22T17:15:00+00:00,16061.36,16068.36,16061.36,16068.36,230
2026-06-22T17:30:00+00:00,16068.36,16068.840000000002,16060.36,16063.36,272
2026-06-22T17:45:00+00:00,16063.36,16063.36,16056.35,16056.35,216
2026-06-22T18:00:00+00:00,16056.35,16062.36,16054.340000000002,16059.86,194
2026-06-22T18:15:00+00:00,16059.86,16067.36,16059.86,16062.36,201
2026-06-22T18:30:00+00:00,16062.36,16067.36,16059.35,16059.35,229
2026-06-22T18:45:00+00:00,16059.35,16062.36,16054.35,16056.340000000002,251
2026-06-22T19:00:00+00:00,16056.340000000002,16060.36,16053.340000000002,16058.36,194
2026-06-22T19:15:00+00:00,16058.36,16060.36,16053.35,16053.840000000002,158
2026-06-22T19:30:00+00:00,16053.840000000002,16055.35,16048.340000000002,16049.35,242
2026-06-22T19:45:00+00:00,16049.35,16066.36,16049.340000000002,16062.85,317
2026-06-22T20:00:00+00:00,16062.85,16067.35,16062.340000000002,16062.85,77.81829495955196
2026-06-22T20:15:00+00:00,16062.85,16062.85,16049.85,16053.36,75
2026-06-22T20:30:00+00:00,16053.36,16053.36,16051.340000000002,16051.340000000002,34.535947083466986
2026-06-23T01:00:00+00:00,16051.340000000002,16103.130000000001,16051.340000000002,16080.62,848.7567975830816
2026-06-23T01:15:00+00:00,16080.62,16100.630000000001,16040.61,16057.11,3762
2026-06-23T01:30:00+00:00,16057.11,16114.62,16001.61,16003.61,14312
2026-06-23T01:45:00+00:00,16003.61,16009.130000000001,15935.62,15941.130000000001,11555
2026-06-23T02:00:00+00:00,15941.130000000001,15966.62,15863.61,15880.130000000001,9476
2026-06-23T02:15:00+00:00,15880.130000000001,15964.630000000001,15873.61,15939.130000000001,7547
2026-06-23T02:30:00+00:00,15939.130000000001,15955.630000000001,15888.61,15898.62,6106
2026-06-23T02:45:00+00:00,15898.62,15928.62,15868.630000000001,15881.62,5587
2026-06-23T03:00:00+00:00,15881.62,15887.130000000001,15797.61,15800.61,5494
2026-06-23T03:15:00+00:00,15800.61,15816.130000000001,15773.630000000001,15803.130000000001,5495
2026-06-23T03:30:00+00:00,15803.130000000001,15808.61,15779.62,15806.130000000001,1425
2026-06-23T03:45:00+00:00,15806.130000000001,15821.130000000001,15784.62,15816.61,895
2026-06-23T04:00:00+00:00,15816.61,15818.12,15800.630000000001,15802.62,489
2026-06-23T04:15:00+00:00,15802.62,15805.11,15791.61,15801.630000000001,365
2026-06-23T04:30:00+00:00,15801.630000000001,15801.630000000001,15786.62,15791.130000000001,440
2026-06-23T04:45:00+00:00,15791.130000000001,15791.61,15773.11,15778.12,378
2026-06-23T05:00:00+00:00,15778.12,15778.630000000001,15722.11,15734.61,6480
2026-06-23T05:15:00+00:00,15734.61,15746.130000000001,15690.61,15697.12,4110
2026-06-23T05:30:00+00:00,15697.12,15719.62,15675.61,15712.11,4905
2026-06-23T05:45:00+00:00,15712.11,15716.62,15600.12,15635.12,4271
2026-06-23T06:00:00+00:00,15635.12,15641.130000000001,15551.62,15583.130000000001,5888
2026-06-23T06:15:00+00:00,15583.130000000001,15585.130000000001,15501.62,15505.62,5829
2026-06-23T06:30:00+00:00,15505.62,15538.62,15483.11,15504.11,8123
2026-06-23T06:45:00+00:00,15504.11,15548.61,15500.630000000001,15522.630000000001,5106
2026-06-23T07:00:00+00:00,15522.630000000001,15565.61,15518.62,15553.630000000001,1812
2026-06-23T07:15:00+00:00,15553.630000000001,15564.62,15548.62,15557.11,647
2026-06-23T07:30:00+00:00,15557.11,15559.630000000001,15547.61,15554.630000000001,687
2026-06-23T07:45:00+00:00,15554.630000000001,15558.130000000001,15532.62,15547.12,760
2026-06-23T08:00:00+00:00,15547.12,15547.630000000001,15528.62,15541.11,1530
2026-06-23T08:15:00+00:00,15541.11,15544.630000000001,15531.11,15534.61,559
2026-06-23T09:00:00+00:00,15534.61,15550.630000000001,15525.11,15550.12,706
2026-06-23T09:15:00+00:00,15550.12,15568.630000000001,15545.61,15567.130000000001,519
2026-06-23T09:30:00+00:00,15567.130000000001,15581.130000000001,15562.130000000001,15580.62,418
2026-06-23T09:45:00+00:00,15580.62,15585.130000000001,15575.630000000001,15583.630000000001,376
2026-06-23T10:00:00+00:00,15583.630000000001,15597.62,15582.62,15596.130000000001,401
2026-06-23T10:15:00+00:00,15596.130000000001,15602.630000000001,15588.61,15591.62,385
2026-06-23T10:30:00+00:00,15591.62,15592.12,15575.630000000001,15583.630000000001,325
2026-06-23T10:45:00+00:00,15583.630000000001,15593.12,15582.61,15591.61,276
2026-06-23T11:00:00+00:00,15591.61,15600.630000000001,15587.61,15599.62,394
2026-06-23T11:15:00+00:00,15599.62,15602.11,15585.61,15586.61,492
2026-06-23T11:30:00+00:00,15586.61,15600.130000000001,15583.62,15596.630000000001,310
2026-06-23T11:45:00+00:00,15596.630000000001,15598.630000000001,15591.61,15594.630000000001,217
2026-06-23T12:00:00+00:00,15594.630000000001,15598.630000000001,15585.12,15586.630000000001,325
2026-06-23T12:15:00+00:00,15586.630000000001,15588.630000000001,15579.61,15584.61,288
2026-06-23T12:30:00+00:00,15584.61,15592.62,15580.630000000001,15587.61,361
2026-06-23T12:45:00+00:00,15587.61,15589.12,15580.61,15587.12,348
2026-06-23T13:00:00+00:00,15587.12,15589.630000000001,15581.61,15584.630000000001,369
2026-06-23T13:15:00+00:00,15584.630000000001,15589.630000000001,15577.61,15580.61,444
2026-06-23T13:30:00+00:00,15580.61,15634.12,15579.61,15627.11,2105
2026-06-23T13:45:00+00:00,15627.11,15635.630000000001,15620.61,15629.61,1385
2026-06-23T14:00:00+00:00,15629.61,15641.12,15623.61,15640.630000000001,972
2026-06-23T14:15:00+00:00,15640.630000000001,15642.12,15626.12,15631.62,763
2026-06-23T14:30:00+00:00,15631.62,15632.11,15617.61,15622.630000000001,831
2026-06-23T14:45:00+00:00,15622.630000000001,15624.630000000001,15613.630000000001,15621.630000000001,860
2026-06-23T15:00:00+00:00,15621.630000000001,15627.630000000001,15611.12,15618.61,703
2026-06-23T15:15:00+00:00,15618.61,15620.12,15606.61,15608.61,578
2026-06-23T15:30:00+00:00,15608.61,15614.130000000001,15601.62,15608.130000000001,703
2026-06-23T15:45:00+00:00,15608.130000000001,15622.630000000001,15607.61,15622.630000000001,446
2026-06-23T16:00:00+00:00,15622.630000000001,15630.630000000001,15621.12,15630.62,445
2026-06-23T16:15:00+00:00,15630.62,15631.11,15621.61,15623.62,395
2026-06-23T16:30:00+00:00,15623.62,15630.630000000001,15621.61,15629.62,305
2026-06-23T16:45:00+00:00,15629.62,15630.630000000001,15624.12,15630.62,280
2026-06-23T17:00:00+00:00,15630.62,15632.630000000001,15622.62,15628.62,321
2026-06-23T17:15:00+00:00,15628.62,15634.630000000001,15626.62,15630.630000000001,291
2026-06-23T17:30:00+00:00,15630.630000000001,15631.62,15621.62,15623.62,222
2026-06-23T17:45:00+00:00,15623.62,15625.630000000001,15613.61,15616.630000000001,273
2026-06-23T18:00:00+00:00,15616.630000000001,15620.630000000001,15611.61,15612.630000000001,279
2026-06-23T18:15:00+00:00,15612.630000000001,15614.630000000001,15606.61,15606.630000000001,192
2026-06-23T18:30:00+00:00,15606.630000000001,15608.62,15597.61,15598.12,255
2026-06-23T18:45:00+00:00,15598.12,15602.130000000001,15591.61,15599.62,373
2026-06-23T19:00:00+00:00,15599.62,15610.630000000001,15596.62,15601.130000000001,443
2026-06-23T19:15:00+00:00,15601.130000000001,15606.630000000001,15591.62,15605.630000000001,394
2026-06-23T19:30:00+00:00,15605.630000000001,15607.630000000001,15599.61,15602.130000000001,428
2026-06-23T19:45:00+00:00,15602.130000000001,15608.62,15590.130000000001,15590.130000000001,625
2026-06-23T20:00:00+00:00,15590.130000000001,15603.630000000001,15588.12,15602.61,70.65406540654065
2026-06-23T20:15:00+00:00,15602.61,15605.12,15599.61,15604.62,53
2026-06-23T20:30:00+00:00,15604.62,15607.630000000001,15604.12,15606.62,39.65873015873016
2026-06-24T01:00:00+00:00,15606.62,15636.830000000002,15601.810000000001,15631.810000000001,1748.0053191489362
2026-06-24T01:15:00+00:00,15631.810000000001,15632.830000000002,15546.330000000002,15581.810000000001,4668
2026-06-24T01:30:00+00:00,15581.810000000001,15635.830000000002,15535.820000000002,15570.320000000002,15889
2026-06-24T01:45:00+00:00,15570.320000000002,15647.330000000002,15566.820000000002,15625.310000000001,9408
2026-06-24T02:00:00+00:00,15625.310000000001,15638.310000000001,15579.810000000001,15607.810000000001,8774
2026-06-24T02:15:00+00:00,15607.810000000001,15652.830000000002,15575.810000000001,15640.830000000002,7657
2026-06-24T02:30:00+00:00,15640.830000000002,15645.830000000002,15569.810000000001,15581.810000000001,7000
2026-06-24T02:45:00+00:00,15581.810000000001,15592.830000000002,15519.330000000002,15532.320000000002,6520
2026-06-24T03:00:00+00:00,15532.320000000002,15578.310000000001,15528.810000000001,15533.310000000001,8640
2026-06-24T03:15:00+00:00,15533.310000000001,15586.830000000002,15514.810000000001,15585.830000000002,6519
2026-06-24T03:30:00+00:00,15585.830000000002,15601.320000000002,15581.310000000001,15589.830000000002,1832
2026-06-24T03:45:00+00:00,15589.830000000002,15593.830000000002,15579.830000000002,15592.330000000002,1307
2026-06-24T04:00:00+00:00,15592.330000000002,15594.330000000002,15568.820000000002,15568.830000000002,573
2026-06-24T04:15:00+00:00,15568.830000000002,15570.830000000002,15549.820000000002,15553.810000000001,905
2026-06-24T04:30:00+00:00,15553.810000000001,15594.330000000002,15553.810000000001,15591.320000000002,864
2026-06-24T04:45:00+00:00,15591.320000000002,15593.330000000002,15582.310000000001,15591.810000000001,527
2026-06-24T05:00:00+00:00,15591.810000000001,15603.830000000002,15555.820000000002,15579.830000000002,9532
2026-06-24T05:15:00+00:00,15579.830000000002,15647.830000000002,15577.320000000002,15632.810000000001,7148
2026-06-24T05:30:00+00:00,15632.810000000001,15642.330000000002,15608.310000000001,15618.320000000002,5635
2026-06-24T05:45:00+00:00,15618.320000000002,15632.330000000002,15573.310000000001,15576.810000000001,3966
2026-06-24T06:00:00+00:00,15576.810000000001,15611.830000000002,15557.830000000002,15596.310000000001,4138
2026-06-24T06:15:00+00:00,15596.310000000001,15628.830000000002,15592.820000000002,15621.320000000002,3864
2026-06-24T06:30:00+00:00,15621.320000000002,15632.830000000002,15586.820000000002,15601.310000000001,3555
2026-06-24T06:45:00+00:00,15601.310000000001,15626.810000000001,15592.320000000002,15621.820000000002,2599
2026-06-24T07:00:00+00:00,15621.820000000002,15621.820000000002,15602.810000000001,15605.320000000002,1158
2026-06-24T07:15:00+00:00,15605.320000000002,15612.320000000002,15601.820000000002,15606.330000000002,581
2026-06-24T07:30:00+00:00,15606.330000000002,15617.820000000002,15599.810000000001,15615.810000000001,641
2026-06-24T07:45:00+00:00,15615.810000000001,15623.830000000002,15603.810000000001,15605.820000000002,729
2026-06-24T08:00:00+00:00,15605.820000000002,15619.830000000002,15601.830000000002,15612.820000000002,674
2026-06-24T08:15:00+00:00,15612.820000000002,15613.830000000002,15605.310000000001,15612.820000000002,388
2026-06-24T09:00:00+00:00,15612.820000000002,15612.820000000002,15575.820000000002,15584.320000000002,819
2026-06-24T09:15:00+00:00,15584.320000000002,15587.820000000002,15570.810000000001,15583.810000000001,785
2026-06-24T09:30:00+00:00,15583.810000000001,15584.820000000002,15571.820000000002,15573.820000000002,377
2026-06-24T09:45:00+00:00,15573.820000000002,15581.830000000002,15570.830000000002,15575.810000000001,278
2026-06-24T10:00:00+00:00,15575.810000000001,15577.830000000002,15572.320000000002,15577.830000000002,191
2026-06-24T10:15:00+00:00,15577.830000000002,15583.820000000002,15575.810000000001,15578.330000000002,183
2026-06-24T10:30:00+00:00,15578.330000000002,15579.820000000002,15570.310000000001,15572.820000000002,303
2026-06-24T10:45:00+00:00,15572.820000000002,15580.820000000002,15572.820000000002,15576.330000000002,230
2026-06-24T11:00:00+00:00,15576.330000000002,15586.830000000002,15569.810000000001,15570.320000000002,244
2026-06-24T11:15:00+00:00,15570.320000000002,15570.830000000002,15565.810000000001,15568.310000000001,213
2026-06-24T11:30:00+00:00,15568.310000000001,15580.830000000002,15568.310000000001,15579.830000000002,243
2026-06-24T11:45:00+00:00,15579.830000000002,15593.310000000001,15577.810000000001,15585.810000000001,335
2026-06-24T12:00:00+00:00,15585.810000000001,15587.830000000002,15569.310000000001,15574.820000000002,264
2026-06-24T12:15:00+00:00,15574.820000000002,15577.830000000002,15556.820000000002,15557.310000000001,307
2026-06-24T12:30:00+00:00,15557.310000000001,15558.820000000002,15538.820000000002,15545.310000000001,361
2026-06-24T12:45:00+00:00,15545.310000000001,15547.820000000002,15539.810000000001,15542.820000000002,269
2026-06-24T13:00:00+00:00,15542.820000000002,15548.320000000002,15535.810000000001,15539.320000000002,293
2026-06-24T13:15:00+00:00,15539.320000000002,15553.830000000002,15535.810000000001,15551.310000000001,486
2026-06-24T13:30:00+00:00,15551.310000000001,15576.330000000002,15549.810000000001,15569.830000000002,1868
2026-06-24T13:45:00+00:00,15569.830000000002,15593.830000000002,15560.810000000001,15582.330000000002,1591
2026-06-24T14:00:00+00:00,15582.330000000002,15584.810000000001,15568.820000000002,15572.320000000002,1346
2026-06-24T14:15:00+00:00,15572.320000000002,15574.330000000002,15558.810000000001,15568.810000000001,919
2026-06-24T14:30:00+00:00,15568.810000000001,15579.830000000002,15567.810000000001,15575.320000000002,948
2026-06-24T14:45:00+00:00,15575.320000000002,15581.830000000002,15566.810000000001,15579.830000000002,703
2026-06-24T15:00:00+00:00,15579.830000000002,15583.830000000002,15564.830000000002,15570.830000000002,548
2026-06-24T15:15:00+00:00,15570.830000000002,15581.830000000002,15568.820000000002,15581.820000000002,516
2026-06-24T15:30:00+00:00,15581.820000000002,15585.830000000002,15572.830000000002,15578.810000000001,483
2026-06-24T15:45:00+00:00,15578.810000000001,15581.830000000002,15573.810000000001,15575.810000000001,452
2026-06-24T16:00:00+00:00,15575.810000000001,15578.810000000001,15571.310000000001,15576.820000000002,332
2026-06-24T16:15:00+00:00,15576.820000000002,15581.310000000001,15575.830000000002,15579.830000000002,303
2026-06-24T16:30:00+00:00,15579.830000000002,15579.830000000002,15565.810000000001,15569.810000000001,466
2026-06-24T16:45:00+00:00,15569.810000000001,15569.810000000001,15560.330000000002,15562.810000000001,437
2026-06-24T17:00:00+00:00,15562.810000000001,15567.820000000002,15554.810000000001,15557.810000000001,507
2026-06-24T17:15:00+00:00,15557.810000000001,15559.830000000002,15533.820000000002,15534.310000000001,891
2026-06-24T17:30:00+00:00,15534.310000000001,15541.830000000002,15528.810000000001,15533.820000000002,1053
2026-06-24T17:45:00+00:00,15533.820000000002,15540.830000000002,15529.330000000002,15530.820000000002,784
2026-06-24T18:00:00+00:00,15530.820000000002,15541.830000000002,15528.820000000002,15539.830000000002,838
2026-06-24T18:15:00+00:00,15539.830000000002,15559.830000000002,15539.810000000001,15558.820000000002,652
2026-06-24T18:30:00+00:00,15558.820000000002,15559.820000000002,15544.820000000002,15547.320000000002,654
2026-06-24T18:45:00+00:00,15547.320000000002,15547.830000000002,15532.300000000001,15533.810000000001,590.7506151396728
2026-06-24T19:00:00+00:00,15533.810000000001,15539.820000000002,15524.800000000001,15528.820000000002,463
2026-06-24T19:15:00+00:00,15528.820000000002,15537.820000000002,15523.810000000001,15536.800000000001,422
2026-06-24T19:30:00+00:00,15536.800000000001,15543.820000000002,15534.800000000001,15540.800000000001,559
2026-06-24T19:45:00+00:00,15540.800000000001,15553.810000000001,15540.800000000001,15547.810000000001,728
2026-06-24T20:00:00+00:00,15547.810000000001,15589.310000000001,15545.810000000001,15587.320000000002,304
2026-06-24T20:15:00+00:00,15587.320000000002,15608.820000000002,15585.300000000001,15608.320000000002,137
2026-06-24T20:30:00+00:00,15608.320000000002,15611.320000000002,15598.800000000001,15607.800000000001,131
2026-06-25T01:00:00+00:00,15607.800000000001,15659.61,15605.800000000001,15638.09,669.7822580645161
2026-06-25T01:15:00+00:00,15638.09,15647.6,15585.59,15588.6,2882
2026-06-25T01:30:00+00:00,15588.6,15667.59,15554.61,15651.61,17387
2026-06-25T01:45:00+00:00,15651.61,15717.61,15628.59,15679.61,13059
2026-06-25T02:00:00+00:00,15679.61,15720.6,15656.59,15657.09,11974
2026-06-25T02:15:00+00:00,15657.09,15773.6,15644.61,15690.59,11272
2026-06-25T02:30:00+00:00,15690.59,15700.09,15636.59,15660.09,11750
2026-06-25T02:45:00+00:00,15660.09,15760.11,15648.11,15755.61,10572
2026-06-25T03:00:00+00:00,15755.61,15826.61,15732.09,15817.6,9742
2026-06-25T03:15:00+00:00,15817.6,15922.61,15806.59,15890.59,9245
2026-06-25T03:30:00+00:00,15890.59,15891.11,15852.59,15858.61,1801
2026-06-25T03:45:00+00:00,15858.61,15867.6,15854.1,15858.11,975
2026-06-25T04:00:00+00:00,15858.11,15860.6,15851.11,15853.61,362
2026-06-25T04:15:00+00:00,15853.61,15868.6,15853.59,15862.09,354
2026-06-25T04:30:00+00:00,15862.09,15869.6,15851.59,15869.6,210
2026-06-25T04:45:00+00:00,15869.6,15879.61,15869.59,15877.59,176
2026-06-25T05:00:00+00:00,15877.59,15915.11,15770.59,15771.6,8588
2026-06-25T05:15:00+00:00,15771.6,15788.11,15748.6,15785.11,6294
2026-06-25T05:30:00+00:00,15785.11,15821.6,15782.09,15804.61,6236
2026-06-25T05:45:00+00:00,15804.61,15839.6,15768.61,15774.6,5648
2026-06-25T06:00:00+00:00,15774.6,15841.09,15774.6,15839.09,5096
2026-06-25T06:15:00+00:00,15839.09,15866.11,15822.59,15851.11,4179
2026-06-25T06:30:00+00:00,15851.11,15863.61,15820.59,15840.59,3902
2026-06-25T06:45:00+00:00,15840.59,15880.59,15836.61,15873.6,3092
2026-06-25T07:00:00+00:00,15873.6,15880.61,15854.1,15875.61,1293
2026-06-25T07:15:00+00:00,15875.61,15893.61,15868.59,15877.1,703
2026-06-25T07:30:00+00:00,15877.1,15894.59,15875.59,15883.59,490
2026-06-25T07:45:00+00:00,15883.59,15899.6,15880.11,15899.6,592
2026-06-25T08:00:00+00:00,15899.6,15907.11,15893.6,15893.61,760
2026-06-25T08:15:00+00:00,15893.61,15904.11,15887.59,15903.1,321
2026-06-25T09:00:00+00:00,15903.1,15913.61,15894.09,15894.61,222
2026-06-25T09:15:00+00:00,15894.61,15904.61,15893.09,15898.61,247
2026-06-25T09:30:00+00:00,15898.61,15905.11,15892.59,15901.6,212
2026-06-25T09:45:00+00:00,15901.6,15908.61,15898.1,15898.6,254
2026-06-25T10:00:00+00:00,15898.6,15907.61,15891.09,15904.6,219
2026-06-25T10:15:00+00:00,15904.6,15907.61,15901.59,15906.11,127
2026-06-25T10:30:00+00:00,15906.11,15911.11,15900.59,15902.59,171
2026-06-25T10:45:00+00:00,15902.59,15907.11,15900.59,15905.1,119
2026-06-25T11:00:00+00:00,15905.1,15908.09,15901.1,15905.09,171
2026-06-25T11:15:00+00:00,15905.09,15908.1,15901.11,15902.61,207
2026-06-25T11:30:00+00:00,15902.61,15910.61,15901.09,15909.09,168
2026-06-25T11:45:00+00:00,15909.09,15911.61,15902.09,15903.61,206
2026-06-25T12:00:00+00:00,15903.61,15914.6,15898.59,15908.59,265
2026-06-25T12:15:00+00:00,15908.59,15909.59,15903.59,15908.11,166
2026-06-25T12:30:00+00:00,15908.11,15930.6,15908.11,15925.59,1099
2026-06-25T12:45:00+00:00,15925.59,15927.61,15918.59,15922.59,304
2026-06-25T13:00:00+00:00,15922.59,15924.59,15915.59,15918.11,239
2026-06-25T13:15:00+00:00,15918.11,15918.11,15910.6,15916.59,252
2026-06-25T13:30:00+00:00,15916.59,15926.61,15866.59,15868.6,1538
2026-06-25T13:45:00+00:00,15868.6,15872.6,15827.59,15832.6,3350
2026-06-25T14:00:00+00:00,15832.6,15870.61,15825.6,15853.61,2738
2026-06-25T14:15:00+00:00,15853.61,15869.61,15842.59,15862.61,2231
2026-06-25T14:30:00+00:00,15862.61,15874.61,15854.59,15856.09,1599
2026-06-25T14:45:00+00:00,15856.09,15873.61,15849.59,15854.6,1516
2026-06-25T15:00:00+00:00,15854.6,15868.61,15832.59,15834.61,1196
2026-06-25T15:15:00+00:00,15834.61,15851.61,15824.59,15838.09,1368
2026-06-25T15:30:00+00:00,15838.09,15856.6,15834.59,15855.59,969
2026-06-25T15:45:00+00:00,15855.59,15866.61,15852.59,15858.6,779
2026-06-25T16:00:00+00:00,15858.6,15878.61,15854.6,15875.61,819
2026-06-25T16:15:00+00:00,15875.61,15882.1,15865.59,15865.6,694
2026-06-25T16:30:00+00:00,15865.6,15866.61,15844.59,15845.1,654
2026-06-25T16:45:00+00:00,15845.1,15853.61,15837.6,15848.61,582
2026-06-25T17:00:00+00:00,15848.61,15859.11,15847.59,15854.59,608
2026-06-25T17:15:00+00:00,15854.59,15863.59,15846.59,15854.61,585
2026-06-25T17:30:00+00:00,15854.61,15859.61,15850.59,15853.6,492
2026-06-25T17:45:00+00:00,15853.6,15858.61,15841.59,15857.6,650
2026-06-25T18:00:00+00:00,15857.6,15858.6,15839.59,15851.6,912
2026-06-25T18:15:00+00:00,15851.6,15867.6,15849.59,15866.6,635
2026-06-25T18:30:00+00:00,15866.6,15866.6,15846.6,15848.59,603
2026-06-25T18:45:00+00:00,15848.59,15851.61,15837.09,15849.59,563
2026-06-25T19:00:00+00:00,15849.59,15852.6,15842.09,15842.61,397
2026-06-25T19:15:00+00:00,15842.61,15845.6,15835.61,15844.1,471
2026-06-25T19:30:00+00:00,15844.1,15851.61,15839.59,15849.1,632
2026-06-25T19:45:00+00:00,15849.1,15856.1,15842.09,15856.1,662
2026-06-25T20:00:00+00:00,15856.1,15865.61,15854.6,15865.59,162.78760255241568
2026-06-25T20:15:00+00:00,15865.59,15873.1,15865.59,15869.61,76
2026-06-25T20:30:00+00:00,15869.61,15869.61,15864.61,15866.09,39.127284574208446
2026-06-26T01:00:00+00:00,15866.09,15866.09,15738.52,15763.02,1370.0151985111663
2026-06-26T01:15:00+00:00,15763.02,15787.52,15718.02,15739.04,3034
2026-06-26T01:30:00+00:00,15739.04,15739.04,15568.04,15575.04,16405
2026-06-26T01:45:00+00:00,15575.04,15588.02,15499.02,15571.03,14413
2026-06-26T02:00:00+00:00,15571.03,15580.04,15475.02,15501.54,10809
2026-06-26T02:15:00+00:00,15501.54,15510.53,15388.53,15393.54,8664
2026-06-26T02:30:00+00:00,15393.54,15402.54,15342.02,15357.02,7901
2026-06-26T02:45:00+00:00,15357.02,15365.54,15242.02,15274.04,8235
2026-06-26T03:00:00+00:00,15274.04,15316.03,15249.52,15281.03,10576
2026-06-26T03:15:00+00:00,15281.03,15302.04,15233.52,15289.52,9705
2026-06-26T03:30:00+00:00,15289.52,15302.02,15267.02,15290.54,1643
2026-06-26T03:45:00+00:00,15290.54,15315.04,15280.52,15307.54,1432
2026-06-26T04:00:00+00:00,15307.54,15308.53,15272.52,15276.04,802
2026-06-26T04:15:00+00:00,15276.04,15278.54,15261.02,15263.54,301
2026-06-26T04:30:00+00:00,15263.54,15269.04,15258.02,15261.04,506
2026-06-26T04:45:00+00:00,15261.04,15261.04,15247.02,15254.54,379
2026-06-26T05:00:00+00:00,15254.54,15342.03,15244.03,15341.52,11460
2026-06-26T05:15:00+00:00,15341.52,15401.04,15335.04,15363.53,8916
2026-06-26T05:30:00+00:00,15363.53,15393.54,15348.02,15355.02,6837
2026-06-26T05:45:00+00:00,15355.02,15435.54,15337.02,15396.03,5509
2026-06-26T06:00:00+00:00,15396.03,15405.03,15311.02,15317.53,5702
2026-06-26T06:15:00+00:00,15317.53,15332.03,15293.03,15326.02,5913
2026-06-26T06:30:00+00:00,15326.02,15380.02,15306.02,15371.52,6527
2026-06-26T06:45:00+00:00,15371.52,15372.54,15302.02,15322.04,5790
2026-06-26T07:00:00+00:00,15322.04,15336.04,15298.03,15314.02,1414
2026-06-26T07:15:00+00:00,15314.02,15326.03,15304.03,15310.04,785
2026-06-26T07:30:00+00:00,15310.04,15328.04,15307.03,15321.02,717
2026-06-26T07:45:00+00:00,15321.02,15334.03,15306.53,15329.54,897
2026-06-26T08:00:00+00:00,15329.54,15353.04,15326.02,15344.54,1046
2026-06-26T08:15:00+00:00,15344.54,15356.04,15329.02,15341.53,633
2026-06-26T09:00:00+00:00,15341.53,15341.53,15252.03,15294.02,937
2026-06-26T09:15:00+00:00,15294.02,15306.03,15285.52,15304.52,825
2026-06-26T09:30:00+00:00,15304.52,15318.03,15295.04,15313.03,617
2026-06-26T09:45:00+00:00,15313.03,15320.52,15309.54,15313.03,432
2026-06-26T10:00:00+00:00,15313.03,15316.03,15301.02,15312.04,415
2026-06-26T10:15:00+00:00,15312.04,15316.04,15302.02,15309.03,312
2026-06-26T10:30:00+00:00,15309.03,15317.03,15306.02,15309.04,286
2026-06-26T10:45:00+00:00,15309.04,15314.04,15307.04,15312.02,323
2026-06-26T11:00:00+00:00,15312.02,15331.04,15311.53,15322.04,517
2026-06-26T11:15:00+00:00,15322.04,15325.04,15315.02,15318.04,305
2026-06-26T11:30:00+00:00,15318.04,15326.04,15315.53,15318.53,312
2026-06-26T11:45:00+00:00,15318.53,15323.04,15308.02,15320.04,284
2026-06-26T12:00:00+00:00,15320.04,15340.04,15316.03,15337.03,374
2026-06-26T12:15:00+00:00,15337.03,15375.53,15336.02,15374.03,514
2026-06-26T12:30:00+00:00,15374.03,15381.02,15363.03,15365.04,828
2026-06-26T12:45:00+00:00,15365.04,15370.04,15362.02,15365.04,315
2026-06-26T13:00:00+00:00,15365.04,15365.54,15345.52,15356.03,576
2026-06-26T13:15:00+00:00,15356.03,15365.54,15337.52,15364.53,1063
2026-06-26T13:30:00+00:00,15364.53,15381.52,15358.02,15371.03,2616
2026-06-26T13:45:00+00:00,15371.03,15391.02,15361.02,15386.54,2017
2026-06-26T14:00:00+00:00,15386.54,15436.04,15378.53,15435.53,1752
2026-06-26T14:15:00+00:00,15435.53,15447.04,15427.02,15440.03,1311
2026-06-26T14:30:00+00:00,15440.03,15459.03,15435.03,15448.04,1213
2026-06-26T14:45:00+00:00,15448.04,15449.04,15428.02,15435.03,1136
2026-06-26T15:00:00+00:00,15435.03,15444.03,15419.02,15419.04,822
2026-06-26T15:15:00+00:00,15419.04,15447.04,15415.04,15446.54,789.7459417675857
2026-06-26T15:30:00+00:00,15446.54,15463.02,15438.02,15460.02,931
2026-06-26T15:45:00+00:00,15460.02,15469.04,15455.02,15458.54,1027
2026-06-26T16:00:00+00:00,15458.54,15461.04,15440.02,15443.03,587
2026-06-26T16:15:00+00:00,15443.03,15449.04,15427.02,15439.03,916
2026-06-26T16:30:00+00:00,15439.03,15449.04,15438.03,15443.53,472
2026-06-26T16:45:00+00:00,15443.53,15451.04,15442.04,15448.04,362
2026-06-26T17:00:00+00:00,15448.04,15460.04,15445.03,15456.53,319
2026-06-26T17:15:00+00:00,15456.53,15457.04,15443.02,15451.02,391
2026-06-26T17:30:00+00:00,15451.02,15459.03,15438.02,15444.54,416
2026-06-26T17:45:00+00:00,15444.54,15448.04,15439.03,15442.04,312
2026-06-26T18:00:00+00:00,15442.04,15446.54,15437.03,15439.02,350
2026-06-26T18:15:00+00:00,15439.02,15441.04,15423.54,15424.04,389
2026-06-26T18:30:00+00:00,15424.04,15432.03,15420.04,15422.54,261
2026-06-26T18:45:00+00:00,15422.54,15423.03,15412.04,15416.04,410
2026-06-26T19:00:00+00:00,15416.04,15428.03,15412.03,15428.03,401
2026-06-26T19:15:00+00:00,15428.03,15428.03,15413.52,15418.03,420
2026-06-26T19:30:00+00:00,15418.03,15429.04,15414.03,15427.52,466
2026-06-26T19:45:00+00:00,15427.52,15446.03,15422.54,15428.53,865
2026-06-26T20:00:00+00:00,15428.53,15439.53,15424.52,15436.02,109.21629037267672
2026-06-26T20:15:00+00:00,15436.02,15440.53,15436.02,15438.53,77.92838045970097
2026-06-26T20:30:00+00:00,15438.53,15438.54,15429.04,15430.04,190.76731194861205
2026-06-29T01:00:00+00:00,15430.04,15431.04,15214.01,15267.490000000002,911.6665060240964
2026-06-29T01:15:00+00:00,15267.490000000002,15267.490000000002,15190.490000000002,15235.500000000002,4150
2026-06-29T01:30:00+00:00,15235.500000000002,15269.51,15119.01,15259.000000000002,17724
2026-06-29T01:45:00+00:00,15259.000000000002,15293.01,15212.490000000002,15282.490000000002,12605
2026-06-29T02:00:00+00:00,15282.490000000002,15302.490000000002,15166.490000000002,15178.500000000002,13523
2026-06-29T02:15:00+00:00,15178.500000000002,15306.990000000002,15162.990000000002,15301.500000000002,13970
2026-06-29T02:30:00+00:00,15301.500000000002,15306.000000000002,15171.51,15264.000000000002,11520
2026-06-29T02:45:00+00:00,15264.000000000002,15328.51,15250.000000000002,15306.500000000002,10818
2026-06-29T03:00:00+00:00,15306.500000000002,15358.490000000002,15302.500000000002,15340.990000000002,9718
2026-06-29T03:15:00+00:00,15340.990000000002,15345.490000000002,15263.500000000002,15285.000000000002,6561
2026-06-29T03:30:00+00:00,15285.000000000002,15297.000000000002,15252.490000000002,15256.990000000002,1322
2026-06-29T03:45:00+00:00,15256.990000000002,15276.51,15255.51,15271.000000000002,995
2026-06-29T04:00:00+00:00,15271.000000000002,15289.490000000002,15266.51,15272.51,428
2026-06-29T04:15:00+00:00,15272.51,15279.000000000002,15268.490000000002,15276.500000000002,177
2026-06-29T04:30:00+00:00,15276.500000000002,15280.01,15264.490000000002,15272.51,179
2026-06-29T04:45:00+00:00,15272.51,15286.51,15270.51,15273.51,261
2026-06-29T05:00:00+00:00,15273.51,15275.000000000002,15198.51,15202.490000000002,7611
2026-06-29T05:15:00+00:00,15202.490000000002,15252.51,15195.500000000002,15245.000000000002,5865
2026-06-29T05:30:00+00:00,15245.000000000002,15320.51,15224.990000000002,15316.490000000002,5740
2026-06-29T05:45:00+00:00,15316.490000000002,15410.01,15297.01,15374.51,6872
2026-06-29T06:00:00+00:00,15374.51,15413.500000000002,15310.490000000002,15330.01,7427
2026-06-29T06:15:00+00:00,15330.01,15357.500000000002,15321.000000000002,15352.000000000002,5588
2026-06-29T06:30:00+00:00,15352.000000000002,15430.500000000002,15347.490000000002,15424.990000000002,5502
2026-06-29T06:45:00+00:00,15424.990000000002,15486.51,15422.000000000002,15472.500000000002,4702
2026-06-29T07:00:00+00:00,15472.500000000002,15472.51,15424.990000000002,15435.490000000002,1542
2026-06-29T07:15:00+00:00,15435.490000000002,15453.51,15434.490000000002,15452.51,553
2026-06-29T07:30:00+00:00,15452.51,15454.51,15439.990000000002,15448.500000000002,540
2026-06-29T07:45:00+00:00,15448.500000000002,15449.500000000002,15434.500000000002,15437.500000000002,390
2026-06-29T08:00:00+00:00,15437.500000000002,15452.51,15436.500000000002,15446.500000000002,861
2026-06-29T08:15:00+00:00,15446.500000000002,15448.000000000002,15435.990000000002,15448.000000000002,462
2026-06-29T09:00:00+00:00,15448.000000000002,15448.000000000002,15406.490000000002,15408.990000000002,542
2026-06-29T09:15:00+00:00,15408.990000000002,15422.51,15401.490000000002,15422.000000000002,416
2026-06-29T09:30:00+00:00,15422.000000000002,15423.000000000002,15399.490000000002,15402.990000000002,203
2026-06-29T09:45:00+00:00,15402.990000000002,15406.490000000002,15392.490000000002,15402.51,364
2026-06-29T10:00:00+00:00,15402.51,15427.01,15402.490000000002,15424.51,337
2026-06-29T10:15:00+00:00,15424.51,15427.01,15414.990000000002,15421.500000000002,262
2026-06-29T10:30:00+00:00,15421.500000000002,15427.51,15419.01,15424.51,183
2026-06-29T10:45:00+00:00,15424.51,15427.500000000002,15418.490000000002,15425.490000000002,208
2026-06-29T11:00:00+00:00,15425.490000000002,15428.490000000002,15416.500000000002,15416.500000000002,165
2026-06-29T11:15:00+00:00,15416.500000000002,15418.51,15407.000000000002,15413.000000000002,125
2026-06-29T11:30:00+00:00,15413.000000000002,15423.51,15411.490000000002,15416.490000000002,421
2026-06-29T11:45:00+00:00,15416.490000000002,15425.51,15416.490000000002,15424.000000000002,217
2026-06-29T12:00:00+00:00,15424.000000000002,15426.51,15415.490000000002,15418.490000000002,220
2026-06-29T12:15:00+00:00,15418.490000000002,15420.500000000002,15396.490000000002,15397.51,524
2026-06-29T12:30:00+00:00,15397.51,15407.51,15363.51,15381.500000000002,767
2026-06-29T12:45:00+00:00,15381.500000000002,15395.000000000002,15371.500000000002,15393.51,559
2026-06-29T13:00:00+00:00,15393.51,15401.51,15393.500000000002,15398.490000000002,260
2026-06-29T13:15:00+00:00,15398.490000000002,15398.490000000002,15387.490000000002,15391.51,259
2026-06-29T13:30:00+00:00,15391.51,15428.01,15388.490000000002,15426.51,1932
2026-06-29T13:45:00+00:00,15426.51,15430.51,15393.01,15400.490000000002,1517
2026-06-29T14:00:00+00:00,15400.490000000002,15404.51,15372.51,15373.000000000002,1867
2026-06-29T14:15:00+00:00,15373.000000000002,15414.51,15369.51,15411.490000000002,1933
2026-06-29T14:30:00+00:00,15411.490000000002,15421.51,15408.490000000002,15410.01,1156
2026-06-29T14:45:00+00:00,15410.01,15422.51,15398.490000000002,15420.01,947
2026-06-29T15:00:00+00:00,15420.01,15421.51,15411.01,15417.490000000002,910
2026-06-29T15:15:00+00:00,15417.490000000002,15421.51,15410.490000000002,15420.51,669
2026-06-29T15:30:00+00:00,15420.51,15426.51,15416.490000000002,15425.990000000002,609
2026-06-29T15:45:00+00:00,15425.990000000002,15435.51,15424.490000000002,15435.01,474
2026-06-29T16:00:00+00:00,15435.01,15447.51,15434.490000000002,15445.51,464
2026-06-29T16:15:00+00:00,15445.51,15448.51,15442.500000000002,15447.500000000002,349
2026-06-29T16:30:00+00:00,15447.500000000002,15455.51,15441.490000000002,15455.01,278
2026-06-29T16:45:00+00:00,15455.01,15471.500000000002,15454.000000000002,15465.490000000002,266
2026-06-29T17:00:00+00:00,15465.490000000002,15474.500000000002,15464.500000000002,15473.01,236
2026-06-29T17:15:00+00:00,15473.01,15477.51,15470.51,15477.51,247
2026-06-29T17:30:00+00:00,15477.51,15478.51,15469.990000000002,15474.500000000002,163
2026-06-29T17:45:00+00:00,15474.500000000002,15481.500000000002,15471.500000000002,15476.51,205
2026-06-29T18:00:00+00:00,15476.51,15482.51,15474.500000000002,15481.01,245
2026-06-29T18:15:00+00:00,15481.01,15481.51,15473.51,15475.01,213
2026-06-29T18:30:00+00:00,15475.01,15483.500000000002,15472.490000000002,15483.500000000002,148
2026-06-29T18:45:00+00:00,15483.500000000002,15484.51,15477.01,15478.000000000002,164
2026-06-29T19:00:00+00:00,15478.000000000002,15479.500000000002,15468.000000000002,15470.51,243
2026-06-29T19:15:00+00:00,15470.51,15480.490000000002,15470.490000000002,15477.500000000002,102.87251954299458
2026-06-29T19:30:00+00:00,15477.500000000002,15477.990000000002,15471.990000000002,15475.51,92
2026-06-29T19:45:00+00:00,15475.51,15479.500000000002,15471.500000000002,15477.000000000002,233
2026-06-29T20:00:00+00:00,15477.000000000002,15481.500000000002,15473.490000000002,15480.01,68.89677891654466
2026-06-29T20:15:00+00:00,15480.01,15480.01,15477.490000000002,15477.500000000002,43.53812126143336
2026-06-29T20:30:00+00:00,15477.500000000002,15477.51,15475.000000000002,15475.51,37.83171837690948
2026-06-30T01:00:00+00:00,15475.51,15476.01,15370.93,15378.42,1102.8247955230306
2026-06-30T01:15:00+00:00,15378.42,15410.92,15361.93,15404.42,2854
2026-06-30T01:30:00+00:00,15404.42,15476.43,15372.42,15462.42,16070
2026-06-30T01:45:00+00:00,15462.42,15497.93,15433.410000000002,15462.92,10661
2026-06-30T02:00:00+00:00,15462.92,15481.43,15437.92,15466.43,8480
2026-06-30T02:15:00+00:00,15466.43,15471.93,15406.410000000002,15458.92,6559
2026-06-30T02:30:00+00:00,15458.92,15513.93,15455.910000000002,15495.410000000002,5906
2026-06-30T02:45:00+00:00,15495.410000000002,15517.92,15469.910000000002,15474.92,5534
2026-06-30T03:00:00+00:00,15474.92,15535.43,15473.43,15523.92,5291
2026-06-30T03:15:00+00:00,15523.92,15616.43,15520.42,15584.93,5746
2026-06-30T03:30:00+00:00,15584.93,15597.910000000002,15565.93,15582.43,1132
2026-06-30T03:45:00+00:00,15582.43,15584.93,15575.410000000002,15580.93,247
2026-06-30T04:00:00+00:00,15580.93,15589.43,15577.410000000002,15578.910000000002,121.97042771019869
2026-06-30T04:15:00+00:00,15578.910000000002,15579.93,15575.42,15578.93,82
2026-06-30T04:30:00+00:00,15578.93,15593.910000000002,15576.410000000002,15592.42,124
2026-06-30T04:45:00+00:00,15592.42,15594.93,15575.910000000002,15576.43,188
2026-06-30T05:00:00+00:00,15576.43,15602.43,15513.910000000002,15536.93,7678
2026-06-30T05:15:00+00:00,15536.93,15547.92,15509.42,15530.42,5568
2026-06-30T05:30:00+00:00,15530.42,15585.43,15525.410000000002,15539.92,5996
2026-06-30T05:45:00+00:00,15539.92,15575.93,15528.93,15547.92,5493
2026-06-30T06:00:00+00:00,15547.92,15581.93,15524.910000000002,15537.43,4854
2026-06-30T06:15:00+00:00,15537.43,15545.93,15507.410000000002,15530.43,3836
2026-06-30T06:30:00+00:00,15530.43,15573.93,15526.410000000002,15554.93,3747
2026-06-30T06:45:00+00:00,15554.93,15589.92,15539.910000000002,15561.92,3839
2026-06-30T07:00:00+00:00,15561.92,15581.93,15553.910000000002,15568.93,1238
2026-06-30T07:15:00+00:00,15568.93,15588.92,15568.42,15580.93,371
2026-06-30T07:30:00+00:00,15580.93,15591.93,15578.92,15588.910000000002,459
2026-06-30T07:45:00+00:00,15588.910000000002,15590.42,15577.910000000002,15582.92,553
2026-06-30T08:00:00+00:00,15582.92,15591.410000000002,15575.910000000002,15577.92,662
2026-06-30T08:15:00+00:00,15577.92,15589.410000000002,15574.410000000002,15588.910000000002,367
2026-06-30T09:00:00+00:00,15588.910000000002,15588.910000000002,15567.93,15575.93,303.014783074451
2026-06-30T09:15:00+00:00,15575.93,15588.92,15573.92,15586.92,298
2026-06-30T09:30:00+00:00,15586.92,15595.92,15580.42,15590.910000000002,236
2026-06-30T09:45:00+00:00,15590.910000000002,15606.93,15588.910000000002,15603.92,263
2026-06-30T10:00:00+00:00,15603.92,15605.92,15595.92,15598.92,175
2026-06-30T10:15:00+00:00,15598.92,15603.93,15594.910000000002,15600.92,194
2026-06-30T10:30:00+00:00,15600.92,15601.93,15596.93,15600.93,107
2026-06-30T10:45:00+00:00,15600.93,15607.92,15598.910000000002,15605.93,225
2026-06-30T11:00:00+00:00,15605.93,15606.42,15598.910000000002,15601.93,166
2026-06-30T11:15:00+00:00,15601.93,15602.92,15595.910000000002,15597.42,119
2026-06-30T11:30:00+00:00,15597.42,15601.92,15591.910000000002,15597.92,172
2026-06-30T11:45:00+00:00,15597.92,15599.910000000002,15594.910000000002,15595.93,107
2026-06-30T12:00:00+00:00,15595.93,15597.93,15587.43,15587.43,216
2026-06-30T12:15:00+00:00,15587.43,15598.93,15585.410000000002,15592.92,225
2026-06-30T12:30:00+00:00,15592.92,15599.93,15588.910000000002,15598.92,215
2026-06-30T12:45:00+00:00,15598.92,15599.93,15592.43,15592.43,184
2026-06-30T13:00:00+00:00,15592.43,15599.93,15590.910000000002,15594.92,185
2026-06-30T13:15:00+00:00,15594.92,15600.910000000002,15593.910000000002,15596.910000000002,213
2026-06-30T13:30:00+00:00,15596.910000000002,15598.92,15582.910000000002,15595.410000000002,1084
2026-06-30T13:45:00+00:00,15595.410000000002,15603.93,15588.910000000002,15602.43,888
2026-06-30T14:00:00+00:00,15602.43,15629.92,15595.43,15627.93,910
2026-06-30T14:15:00+00:00,15627.93,15633.93,15624.410000000002,15628.910000000002,666
2026-06-30T14:30:00+00:00,15628.910000000002,15634.92,15619.910000000002,15626.410000000002,434
2026-06-30T14:45:00+00:00,15626.410000000002,15626.93,15611.93,15614.42,528
2026-06-30T15:00:00+00:00,15614.42,15630.92,15614.42,15627.910000000002,455
2026-06-30T15:15:00+00:00,15627.910000000002,15627.93,15618.910000000002,15622.92,436
2026-06-30T15:30:00+00:00,15622.92,15634.93,15618.910000000002,15626.92,382
2026-06-30T15:45:00+00:00,15626.92,15630.43,15623.410000000002,15623.93,240
2026-06-30T16:00:00+00:00,15623.93,15628.93,15622.92,15626.92,262
2026-06-30T16:15:00+00:00,15626.92,15629.93,15624.910000000002,15625.910000000002,225
2026-06-30T16:30:00+00:00,15625.910000000002,15627.93,15623.910000000002,15627.93,141
2026-06-30T16:45:00+00:00,15627.93,15637.910000000002,15626.910000000002,15628.92,187
2026-06-30T17:00:00+00:00,15628.92,15632.92,15624.910000000002,15625.93,126
2026-06-30T17:15:00+00:00,15625.93,15629.93,15625.910000000002,15626.910000000002,106
2026-06-30T17:30:00+00:00,15626.910000000002,15629.93,15623.910000000002,15629.910000000002,117
2026-06-30T17:45:00+00:00,15629.910000000002,15630.93,15627.910000000002,15629.410000000002,104
2026-06-30T18:00:00+00:00,15629.410000000002,15632.93,15628.42,15630.93,119
2026-06-30T18:15:00+00:00,15630.93,15634.910000000002,15629.910000000002,15631.93,89
2026-06-30T18:30:00+00:00,15631.93,15632.410000000002,15627.910000000002,15631.93,118
2026-06-30T18:45:00+00:00,15631.93,15637.92,15631.410000000002,15635.92,128.389400921659
2026-06-30T19:00:00+00:00,15635.92,15636.93,15632.910000000002,15635.92,105
2026-06-30T19:15:00+00:00,15635.92,15638.410000000002,15630.92,15631.93,94
2026-06-30T19:30:00+00:00,15631.93,15632.93,15627.910000000002,15630.92,136
2026-06-30T19:45:00+00:00,15630.92,15634.93,15625.910000000002,15628.43,235
2026-06-30T20:00:00+00:00,15628.43,15629.93,15621.910000000002,15625.93,78
2026-06-30T20:15:00+00:00,15625.93,15626.93,15622.92,15623.410000000002,39.443735035913804
2026-06-30T20:30:00+00:00,15623.410000000002,15623.42,15615.910000000002,15616.42,36
2026-07-01T01:00:00+00:00,15616.42,15630.92,15601.910000000002,15609.92,869.015525758645
2026-07-01T01:15:00+00:00,15609.92,15610.910000000002,15550.900000000001,15563.900000000001,2327
2026-07-01T01:30:00+00:00,15563.900000000001,15599.92,15465.400000000001,15493.910000000002,9375
2026-07-01T01:45:00+00:00,15493.910000000002,15507.410000000002,15414.410000000002,15420.42,6443
2026-07-01T02:00:00+00:00,15420.42,15460.410000000002,15404.910000000002,15432.42,6198
2026-07-01T02:15:00+00:00,15432.42,15482.92,15422.900000000001,15473.900000000001,4883
2026-07-01T02:30:00+00:00,15473.900000000001,15522.410000000002,15458.900000000001,15519.910000000002,5983
2026-07-01T02:45:00+00:00,15519.910000000002,15601.92,15518.42,15534.400000000001,5582
2026-07-01T03:00:00+00:00,15534.400000000001,15544.900000000001,15502.900000000001,15516.92,3901
2026-07-01T03:15:00+00:00,15516.92,15539.92,15480.900000000001,15502.42,3192
2026-07-01T03:30:00+00:00,15502.42,15517.92,15495.42,15505.410000000002,560
2026-07-01T03:45:00+00:00,15505.410000000002,15522.42,15505.400000000001,15517.900000000001,255
2026-07-01T04:00:00+00:00,15517.900000000001,15518.900000000001,15505.900000000001,15508.410000000002,377
2026-07-01T04:15:00+00:00,15508.410000000002,15516.42,15506.92,15515.900000000001,162
2026-07-01T04:30:00+00:00,15515.900000000001,15518.400000000001,15511.92,15516.410000000002,191
2026-07-01T04:45:00+00:00,15516.410000000002,15521.92,15515.900000000001,15516.410000000002,210
2026-07-01T05:00:00+00:00,15516.410000000002,15524.42,15433.900000000001,15443.410000000002,4014
2026-07-01T05:15:00+00:00,15443.410000000002,15485.92,15434.910000000002,15457.92,3685
2026-07-01T05:30:00+00:00,15457.92,15457.92,15379.410000000002,15386.900000000001,3497
2026-07-01T05:45:00+00:00,15386.900000000001,15392.400000000001,15275.900000000001,15322.42,4770
2026-07-01T06:00:00+00:00,15322.42,15367.910000000002,15306.410000000002,15317.92,3679
2026-07-01T06:15:00+00:00,15317.92,15322.92,15271.410000000002,15284.410000000002,2718
2026-07-01T06:30:00+00:00,15284.410000000002,15311.42,15256.900000000001,15295.92,3132
2026-07-01T06:45:00+00:00,15295.92,15322.92,15292.900000000001,15307.910000000002,2850
2026-07-01T07:00:00+00:00,15307.910000000002,15314.92,15289.900000000001,15301.410000000002,1069
2026-07-01T07:15:00+00:00,15301.410000000002,15320.900000000001,15296.900000000001,15314.410000000002,403
2026-07-01T07:30:00+00:00,15314.410000000002,15322.92,15313.900000000001,15317.900000000001,240
2026-07-01T07:45:00+00:00,15317.900000000001,15326.92,15314.910000000002,15323.910000000002,332
2026-07-01T08:00:00+00:00,15323.910000000002,15329.42,15316.92,15326.42,347
2026-07-01T08:15:00+00:00,15326.42,15328.910000000002,15319.410000000002,15322.900000000001,277
2026-07-01T09:00:00+00:00,15322.900000000001,15323.92,15303.900000000001,15311.900000000001,256
2026-07-01T09:15:00+00:00,15311.900000000001,15316.410000000002,15309.400000000001,15313.400000000001,193.32524059492562
2026-07-01T09:30:00+00:00,15313.400000000001,15318.42,15310.92,15315.910000000002,132
2026-07-01T09:45:00+00:00,15315.910000000002,15321.92,15310.900000000001,15310.92,164
2026-07-01T10:00:00+00:00,15310.92,15315.410000000002,15303.910000000002,15308.910000000002,139
2026-07-01T10:15:00+00:00,15308.910000000002,15317.42,15306.900000000001,15317.42,118
2026-07-01T10:30:00+00:00,15317.42,15324.410000000002,15317.42,15322.910000000002,88.90765432098766
2026-07-01T10:45:00+00:00,15322.910000000002,15332.92,15322.910000000002,15331.900000000001,95
2026-07-01T11:00:00+00:00,15331.900000000001,15337.910000000002,15330.900000000001,15333.92,99.0125786163522
2026-07-01T11:15:00+00:00,15333.92,15337.910000000002,15332.92,15334.92,62
2026-07-01T11:30:00+00:00,15334.92,15334.92,15326.900000000001,15330.910000000002,71.88810641627543
2026-07-01T11:45:00+00:00,15330.910000000002,15330.910000000002,15321.910000000002,15322.42,142
2026-07-01T12:00:00+00:00,15322.42,15324.92,15318.910000000002,15323.410000000002,135
2026-07-01T12:15:00+00:00,15323.410000000002,15334.92,15323.410000000002,15324.910000000002,159
2026-07-01T12:30:00+00:00,15324.910000000002,15328.910000000002,15307.900000000001,15315.400000000001,434
2026-07-01T12:45:00+00:00,15315.400000000001,15322.92,15307.92,15320.92,328
2026-07-01T13:00:00+00:00,15320.92,15326.42,15292.92,15295.900000000001,377
2026-07-01T13:15:00+00:00,15295.900000000001,15309.910000000002,15292.900000000001,15307.400000000001,419
2026-07-01T13:30:00+00:00,15307.400000000001,15334.92,15304.910000000002,15332.900000000001,1320
2026-07-01T13:45:00+00:00,15332.900000000001,15364.42,15330.92,15364.400000000001,742
2026-07-01T14:00:00+00:00,15364.400000000001,15394.910000000002,15363.900000000001,15388.910000000002,679
2026-07-01T14:15:00+00:00,15388.910000000002,15399.910000000002,15387.900000000001,15394.910000000002,432
2026-07-01T14:30:00+00:00,15394.910000000002,15399.910000000002,15386.900000000001,15388.910000000002,471
2026-07-01T14:45:00+00:00,15388.910000000002,15389.910000000002,15375.92,15378.910000000002,438
2026-07-01T15:00:00+00:00,15378.910000000002,15389.410000000002,15377.910000000002,15389.410000000002,345
2026-07-01T15:15:00+00:00,15389.410000000002,15406.400000000001,15389.410000000002,15405.910000000002,207
2026-07-01T15:30:00+00:00,15405.910000000002,15405.92,15394.910000000002,15400.400000000001,308
2026-07-01T15:45:00+00:00,15400.400000000001,15400.92,15396.900000000001,15398.900000000001,214
2026-07-01T16:00:00+00:00,15398.900000000001,15401.92,15395.910000000002,15398.410000000002,184
2026-07-01T16:15:00+00:00,15398.410000000002,15404.410000000002,15395.900000000001,15399.910000000002,186
2026-07-01T16:30:00+00:00,15399.910000000002,15401.910000000002,15397.900000000001,15400.900000000001,119
2026-07-01T16:45:00+00:00,15400.900000000001,15400.900000000001,15387.910000000002,15389.910000000002,288
2026-07-01T17:00:00+00:00,15389.910000000002,15395.92,15388.900000000001,15393.92,257
2026-07-01T17:15:00+00:00,15393.92,15405.92,15392.900000000001,15401.900000000001,175
2026-07-01T17:30:00+00:00,15401.900000000001,15404.410000000002,15395.900000000001,15399.400000000001,171
2026-07-01T17:45:00+00:00,15399.400000000001,15401.92,15396.900000000001,15396.910000000002,179.06417112299465
2026-07-01T18:00:00+00:00,15396.910000000002,15401.900000000001,15392.900000000001,15393.910000000002,150
2026-07-01T18:15:00+00:00,15393.910000000002,15397.92,15392.410000000002,15393.900000000001,148
2026-07-01T18:30:00+00:00,15393.900000000001,15395.910000000002,15391.42,15392.43,107.54279854751152
2026-07-01T18:45:00+00:00,15392.43,15392.939999999999,15385.43,15387.92,162
2026-07-01T19:00:00+00:00,15387.92,15400.43,15385.93,15399.439999999999,183
2026-07-01T19:15:00+00:00,15399.439999999999,15401.439999999999,15385.42,15386.93,223
2026-07-01T19:30:00+00:00,15386.93,15391.439999999999,15382.439999999999,15383.42,214
2026-07-01T19:45:00+00:00,15383.42,15384.93,15373.92,15383.42,384
2026-07-01T20:00:00+00:00,15383.42,15383.42,15375.42,15378.92,108.0628794890339
2026-07-01T20:15:00+00:00,15378.92,15379.93,15376.43,15378.939999999999,37.33739210187945
2026-07-01T20:30:00+00:00,15378.939999999999,15378.939999999999,15374.93,15378.93,36.98056537102474
2026-07-02T01:00:00+00:00,15378.93,15379.43,15342.39,15368.4,521.7714968152866
2026-07-02T01:15:00+00:00,15368.4,15379.9,15180.41,15208.91,5196
2026-07-02T01:30:00+00:00,15208.91,15270.91,15063.4,15069.9,21335
2026-07-02T01:45:00+00:00,15069.9,15107.41,14904.39,14924.39,13287
2026-07-02T02:00:00+00:00,14924.39,15009.91,14917.89,14976.39,13908
2026-07-02T02:15:00+00:00,14976.39,15029.91,14929.89,15024.39,10802
2026-07-02T02:30:00+00:00,15024.39,15066.91,15001.4,15029.39,7145
2026-07-02T02:45:00+00:00,15029.39,15033.91,14964.9,14967.41,6401
2026-07-02T03:00:00+00:00,14967.41,14976.91,14935.9,14963.39,5600
2026-07-02T03:15:00+00:00,14963.39,14978.91,14904.9,14922.91,4693
2026-07-02T03:30:00+00:00,14922.91,14998.4,14917.89,14982.91,2055
2026-07-02T03:45:00+00:00,14982.91,14983.91,14956.89,14969.4,1379
2026-07-02T04:00:00+00:00,14969.4,14972.41,14956.39,14970.41,540
2026-07-02T04:15:00+00:00,14970.41,14970.41,14948.9,14952.4,458
2026-07-02T04:30:00+00:00,14952.4,14952.4,14937.89,14950.41,577
2026-07-02T04:45:00+00:00,14950.41,14957.4,14946.89,14953.4,647
2026-07-02T05:00:00+00:00,14953.4,14992.9,14928.39,14962.9,6964
2026-07-02T05:15:00+00:00,14962.9,14968.4,14894.39,14896.4,5104
2026-07-02T05:30:00+00:00,14896.4,14903.4,14842.9,14862.41,5371
2026-07-02T05:45:00+00:00,14862.41,14882.9,14841.39,14872.39,4901
2026-07-02T06:00:00+00:00,14872.39,14898.89,14853.89,14867.89,5334
2026-07-02T06:15:00+00:00,14867.89,14886.9,14829.4,14837.9,4365
2026-07-02T06:30:00+00:00,14837.9,14901.89,14807.4,14809.39,5366
2026-07-02T06:45:00+00:00,14809.39,14817.41,14762.9,14789.9,5356
2026-07-02T07:00:00+00:00,14789.9,14809.91,14770.9,14797.39,1872
2026-07-02T07:15:00+00:00,14797.39,14809.91,14793.91,14806.9,927
2026-07-02T07:30:00+00:00,14806.9,14820.9,14804.39,14820.89,829
2026-07-02T07:45:00+00:00,14820.89,14820.9,14805.89,14812.89,680
2026-07-02T08:00:00+00:00,14812.89,14825.91,14798.39,14807.9,946
2026-07-02T08:15:00+00:00,14807.9,14816.41,14800.4,14810.41,433
2026-07-02T09:00:00+00:00,14810.41,14810.41,14753.89,14789.9,618
2026-07-02T09:15:00+00:00,14789.9,14795.41,14777.4,14785.39,502
2026-07-02T09:30:00+00:00,14785.39,14793.9,14782.89,14789.91,459
2026-07-02T09:45:00+00:00,14789.91,14796.4,14787.9,14789.4,185
2026-07-02T10:00:00+00:00,14789.4,14789.9,14770.91,14781.91,297
2026-07-02T10:15:00+00:00,14781.91,14791.41,14776.89,14790.91,186
2026-07-02T10:30:00+00:00,14790.91,14814.91,14790.91,14808.89,169
2026-07-02T10:45:00+00:00,14808.89,14820.9,14808.39,14818.41,124
2026-07-02T11:00:00+00:00,14818.41,14821.91,14812.89,14821.9,166
2026-07-02T11:15:00+00:00,14821.9,14823.91,14817.89,14820.89,161
2026-07-02T11:30:00+00:00,14820.89,14831.91,14819.39,14831.89,156
2026-07-02T11:45:00+00:00,14831.89,14832.91,14822.4,14822.4,144
2026-07-02T12:00:00+00:00,14822.4,14827.91,14817.41,14826.41,218
2026-07-02T12:15:00+00:00,14826.41,14827.91,14819.9,14823.4,173
2026-07-02T12:30:00+00:00,14823.4,14886.91,14823.4,14879.91,2427
2026-07-02T12:45:00+00:00,14879.91,14883.91,14847.89,14856.9,553
2026-07-02T13:00:00+00:00,14856.9,14867.9,14849.89,14858.9,587
2026-07-02T13:15:00+00:00,14858.9,14870.9,14856.89,14856.9,433
2026-07-02T13:30:00+00:00,14856.9,14896.9,14848.89,14890.41,1769
2026-07-02T13:45:00+00:00,14890.41,14913.89,14886.89,14900.91,1179
2026-07-02T14:00:00+00:00,14900.91,14901.91,14884.89,14892.41,1031
2026-07-02T14:15:00+00:00,14892.41,14895.4,14855.89,14862.4,1291
2026-07-02T14:30:00+00:00,14862.4,14870.9,14851.4,14857.91,1503
2026-07-02T14:45:00+00:00,14857.91,14866.89,14845.91,14853.41,1418
2026-07-02T15:00:00+00:00,14853.41,14853.41,14820.89,14828.91,1257
2026-07-02T15:15:00+00:00,14828.91,14832.91,14804.89,14805.9,1222
2026-07-02T15:30:00+00:00,14805.9,14828.91,14805.89,14818.4,1081
2026-07-02T15:45:00+00:00,14818.4,14820.91,14794.39,14799.89,910
2026-07-02T16:00:00+00:00,14799.89,14802.9,14791.89,14797.91,769
2026-07-02T16:15:00+00:00,14797.91,14799.91,14781.39,14782.89,697
2026-07-02T16:30:00+00:00,14782.89,14783.41,14767.39,14777.9,818
2026-07-02T16:45:00+00:00,14777.9,14777.9,14762.89,14766.9,788
2026-07-02T17:00:00+00:00,14766.9,14769.91,14756.89,14767.91,834
2026-07-02T17:15:00+00:00,14767.91,14772.4,14761.89,14763.89,521
2026-07-02T17:30:00+00:00,14763.89,14771.91,14745.39,14746.41,710
2026-07-02T17:45:00+00:00,14746.41,14748.91,14736.89,14737.89,630
2026-07-02T18:00:00+00:00,14737.89,14759.91,14734.89,14750.91,747
2026-07-02T18:15:00+00:00,14750.91,14756.91,14741.9,14754.39,647
2026-07-02T18:30:00+00:00,14754.39,14761.91,14754.39,14757.41,585
2026-07-02T18:45:00+00:00,14757.41,14765.91,14750.9,14761.41,492
2026-07-02T19:00:00+00:00,14761.41,14766.91,14756.39,14763.91,519
2026-07-02T19:15:00+00:00,14763.91,14772.41,14755.9,14770.89,400
2026-07-02T19:30:00+00:00,14770.89,14786.91,14770.89,14784.9,478
2026-07-02T19:45:00+00:00,14784.9,14813.39,14781.4,14811.9,667
2026-07-02T20:00:00+00:00,14811.9,14840.41,14809.39,14830.89,159.96712295282327
2026-07-02T20:15:00+00:00,14830.89,14831.41,14824.89,14825.9,66
2026-07-02T20:30:00+00:00,14825.9,14827.91,14824.41,14825.41,42.26010012400931
2026-07-03T01:00:00+00:00,14825.41,14829.31,14759.32,14810.81,1365.617537034266
2026-07-03T01:15:00+00:00,14810.81,14859.81,14754.81,14841.81,3469
2026-07-03T01:30:00+00:00,14841.81,14926.32,14826.3,14903.32,18285
2026-07-03T01:45:00+00:00,14903.32,14943.32,14884.32,14932.3,11615
2026-07-03T02:00:00+00:00,14932.3,14982.32,14912.8,14957.8,9838
2026-07-03T02:15:00+00:00,14957.8,15014.82,14957.31,15010.31,6853
2026-07-03T02:30:00+00:00,15010.31,15054.82,14986.81,15054.81,5457
2026-07-03T02:45:00+00:00,15054.81,15110.32,15043.8,15109.82,6533
2026-07-03T03:00:00+00:00,15109.82,15123.32,15075.8,15111.32,6529
2026-07-03T03:15:00+00:00,15111.32,15114.3,15078.82,15093.3,5015
2026-07-03T03:30:00+00:00,15093.3,15094.32,15064.32,15080.3,876
2026-07-03T03:45:00+00:00,15080.3,15089.31,15076.82,15086.81,371
2026-07-03T04:00:00+00:00,15086.81,15091.82,15083.32,15087.8,159
2026-07-03T04:15:00+00:00,15087.8,15089.82,15079.31,15088.31,147.60471794871796
2026-07-03T04:30:00+00:00,15088.31,15098.32,15081.32,15098.32,151
2026-07-03T04:45:00+00:00,15098.32,15114.81,15086.3,15110.32,372
2026-07-03T05:00:00+00:00,15110.32,15150.82,15049.31,15054.3,7879
2026-07-03T05:15:00+00:00,15054.3,15071.31,15013.3,15027.8,6125
2026-07-03T05:30:00+00:00,15027.8,15060.3,15009.31,15055.82,5288
2026-07-03T05:45:00+00:00,15055.82,15101.32,15045.8,15089.8,3908
2026-07-03T06:00:00+00:00,15089.8,15148.32,15077.82,15078.81,4891
2026-07-03T06:15:00+00:00,15078.81,15086.82,15039.32,15056.32,3474
2026-07-03T06:30:00+00:00,15056.32,15075.8,15000.3,15039.81,4868
2026-07-03T06:45:00+00:00,15039.81,15056.32,14989.3,14998.81,3664
2026-07-03T07:00:00+00:00,14998.81,14998.82,14977.3,14995.3,1031
2026-07-03T07:15:00+00:00,14995.3,14999.32,14989.31,14997.82,253
2026-07-03T07:30:00+00:00,14997.82,14998.31,14987.31,14992.31,230
2026-07-03T07:45:00+00:00,14992.31,14996.32,14985.31,14988.31,383
2026-07-03T08:00:00+00:00,14988.31,15000.31,14983.8,14987.3,461
2026-07-03T08:15:00+00:00,14987.3,14987.32,14979.81,14980.8,277
2026-07-03T09:00:00+00:00,14980.8,15006.32,14973.8,14998.31,424
2026-07-03T09:15:00+00:00,14998.31,15007.31,14983.8,14983.82,222
2026-07-03T09:30:00+00:00,14983.82,14989.82,14981.8,14989.82,119
2026-07-03T09:45:00+00:00,14989.82,14993.3,14982.8,14986.32,161
2026-07-03T10:00:00+00:00,14986.32,14992.32,14984.32,14985.8,130
2026-07-03T10:15:00+00:00,14985.8,14985.81,14976.3,14976.82,104.73942243116186
2026-07-03T10:30:00+00:00,14976.82,14987.82,14974.31,14987.82,124
2026-07-03T10:45:00+00:00,14987.82,14988.32,14980.31,14982.82,72.05540488182875
2026-07-03T11:00:00+00:00,14982.82,14985.3,14977.8,14985.3,98
2026-07-03T11:15:00+00:00,14985.3,14985.32,14978.82,14980.3,56
2026-07-03T11:30:00+00:00,14980.3,14984.32,14979.81,14981.3,70.19247002770656
2026-07-03T11:45:00+00:00,14981.3,14985.82,14978.3,14984.8,77
2026-07-03T12:00:00+00:00,14984.8,14994.3,14984.8,14991.31,112
2026-07-03T12:15:00+00:00,14991.31,14991.31,14982.3,14985.31,89.60900643316654
2026-07-03T12:30:00+00:00,14985.31,14992.31,14984.3,14992.31,63
2026-07-03T12:45:00+00:00,14992.31,14997.32,14992.31,14996.31,50
2026-07-03T13:00:00+00:00,14996.31,15001.31,14994.3,14994.3,70
2026-07-03T13:15:00+00:00,14994.3,15000.32,14994.3,14997.32,69.2685370741483
2026-07-03T13:30:00+00:00,14997.32,15000.31,14994.3,14998.8,147
2026-07-03T13:45:00+00:00,14998.8,15007.32,14998.8,15005.3,124
2026-07-03T14:00:00+00:00,15005.3,15006.32,15000.8,15000.8,79
2026-07-03T14:15:00+00:00,15000.8,15006.32,14997.3,14999.81,72.06497175141243
2026-07-03T14:30:00+00:00,14999.81,15000.81,14994.81,14998.82,67
2026-07-03T14:45:00+00:00,14998.82,15007.82,14998.82,15006.3,98
2026-07-03T15:00:00+00:00,15006.3,15006.82,15001.8,15001.8,88.306
2026-07-03T15:15:00+00:00,15001.8,15003.82,14993.81,14994.31,89
2026-07-03T15:30:00+00:00,14994.31,14997.81,14990.8,14994.8,85
2026-07-03T15:45:00+00:00,14994.8,14996.82,14991.81,14992.82,66.33985581874356
2026-07-03T16:00:00+00:00,14992.82,15000.81,14991.8,14997.31,74
2026-07-03T16:15:00+00:00,14997.31,15001.82,14994.32,14997.3,101
2026-07-03T16:30:00+00:00,14997.3,14997.82,14995.8,14996.8,59
2026-07-03T16:45:00+00:00,14996.8,14997.8,14993.3,14996.8,76.19159836065575
2026-07-03T17:00:00+00:00,14996.8,14996.8,14994.8,14995.31,45.97305795756692
2026-07-03T17:15:00+00:00,14995.31,14995.82,14995.3,14995.82,20.24486086727438
2026-07-03T17:30:00+00:00,14995.82,14996.32,14995.81,14996.32,21.541001488379553
2026-07-03T17:45:00+00:00,14996.32,14998.81,14996.32,14998.32,25.08486941207665
2026-07-03T18:00:00+00:00,14998.32,14998.32,14996.3,14996.3,24.42003055658055
2026-07-03T18:15:00+00:00,14996.3,14997.8,14996.3,14996.32,22.00417224775542
2026-07-03T18:30:00+00:00,14996.32,14997.32,14996.3,14996.81,27.98602106043819
2026-07-03T18:45:00+00:00,14996.81,14997.32,14994.3,14994.3,39.395766780256615
2026-07-03T19:00:00+00:00,14994.3,14994.82,14993.8,14994.3,34.586207715483646
2026-07-03T19:15:00+00:00,14994.3,14995.31,14994.3,14995.3,29.34860187204965
2026-07-03T19:30:00+00:00,14995.3,14995.32,14993.3,14993.3,51.19685245901639
2026-07-03T19:45:00+00:00,14993.3,14994.32,14980.8,14984.3,108.06626518056886
2026-07-03T20:00:00+00:00,14984.3,14984.82,14980.82,14982.3,318.50204846960895
2026-07-03T20:15:00+00:00,14982.3,14983.32,14980.3,14980.82,111.19309262166405
2026-07-03T20:30:00+00:00,14980.82,14990.32,14980.8,14987.31,1024
2026-07-06T01:00:00+00:00,14987.31,14996.84,14951.82,14988.33,910.618005889777
2026-07-06T01:15:00+00:00,14988.33,15113.83,14982.82,15068.82,3525
2026-07-06T01:30:00+00:00,15068.82,15077.34,14931.33,15018.83,19046
2026-07-06T01:45:00+00:00,15018.83,15071.83,15014.32,15030.34,11412
2026-07-06T02:00:00+00:00,15030.34,15069.84,15016.33,15038.83,9734
2026-07-06T02:15:00+00:00,15038.83,15046.84,14952.83,14955.84,8432
2026-07-06T02:30:00+00:00,14955.84,14979.32,14893.82,14944.83,8691
2026-07-06T02:45:00+00:00,14944.83,14996.84,14887.33,14983.34,8970
2026-07-06T03:00:00+00:00,14983.34,15055.84,14965.32,15052.83,7445
2026-07-06T03:15:00+00:00,15052.83,15082.84,15028.82,15073.34,6438
2026-07-06T03:30:00+00:00,15073.34,15090.84,15054.32,15068.84,1385
2026-07-06T03:45:00+00:00,15068.84,15079.84,15065.32,15076.84,548
2026-07-06T04:00:00+00:00,15076.84,15076.84,15058.83,15066.82,254
2026-07-06T04:15:00+00:00,15066.82,15070.84,15062.83,15066.84,239
2026-07-06T04:30:00+00:00,15066.84,15077.83,15066.32,15075.32,219
2026-07-06T04:45:00+00:00,15075.32,15079.82,15072.84,15074.34,216
2026-07-06T05:00:00+00:00,15074.34,15086.82,15033.32,15041.34,7519
2026-07-06T05:15:00+00:00,15041.34,15067.82,15020.84,15045.82,4397
2026-07-06T05:30:00+00:00,15045.82,15082.33,15001.83,15081.82,4681
2026-07-06T05:45:00+00:00,15081.82,15089.32,15056.83,15065.34,4015
2026-07-06T06:00:00+00:00,15065.34,15090.34,15056.82,15066.32,3403
2026-07-06T06:15:00+00:00,15066.32,15066.34,15039.34,15044.32,2683
2026-07-06T06:30:00+00:00,15044.32,15074.32,15024.82,15032.34,2862
2026-07-06T06:45:00+00:00,15032.34,15047.32,15012.82,15020.32,2310
2026-07-06T07:00:00+00:00,15020.32,15025.84,14999.84,15020.34,1107
2026-07-06T07:15:00+00:00,15020.34,15031.84,15020.34,15026.33,309
2026-07-06T07:30:00+00:00,15026.33,15035.34,15015.84,15031.84,374
2026-07-06T07:45:00+00:00,15031.84,15033.84,15024.82,15029.33,320
2026-07-06T08:00:00+00:00,15029.33,15039.84,15026.32,15032.83,669
2026-07-06T08:15:00+00:00,15032.83,15034.84,15025.82,15031.32,347
2026-07-06T09:00:00+00:00,15031.32,15031.83,15005.82,15016.83,456
2026-07-06T09:15:00+00:00,15016.83,15019.34,15004.32,15005.33,325
2026-07-06T09:30:00+00:00,15005.33,15007.34,14993.82,15001.33,448
2026-07-06T09:45:00+00:00,15001.33,15013.84,15001.33,15009.84,173
2026-07-06T10:00:00+00:00,15009.84,15014.84,15007.34,15014.82,150
2026-07-06T10:15:00+00:00,15014.82,15016.84,15011.82,15014.33,121
2026-07-06T10:30:00+00:00,15014.33,15018.84,15010.82,15010.83,146
2026-07-06T10:45:00+00:00,15010.83,15013.84,15007.82,15010.82,124
2026-07-06T11:00:00+00:00,15010.82,15012.33,15003.82,15006.82,178
2026-07-06T11:15:00+00:00,15006.82,15012.82,15004.32,15010.34,115
2026-07-06T11:30:00+00:00,15010.34,15014.82,15009.82,15014.82,113
2026-07-06T11:45:00+00:00,15014.82,15015.84,15008.82,15008.83,85
2026-07-06T12:00:00+00:00,15008.83,15016.84,15007.82,15016.33,166
2026-07-06T12:15:00+00:00,15016.33,15017.84,15007.82,15008.32,155
2026-07-06T12:30:00+00:00,15008.32,15009.33,15000.83,15001.83,164
2026-07-06T12:45:00+00:00,15001.83,15003.84,15000.33,15002.34,107
2026-07-06T13:00:00+00:00,15002.34,15002.84,14992.34,14997.33,174
2026-07-06T13:15:00+00:00,14997.33,15010.84,14997.33,15008.83,171
2026-07-06T13:30:00+00:00,15008.83,15022.84,15008.83,15018.34,1263
2026-07-06T13:45:00+00:00,15018.34,15027.32,15016.82,15023.83,765
2026-07-06T14:00:00+00:00,15023.83,15024.83,15012.82,15023.84,811
2026-07-06T14:15:00+00:00,15023.84,15023.84,15016.83,15018.84,438
2026-07-06T14:30:00+00:00,15018.84,15019.83,15009.82,15016.83,402
2026-07-06T14:45:00+00:00,15016.83,15023.34,15015.34,15022.84,299
2026-07-06T15:00:00+00:00,15022.84,15031.83,15019.84,15025.33,333
2026-07-06T15:15:00+00:00,15025.33,15040.84,15025.33,15040.84,259
2026-07-06T15:30:00+00:00,15040.84,15045.84,15034.32,15040.33,274
2026-07-06T15:45:00+00:00,15040.33,15045.84,15034.83,15038.32,243
2026-07-06T16:00:00+00:00,15038.32,15039.84,15033.82,15035.32,125
2026-07-06T16:15:00+00:00,15035.32,15036.33,15030.82,15035.84,122
2026-07-06T16:30:00+00:00,15035.84,15038.83,15033.82,15036.84,138
2026-07-06T16:45:00+00:00,15036.84,15039.84,15033.82,15036.84,159
2026-07-06T17:00:00+00:00,15036.84,15039.83,15034.82,15038.82,155
2026-07-06T17:15:00+00:00,15038.82,15042.84,15036.82,15040.33,135
2026-07-06T17:30:00+00:00,15040.33,15040.84,15030.83,15035.32,189
2026-07-06T17:45:00+00:00,15035.32,15037.84,15032.83,15034.82,180
2026-07-06T18:00:00+00:00,15034.82,15039.84,15033.82,15038.84,125
2026-07-06T18:15:00+00:00,15038.84,15042.84,15038.84,15041.33,126
2026-07-06T18:30:00+00:00,15041.33,15042.84,15038.82,15040.33,119.66909923750995
2026-07-06T18:45:00+00:00,15040.33,15043.82,15039.84,15042.33,84
2026-07-06T19:00:00+00:00,15042.33,15044.84,15042.33,15043.84,84.86969696969697
2026-07-06T19:15:00+00:00,15043.84,15046.84,15042.82,15044.83,78
2026-07-06T19:30:00+00:00,15044.83,15044.83,15039.82,15042.84,130
2026-07-06T19:45:00+00:00,15042.84,15048.84,15041.84,15048.33,220
2026-07-06T20:00:00+00:00,15048.33,15048.33,15044.33,15044.33,46.83585095669687
2026-07-06T20:15:00+00:00,15044.33,15045.84,15044.32,15045.33,32.5016077123184
2026-07-06T20:30:00+00:00,15045.33,15045.82,15043.82,15043.82,29.232923207810824
2026-07-07T01:00:00+00:00,15043.82,15043.82,14978.449999999999,14991.949999999999,935.732923076923
2026-07-07T01:15:00+00:00,14991.949999999999,15013.949999999999,14946.449999999999,14983.96,3130
2026-07-07T01:30:00+00:00,14983.96,15039.46,14951.46,15030.939999999999,14675
2026-07-07T01:45:00+00:00,15030.939999999999,15080.96,15019.96,15048.939999999999,8998
2026-07-07T02:00:00+00:00,15048.939999999999,15092.96,15037.439999999999,15067.439999999999,7011
2026-07-07T02:15:00+00:00,15067.439999999999,15073.96,14993.939999999999,14993.949999999999,6425
2026-07-07T02:30:00+00:00,14993.949999999999,15022.46,14978.939999999999,15009.439999999999,5842
2026-07-07T02:45:00+00:00,15009.439999999999,15011.949999999999,14978.939999999999,14982.46,4597
2026-07-07T03:00:00+00:00,14982.46,15040.96,14973.949999999999,14989.96,4961
2026-07-07T03:15:00+00:00,14989.96,15005.46,14975.439999999999,14993.939999999999,4479
2026-07-07T03:30:00+00:00,14993.939999999999,15018.96,14983.949999999999,14988.949999999999,1063
2026-07-07T03:45:00+00:00,14988.949999999999,14991.949999999999,14977.46,14981.949999999999,493
2026-07-07T04:00:00+00:00,14981.949999999999,14990.46,14977.439999999999,14982.96,257
2026-07-07T04:15:00+00:00,14982.96,14983.439999999999,14966.439999999999,14970.939999999999,337
2026-07-07T04:30:00+00:00,14970.939999999999,14984.949999999999,14968.939999999999,14975.439999999999,354
2026-07-07T04:45:00+00:00,14975.439999999999,14981.96,14975.439999999999,14981.949999999999,192
2026-07-07T05:00:00+00:00,14981.949999999999,14981.949999999999,14855.939999999999,14858.949999999999,6877
2026-07-07T05:15:00+00:00,14858.949999999999,14966.949999999999,14845.939999999999,14960.939999999999,6917
2026-07-07T05:30:00+00:00,14960.939999999999,15021.96,14956.939999999999,15021.439999999999,8114
2026-07-07T05:45:00+00:00,15021.439999999999,15032.96,14987.439999999999,14989.439999999999,5611
2026-07-07T06:00:00+00:00,14989.439999999999,15013.46,14925.949999999999,14937.949999999999,4566
2026-07-07T06:15:00+00:00,14937.949999999999,14964.96,14929.439999999999,14958.939999999999,3855
2026-07-07T06:30:00+00:00,14958.939999999999,15009.949999999999,14951.439999999999,14987.46,4293
2026-07-07T06:45:00+00:00,14987.46,14990.949999999999,14949.46,14968.46,3109
2026-07-07T07:00:00+00:00,14968.46,14969.949999999999,14954.449999999999,14966.96,956
2026-07-07T07:15:00+00:00,14966.96,14978.96,14966.439999999999,14975.46,620
2026-07-07T07:30:00+00:00,14975.46,14977.939999999999,14967.949999999999,14972.46,375
2026-07-07T07:45:00+00:00,14972.46,14973.96,14965.96,14970.96,339
2026-07-07T08:00:00+00:00,14970.96,14974.439999999999,14962.939999999999,14972.46,394
2026-07-07T08:15:00+00:00,14972.46,14976.439999999999,14969.939999999999,14975.96,219
2026-07-07T09:00:00+00:00,14975.96,14976.449999999999,14957.439999999999,14976.449999999999,240
2026-07-07T09:15:00+00:00,14976.449999999999,14985.96,14973.96,14980.46,236
2026-07-07T09:30:00+00:00,14980.46,14988.449999999999,14975.96,14986.949999999999,175
2026-07-07T09:45:00+00:00,14986.949999999999,14990.939999999999,14980.939999999999,14981.949999999999,143
2026-07-07T10:00:00+00:00,14981.949999999999,14984.46,14955.949999999999,14960.949999999999,314
2026-07-07T10:15:00+00:00,14960.949999999999,14971.949999999999,14957.949999999999,14968.96,250
2026-07-07T10:30:00+00:00,14968.96,14968.96,14961.939999999999,14963.949999999999,114
2026-07-07T10:45:00+00:00,14963.949999999999,14977.96,14959.949999999999,14975.96,173
2026-07-07T11:00:00+00:00,14975.96,14977.939999999999,14969.46,14972.939999999999,218
2026-07-07T11:15:00+00:00,14972.939999999999,14980.96,14970.939999999999,14971.46,136
2026-07-07T11:30:00+00:00,14971.46,14971.46,14963.439999999999,14970.939999999999,155
2026-07-07T11:45:00+00:00,14970.939999999999,14977.449999999999,14964.949999999999,14977.449999999999,263
2026-07-07T12:00:00+00:00,14977.449999999999,14984.96,14975.939999999999,14981.96,204
2026-07-07T12:15:00+00:00,14981.96,14988.96,14976.949999999999,14988.46,207
2026-07-07T12:30:00+00:00,14988.46,14993.96,14981.949999999999,14990.46,191
2026-07-07T12:45:00+00:00,14990.46,14992.46,14979.949999999999,14987.449999999999,174
2026-07-07T13:00:00+00:00,14987.449999999999,14992.96,14984.439999999999,14991.96,169
2026-07-07T13:15:00+00:00,14991.96,14992.449999999999,14987.939999999999,14990.96,205
2026-07-07T13:30:00+00:00,14990.96,15014.939999999999,14985.939999999999,15013.96,1522
2026-07-07T13:45:00+00:00,15013.96,15014.96,14990.939999999999,14997.46,1363
2026-07-07T14:00:00+00:00,14997.46,15005.449999999999,14978.939999999999,14979.949999999999,1282
2026-07-07T14:15:00+00:00,14979.949999999999,14984.46,14967.949999999999,14975.949999999999,1136
2026-07-07T14:30:00+00:00,14975.949999999999,14977.46,14951.949999999999,14955.96,1141
2026-07-07T14:45:00+00:00,14955.96,14965.96,14954.949999999999,14956.949999999999,1043
2026-07-07T15:00:00+00:00,14956.949999999999,14956.96,14930.949999999999,14931.46,805
2026-07-07T15:15:00+00:00,14931.46,14933.949999999999,14920.939999999999,14932.949999999999,776
2026-07-07T15:30:00+00:00,14932.949999999999,14940.96,14928.949999999999,14937.96,521
2026-07-07T15:45:00+00:00,14937.96,14941.96,14931.949999999999,14938.939999999999,542
2026-07-07T16:00:00+00:00,14938.939999999999,14949.939999999999,14937.949999999999,14948.96,340
2026-07-07T16:15:00+00:00,14948.96,14960.939999999999,14946.939999999999,14958.939999999999,352
2026-07-07T16:30:00+00:00,14958.939999999999,14961.949999999999,14953.949999999999,14958.96,277
2026-07-07T16:45:00+00:00,14958.96,14962.96,14956.939999999999,14962.949999999999,220
2026-07-07T17:00:00+00:00,14962.949999999999,14971.96,14961.46,14964.939999999999,231
2026-07-07T17:15:00+00:00,14964.939999999999,14971.96,14959.939999999999,14971.46,256
2026-07-07T17:30:00+00:00,14971.46,14981.939999999999,14970.96,14981.939999999999,271
2026-07-07T17:45:00+00:00,14981.939999999999,14983.449999999999,14977.939999999999,14983.449999999999,238
2026-07-07T18:00:00+00:00,14983.449999999999,14984.96,14977.939999999999,14978.949999999999,239
2026-07-07T18:15:00+00:00,14978.949999999999,14982.96,14977.449999999999,14978.939999999999,200
2026-07-07T18:30:00+00:00,14978.939999999999,14979.96,14968.939999999999,14973.449999999999,251
2026-07-07T18:45:00+00:00,14973.449999999999,14974.96,14960.939999999999,14961.949999999999,529
2026-07-07T19:00:00+00:00,14961.949999999999,14962.939999999999,14951.939999999999,14955.449999999999,382
2026-07-07T19:15:00+00:00,14955.449999999999,14956.439999999999,14943.939999999999,14953.96,471
2026-07-07T19:30:00+00:00,14953.96,14961.939999999999,14953.939999999999,14958.439999999999,367
2026-07-07T19:45:00+00:00,14958.439999999999,14972.46,14956.96,14971.939999999999,364
2026-07-07T20:00:00+00:00,14971.939999999999,14973.46,14963.96,14965.96,116
2026-07-07T20:15:00+00:00,14965.96,14965.96,14962.439999999999,14964.939999999999,42
2026-07-07T20:30:00+00:00,14964.939999999999,14964.96,14962.449999999999,14962.449999999999,31.492644543277454
2026-07-08T01:00:00+00:00,14962.449999999999,15010.75,14962.449999999999,14994.24,599.9056451612903
2026-07-08T01:15:00+00:00,14994.24,15025.25,14960.25,15021.74,2070
2026-07-08T01:30:00+00:00,15021.74,15041.25,14974.25,15013.26,13943
2026-07-08T01:45:00+00:00,15013.26,15078.74,14998.74,15011.76,11544
2026-07-08T02:00:00+00:00,15011.76,15026.75,14969.74,15004.25,10062
2026-07-08T02:15:00+00:00,15004.25,15099.25,15000.75,15096.25,7148
2026-07-08T02:30:00+00:00,15096.25,15112.76,15066.25,15097.26,7087
2026-07-08T02:45:00+00:00,15097.26,15108.26,15060.25,15068.75,5305
2026-07-08T03:00:00+00:00,15068.75,15145.26,15064.25,15137.25,4672
2026-07-08T03:15:00+00:00,15137.25,15206.74,15115.24,15183.75,5135
2026-07-08T03:30:00+00:00,15183.75,15208.25,15176.26,15184.74,1195
2026-07-08T03:45:00+00:00,15184.74,15191.75,15174.24,15175.76,544
2026-07-08T04:00:00+00:00,15175.76,15175.76,15153.26,15154.75,281
2026-07-08T04:15:00+00:00,15154.75,15157.26,15140.24,15141.24,235
2026-07-08T04:30:00+00:00,15141.24,15144.24,15124.24,15128.25,501
2026-07-08T04:45:00+00:00,15128.25,15132.75,15100.25,15119.24,498
2026-07-08T05:00:00+00:00,15119.24,15143.25,15037.24,15124.26,8841
2026-07-08T05:15:00+00:00,15124.26,15143.26,15087.74,15097.26,4531
2026-07-08T05:30:00+00:00,15097.26,15097.76,15049.75,15072.26,4255
2026-07-08T05:45:00+00:00,15072.26,15113.75,15025.24,15097.25,4195
2026-07-08T06:00:00+00:00,15097.25,15108.76,15057.24,15074.76,3931
2026-07-08T06:15:00+00:00,15074.76,15102.74,15054.24,15071.26,3709
2026-07-08T06:30:00+00:00,15071.26,15080.25,15021.26,15034.25,3598
2026-07-08T06:45:00+00:00,15034.25,15038.76,14962.24,14962.75,3743
2026-07-08T07:00:00+00:00,14962.75,14967.25,14936.24,14951.74,1781
2026-07-08T07:15:00+00:00,14951.74,14982.24,14951.24,14978.26,708
2026-07-08T07:30:00+00:00,14978.26,14990.26,14977.24,14982.26,635
2026-07-08T07:45:00+00:00,14982.26,14983.26,14974.24,14976.24,569
2026-07-08T08:00:00+00:00,14976.24,14981.75,14970.26,14979.75,526
2026-07-08T08:15:00+00:00,14979.75,14980.26,14928.75,14939.74,3013
2026-07-08T09:00:00+00:00,14939.74,14939.74,14863.24,14871.24,711
2026-07-08T09:15:00+00:00,14871.24,14892.76,14853.26,14891.74,855
2026-07-08T09:30:00+00:00,14891.74,14903.26,14890.76,14902.24,485
2026-07-08T09:45:00+00:00,14902.24,14908.26,14895.74,14901.24,527
2026-07-08T10:00:00+00:00,14901.24,14904.24,14893.25,14897.75,487
2026-07-08T10:15:00+00:00,14897.75,14909.76,14896.26,14905.76,352
2026-07-08T10:30:00+00:00,14905.76,14912.26,14901.75,14911.24,430
2026-07-08T10:45:00+00:00,14911.24,14918.26,14908.25,14911.75,383
2026-07-08T11:00:00+00:00,14911.75,14912.25,14904.74,14910.75,392
2026-07-08T11:15:00+00:00,14910.75,14911.26,14904.75,14906.26,274
2026-07-08T11:30:00+00:00,14906.26,14938.26,14901.24,14928.24,1100
2026-07-08T11:45:00+00:00,14928.24,14928.24,14905.25,14913.25,764
2026-07-08T12:00:00+00:00,14913.25,14927.74,14905.26,14920.25,507
2026-07-08T12:15:00+00:00,14920.25,14929.24,14917.24,14928.25,303
2026-07-08T12:30:00+00:00,14928.25,14937.26,14925.26,14937.25,498
2026-07-08T12:45:00+00:00,14937.25,14945.24,14931.25,14932.25,581
2026-07-08T13:00:00+00:00,14932.25,14943.26,14931.24,14941.25,485
2026-07-08T13:15:00+00:00,14941.25,14941.76,14930.25,14932.75,474
2026-07-08T13:30:00+00:00,14932.75,14956.25,14932.25,14950.75,2035
2026-07-08T13:45:00+00:00,14950.75,14962.26,14939.24,14949.74,1352
2026-07-08T14:00:00+00:00,14949.74,14953.25,14933.26,14934.26,1250
2026-07-08T14:15:00+00:00,14934.26,14964.26,14931.24,14948.76,1368
2026-07-08T14:30:00+00:00,14948.76,14951.76,14929.24,14936.24,1168
2026-07-08T14:45:00+00:00,14936.24,14937.26,14904.25,14906.75,1269
2026-07-08T15:00:00+00:00,14906.75,14913.25,14892.24,14892.74,946
2026-07-08T15:15:00+00:00,14892.74,14899.75,14880.24,14883.25,1002
2026-07-08T15:30:00+00:00,14883.25,14895.25,14878.26,14885.25,872
2026-07-08T15:45:00+00:00,14885.25,14886.76,14879.24,14884.25,615
2026-07-08T16:00:00+00:00,14884.25,14901.26,14884.25,14898.24,673
2026-07-08T16:15:00+00:00,14898.24,14906.26,14894.24,14904.26,614
2026-07-08T16:30:00+00:00,14904.26,14922.26,14903.25,14919.24,1148
2026-07-08T16:45:00+00:00,14919.24,14930.26,14917.24,14929.24,713
2026-07-08T17:00:00+00:00,14929.24,14945.24,14926.24,14935.26,530
2026-07-08T17:15:00+00:00,14935.26,14954.26,14934.25,14953.24,436
2026-07-08T17:30:00+00:00,14953.24,14954.26,14945.24,14946.25,339
2026-07-08T17:45:00+00:00,14946.25,14946.26,14933.24,14937.76,350
2026-07-08T18:00:00+00:00,14937.76,14951.25,14934.24,14949.76,784
2026-07-08T18:15:00+00:00,14949.76,14951.24,14942.74,14946.26,368
2026-07-08T18:30:00+00:00,14946.26,14952.26,14942.24,14952.25,396
2026-07-08T18:45:00+00:00,14952.25,14955.25,14948.25,14951.77,345.1851664346285
2026-07-08T19:00:00+00:00,14951.77,14958.26,14947.27,14948.27,231
2026-07-08T19:15:00+00:00,14948.27,14949.27,14940.26,14946.26,215
2026-07-08T19:30:00+00:00,14946.26,14948.27,14941.25,14947.27,309
2026-07-08T19:45:00+00:00,14947.27,14962.26,14942.75,14959.77,447
2026-07-08T20:00:00+00:00,14959.77,14959.77,14948.25,14949.75,114
2026-07-08T20:15:00+00:00,14949.75,14949.77,14943.25,14943.77,76
2026-07-08T20:30:00+00:00,14943.77,14944.27,14937.25,14941.26,62.522448979591836
2026-07-09T01:00:00+00:00,14941.26,14977.97,14941.26,14966.97,903.7965903783279
2026-07-09T01:15:00+00:00,14966.97,15022.46,14957.97,15018.949999999999,2195
2026-07-09T01:30:00+00:00,15018.949999999999,15054.46,14978.46,14995.46,14010
2026-07-09T01:45:00+00:00,14995.46,15036.449999999999,14985.97,15019.47,9483
2026-07-09T02:00:00+00:00,15019.47,15083.46,14985.46,15071.96,8512
2026-07-09T02:15:00+00:00,15071.96,15112.46,15041.47,15042.449999999999,6321
2026-07-09T02:30:00+00:00,15042.449999999999,15066.47,15020.449999999999,15034.97,5504
2026-07-09T02:45:00+00:00,15034.97,15052.449999999999,15002.449999999999,15007.97,5989
2026-07-09T03:00:00+00:00,15007.97,15041.449999999999,14996.96,15002.96,4886
2026-07-09T03:15:00+00:00,15002.96,15061.47,14974.449999999999,15034.449999999999,5187
2026-07-09T03:30:00+00:00,15034.449999999999,15060.449999999999,15028.46,15056.97,978
2026-07-09T03:45:00+00:00,15056.97,15056.97,15043.46,15045.47,524
2026-07-09T04:00:00+00:00,15045.47,15049.47,15041.449999999999,15041.97,293
2026-07-09T04:15:00+00:00,15041.97,15046.47,15031.949999999999,15036.97,284
2026-07-09T04:30:00+00:00,15036.97,15053.47,15036.97,15051.46,320
2026-07-09T04:45:00+00:00,15051.46,15052.46,15044.96,15049.47,332
2026-07-09T05:00:00+00:00,15049.47,15195.47,15048.949999999999,15189.449999999999,9042
2026-07-09T05:15:00+00:00,15189.449999999999,15192.449999999999,15111.449999999999,15148.97,6613
2026-07-09T05:30:00+00:00,15148.97,15216.47,15093.47,15215.449999999999,6721
2026-07-09T05:45:00+00:00,15215.449999999999,15319.46,15215.449999999999,15310.96,7190
2026-07-09T06:00:00+00:00,15310.96,15331.47,15291.449999999999,15323.449999999999,6550
2026-07-09T06:15:00+00:00,15323.449999999999,15354.97,15291.97,15354.97,6127
2026-07-09T06:30:00+00:00,15354.97,15411.449999999999,15340.449999999999,15410.47,4715
2026-07-09T06:45:00+00:00,15410.47,15417.97,15373.449999999999,15379.949999999999,4257
2026-07-09T07:00:00+00:00,15379.949999999999,15406.47,15378.46,15387.97,1639
2026-07-09T07:15:00+00:00,15387.97,15394.949999999999,15380.97,15383.449999999999,700
2026-07-09T07:30:00+00:00,15383.449999999999,15384.96,15378.449999999999,15383.46,347
2026-07-09T07:45:00+00:00,15383.46,15384.449999999999,15370.949999999999,15372.949999999999,376
2026-07-09T08:00:00+00:00,15372.949999999999,15378.47,15367.949999999999,15372.47,802
2026-07-09T08:15:00+00:00,15372.47,15377.97,15370.46,15377.47,366
2026-07-09T09:00:00+00:00,15377.47,15384.96,15357.47,15362.949999999999,277
2026-07-09T09:15:00+00:00,15362.949999999999,15369.47,15355.96,15363.47,288
2026-07-09T09:30:00+00:00,15363.47,15368.47,15349.46,15352.96,290
2026-07-09T09:45:00+00:00,15352.96,15362.949999999999,15352.96,15362.949999999999,160
2026-07-09T10:00:00+00:00,15362.949999999999,15371.449999999999,15362.46,15363.449999999999,186
2026-07-09T10:15:00+00:00,15363.449999999999,15368.97,15360.47,15364.47,138
2026-07-09T10:30:00+00:00,15364.47,15369.96,15360.449999999999,15368.949999999999,183
2026-07-09T10:45:00+00:00,15368.949999999999,15369.47,15351.449999999999,15363.449999999999,422
2026-07-09T11:00:00+00:00,15363.449999999999,15376.47,15363.449999999999,15373.47,280
2026-07-09T11:15:00+00:00,15373.47,15376.449999999999,15366.449999999999,15375.949999999999,332
2026-07-09T11:30:00+00:00,15375.949999999999,15379.47,15373.97,15378.46,268
2026-07-09T11:45:00+00:00,15378.46,15389.47,15377.46,15383.47,204
2026-07-09T12:00:00+00:00,15383.47,15393.47,15381.949999999999,15392.47,297
2026-07-09T12:15:00+00:00,15392.47,15401.949999999999,15390.47,15401.949999999999,289
2026-07-09T12:30:00+00:00,15401.949999999999,15409.47,15399.96,15399.96,411
2026-07-09T12:45:00+00:00,15399.96,15399.96,15387.449999999999,15396.449999999999,236
2026-07-09T13:00:00+00:00,15396.449999999999,15410.46,15396.449999999999,15408.449999999999,248
2026-07-09T13:15:00+00:00,15408.449999999999,15409.449999999999,15396.46,15398.46,217
2026-07-09T13:30:00+00:00,15398.46,15417.47,15388.96,15417.47,1138
2026-07-09T13:45:00+00:00,15417.47,15418.47,15401.449999999999,15414.96,803
2026-07-09T14:00:00+00:00,15414.96,15425.96,15394.449999999999,15401.47,909
2026-07-09T14:15:00+00:00,15401.47,15404.449999999999,15383.449999999999,15398.46,1220
2026-07-09T14:30:00+00:00,15398.46,15400.47,15393.96,15394.96,699
2026-07-09T14:45:00+00:00,15394.96,15405.46,15394.449999999999,15399.47,561
2026-07-09T15:00:00+00:00,15399.47,15407.47,15398.449999999999,15404.949999999999,327
2026-07-09T15:15:00+00:00,15404.949999999999,15409.47,15401.449999999999,15403.97,308
2026-07-09T15:30:00+00:00,15403.97,15419.47,15401.449999999999,15418.47,352
2026-07-09T15:45:00+00:00,15418.47,15426.47,15415.449999999999,15415.46,246
2026-07-09T16:00:00+00:00,15415.46,15421.46,15410.449999999999,15421.46,200
2026-07-09T16:15:00+00:00,15421.46,15423.449999999999,15408.46,15408.47,185
2026-07-09T16:30:00+00:00,15408.47,15411.47,15399.949999999999,15404.449999999999,208
2026-07-09T16:45:00+00:00,15404.449999999999,15404.47,15397.949999999999,15399.47,170
2026-07-09T17:00:00+00:00,15399.47,15404.46,15397.449999999999,15401.47,161
2026-07-09T17:15:00+00:00,15401.47,15403.47,15400.449999999999,15400.949999999999,133
2026-07-09T17:30:00+00:00,15400.949999999999,15404.47,15400.47,15403.449999999999,122
2026-07-09T17:45:00+00:00,15403.449999999999,15405.949999999999,15397.97,15399.47,83.32355154251317
2026-07-09T18:00:00+00:00,15399.47,15407.449999999999,15398.46,15406.47,150
2026-07-09T18:15:00+00:00,15406.47,15407.46,15399.949999999999,15401.449999999999,130
2026-07-09T18:30:00+00:00,15401.449999999999,15401.47,15397.449999999999,15399.47,134
2026-07-09T18:45:00+00:00,15399.47,15406.47,15399.449999999999,15405.46,77.44843509492047
2026-07-09T19:00:00+00:00,15405.46,15405.47,15400.449999999999,15404.46,115
2026-07-09T19:15:00+00:00,15404.46,15416.47,15403.449999999999,15415.96,105.38240917782026
2026-07-09T19:30:00+00:00,15415.96,15421.97,15410.96,15420.97,201
2026-07-09T19:45:00+00:00,15420.97,15423.46,15415.47,15420.97,269
2026-07-09T20:00:00+00:00,15420.97,15420.97,15410.449999999999,15412.949999999999,70
2026-07-09T20:15:00+00:00,15412.949999999999,15414.47,15411.449999999999,15414.46,37.36524100475221
2026-07-09T20:30:00+00:00,15414.46,15418.47,15414.449999999999,15415.47,59.698015620457454
2026-07-10T01:00:00+00:00,15415.47,15423.96,15399.449999999999,15420.96,592.6599526066351
2026-07-10T01:15:00+00:00,15420.96,15468.449999999999,15403.46,15423.949999999999,2116
2026-07-10T01:30:00+00:00,15423.949999999999,15457.96,15349.949999999999,15403.46,15493
2026-07-10T01:45:00+00:00,15403.46,15458.949999999999,15380.94,15422.44,9853
2026-07-10T02:00:00+00:00,15422.44,15446.949999999999,15390.96,15414.949999999999,9404
2026-07-10T02:15:00+00:00,15414.949999999999,15470.449999999999,15410.94,15455.94,7742
2026-07-10T02:30:00+00:00,15455.94,15464.46,15385.949999999999,15423.949999999999,7187
2026-07-10T02:45:00+00:00,15423.949999999999,15441.949999999999,15397.949999999999,15428.94,5647
2026-07-10T03:00:00+00:00,15428.94,15442.96,15400.94,15421.96,4777
2026-07-10T03:15:00+00:00,15421.96,15440.449999999999,15398.449999999999,15422.96,4540
2026-07-10T03:30:00+00:00,15422.96,15422.96,15398.44,15401.44,914
2026-07-10T03:45:00+00:00,15401.44,15403.449999999999,15394.96,15401.949999999999,512
2026-07-10T04:00:00+00:00,15401.949999999999,15403.96,15399.949999999999,15399.949999999999,193
2026-07-10T04:15:00+00:00,15399.949999999999,15405.46,15392.449999999999,15392.449999999999,181.05645989147968
2026-07-10T04:30:00+00:00,15392.449999999999,15410.949999999999,15392.449999999999,15406.949999999999,194.0896273917422
2026-07-10T04:45:00+00:00,15406.949999999999,15411.96,15394.44,15394.96,296
2026-07-10T05:00:00+00:00,15394.96,15411.96,15341.94,15377.94,6712
2026-07-10T05:15:00+00:00,15377.94,15388.96,15330.94,15331.94,4125
2026-07-10T05:30:00+00:00,15331.94,15332.46,15249.94,15250.949999999999,4537
2026-07-10T05:45:00+00:00,15250.949999999999,15255.96,15200.44,15200.949999999999,5497
2026-07-10T06:00:00+00:00,15200.949999999999,15207.46,15122.94,15137.96,7145
2026-07-10T06:15:00+00:00,15137.96,15165.96,15111.94,15111.96,5721
2026-07-10T06:30:00+00:00,15111.96,15129.449999999999,15036.44,15040.449999999999,6464
2026-07-10T06:45:00+00:00,15040.449999999999,15075.96,15004.94,15033.44,6522
2026-07-10T07:00:00+00:00,15033.44,15033.44,15005.44,15022.46,1279
2026-07-10T07:15:00+00:00,15022.46,15031.94,15019.44,15026.449999999999,395
2026-07-10T07:30:00+00:00,15026.449999999999,15026.449999999999,15013.94,15017.949999999999,358
2026-07-10T07:45:00+00:00,15017.949999999999,15021.96,15010.94,15020.94,631
2026-07-10T08:00:00+00:00,15020.94,15025.949999999999,14997.96,15019.46,973
2026-07-10T08:15:00+00:00,15019.46,15023.949999999999,15010.44,15015.96,427
2026-07-10T09:00:00+00:00,15015.96,15021.949999999999,15000.96,15010.46,541
2026-07-10T09:15:00+00:00,15010.46,15027.46,15010.46,15027.46,150.46368618402076
2026-07-10T09:30:00+00:00,15027.46,15030.94,15022.96,15025.44,155
2026-07-10T09:45:00+00:00,15025.44,15029.96,15025.44,15029.44,109.44688142563399
2026-07-10T10:00:00+00:00,15029.44,15036.46,15029.44,15034.94,111.26501209380586
2026-07-10T10:15:00+00:00,15034.94,15041.949999999999,15029.94,15041.44,152
2026-07-10T10:30:00+00:00,15041.44,15044.449999999999,15038.949999999999,15043.46,96
2026-07-10T10:45:00+00:00,15043.46,15043.46,15035.94,15039.94,128
2026-07-10T11:00:00+00:00,15039.94,15045.949999999999,15037.94,15045.949999999999,110
2026-07-10T11:15:00+00:00,15045.949999999999,15049.44,15037.949999999999,15039.94,139
2026-07-10T11:30:00+00:00,15039.94,15041.46,15033.949999999999,15040.449999999999,171
2026-07-10T11:45:00+00:00,15040.449999999999,15044.96,15037.94,15040.46,128
2026-07-10T12:00:00+00:00,15040.46,15063.44,15032.96,15049.46,619
2026-07-10T12:15:00+00:00,15049.46,15050.949999999999,15042.94,15048.96,320
2026-07-10T12:30:00+00:00,15048.96,15054.949999999999,15043.949999999999,15045.949999999999,363
2026-07-10T12:45:00+00:00,15045.949999999999,15057.949999999999,15043.94,15055.46,303
2026-07-10T13:00:00+00:00,15055.46,15061.96,15051.94,15060.96,305
2026-07-10T13:15:00+00:00,15060.96,15061.949999999999,15038.96,15039.44,218
2026-07-10T13:30:00+00:00,15039.44,15051.96,15031.44,15042.96,1064
2026-07-10T13:45:00+00:00,15042.96,15063.96,15042.449999999999,15054.949999999999,935
2026-07-10T14:00:00+00:00,15054.949999999999,15063.96,15051.94,15057.94,1032
2026-07-10T14:15:00+00:00,15057.94,15059.96,15047.949999999999,15051.46,795
2026-07-10T14:30:00+00:00,15051.46,15060.94,15024.46,15052.449999999999,2485
2026-07-10T14:45:00+00:00,15052.449999999999,15060.46,15050.94,15050.96,615
2026-07-10T15:00:00+00:00,15050.96,15053.96,15046.449999999999,15046.94,673
2026-07-10T15:15:00+00:00,15046.94,15061.94,15046.94,15059.949999999999,549
2026-07-10T15:30:00+00:00,15059.949999999999,15060.46,15040.44,15044.46,556.8518303312028
2026-07-10T15:45:00+00:00,15044.46,15062.46,15039.94,15059.46,361
2026-07-10T16:00:00+00:00,15059.46,15066.46,15059.44,15063.949999999999,327
2026-07-10T16:15:00+00:00,15063.949999999999,15066.46,15061.44,15063.46,228.70165840314584
2026-07-10T16:30:00+00:00,15063.46,15066.46,15059.449999999999,15059.46,201
2026-07-10T16:45:00+00:00,15059.46,15071.46,15059.449999999999,15067.46,126
2026-07-10T17:00:00+00:00,15067.46,15069.96,15061.44,15064.46,158
2026-07-10T17:15:00+00:00,15064.46,15067.96,15063.96,15067.46,143
2026-07-10T17:30:00+00:00,15067.46,15069.46,15063.44,15068.44,178
2026-07-10T17:45:00+00:00,15068.44,15070.449999999999,15064.44,15065.44,100
2026-07-10T18:00:00+00:00,15065.44,15070.449999999999,15064.44,15065.46,169
2026-07-10T18:15:00+00:00,15065.46,15068.46,15063.449999999999,15066.46,161
2026-07-10T18:30:00+00:00,15066.46,15068.449999999999,15063.44,15063.46,134
2026-07-10T18:45:00+00:00,15063.46,15065.449999999999,15062.44,15064.449999999999,79
2026-07-10T19:00:00+00:00,15064.449999999999,15068.46,15063.449999999999,15067.44,93
2026-07-10T19:15:00+00:00,15067.44,15067.46,15063.44,15063.949999999999,97
2026-07-10T19:30:00+00:00,15063.949999999999,15070.46,15061.96,15066.46,148
2026-07-10T19:45:00+00:00,15066.46,15075.46,15066.46,15074.96,148
2026-07-10T20:00:00+00:00,15074.96,15075.96,15069.44,15071.43,65.89201363824601
2026-07-10T20:15:00+00:00,15071.43,15073.46,15071.43,15073.46,24.883586910327246
2026-07-10T20:30:00+00:00,15073.46,15074.449999999999,15072.949999999999,15073.449999999999,27.599796091786295
2026-07-13T01:00:00+00:00,15073.449999999999,15079.449999999999,14983.21,15013.72,1456.060773480663
2026-07-13T01:15:00+00:00,15013.72,15038.72,14952.21,14983.71,3976
2026-07-13T01:30:00+00:00,14983.71,15069.23,14970.22,15059.21,19949
2026-07-13T01:45:00+00:00,15059.21,15079.21,14976.71,14980.72,13456
2026-07-13T02:00:00+00:00,14980.72,15088.23,14959.71,15081.73,12505
2026-07-13T02:15:00+00:00,15081.73,15124.73,15059.71,15105.71,9866
2026-07-13T02:30:00+00:00,15105.71,15130.73,15051.21,15052.71,8800
2026-07-13T02:45:00+00:00,15052.71,15065.72,15019.71,15027.71,7627
2026-07-13T03:00:00+00:00,15027.71,15031.72,14948.72,14964.21,7412
2026-07-13T03:15:00+00:00,14964.21,14991.72,14956.22,14964.73,9116
2026-07-13T03:30:00+00:00,14964.73,14974.73,14952.71,14961.73,1420
2026-07-13T03:45:00+00:00,14961.73,14966.23,14958.73,14964.21,612
2026-07-13T04:00:00+00:00,14964.21,14964.21,14948.72,14953.21,488
2026-07-13T04:15:00+00:00,14953.21,14956.23,14948.71,14954.71,330
2026-07-13T04:30:00+00:00,14954.71,14963.73,14951.71,14957.72,404
2026-07-13T04:45:00+00:00,14957.72,14957.72,14943.23,14953.22,360
2026-07-13T05:00:00+00:00,14953.22,14959.22,14887.21,14927.21,10979
2026-07-13T05:15:00+00:00,14927.21,14934.72,14816.71,14828.22,8891
2026-07-13T05:30:00+00:00,14828.22,14995.73,14824.71,14928.22,12838
2026-07-13T05:45:00+00:00,14928.22,14957.73,14877.71,14912.22,10187
2026-07-13T06:00:00+00:00,14912.22,14923.73,14846.71,14855.72,8107
2026-07-13T06:15:00+00:00,14855.72,14870.21,14825.71,14845.73,7741
2026-07-13T06:30:00+00:00,14845.73,14846.72,14797.22,14834.71,9314
2026-07-13T06:45:00+00:00,14834.71,14911.73,14831.72,14844.72,9139
2026-07-13T07:00:00+00:00,14844.72,14873.72,14843.71,14869.71,1588
2026-07-13T07:15:00+00:00,14869.71,14873.71,14863.22,14867.73,607
2026-07-13T07:30:00+00:00,14867.73,14870.71,14855.21,14856.73,602
2026-07-13T07:45:00+00:00,14856.73,14867.21,14856.73,14863.71,423
2026-07-13T08:00:00+00:00,14863.71,14873.73,14861.71,14871.72,888
2026-07-13T08:15:00+00:00,14871.72,14878.23,14863.73,14868.21,698
2026-07-13T09:00:00+00:00,14868.21,14870.23,14846.23,14867.23,468
2026-07-13T09:15:00+00:00,14867.23,14868.73,14854.71,14861.72,619
2026-07-13T09:30:00+00:00,14861.72,14864.72,14858.72,14864.72,308
2026-07-13T09:45:00+00:00,14864.72,14865.72,14859.71,14864.73,194
2026-07-13T10:00:00+00:00,14864.73,14869.73,14861.21,14862.23,191
2026-07-13T10:15:00+00:00,14862.23,14866.72,14860.21,14861.23,167
2026-07-13T10:30:00+00:00,14861.23,14869.73,14860.22,14866.71,126
2026-07-13T10:45:00+00:00,14866.71,14876.73,14865.72,14874.23,166
2026-07-13T11:00:00+00:00,14874.23,14877.73,14866.71,14868.23,328
2026-07-13T11:15:00+00:00,14868.23,14874.73,14863.71,14871.72,219
2026-07-13T11:30:00+00:00,14871.72,14877.73,14871.22,14876.21,209.32850779510022
2026-07-13T11:45:00+00:00,14876.21,14876.21,14869.21,14872.22,193
2026-07-13T12:00:00+00:00,14872.22,14875.72,14862.21,14864.72,399
2026-07-13T12:15:00+00:00,14864.72,14870.73,14862.72,14866.71,317
2026-07-13T12:30:00+00:00,14866.71,14870.72,14862.71,14870.23,327
2026-07-13T12:45:00+00:00,14870.23,14883.73,14870.23,14881.72,357
2026-07-13T13:00:00+00:00,14881.72,14883.73,14877.21,14878.73,255
2026-07-13T13:15:00+00:00,14878.73,14883.72,14874.73,14882.72,213
2026-07-13T13:30:00+00:00,14882.72,14896.23,14877.71,14888.73,1534
2026-07-13T13:45:00+00:00,14888.73,14894.73,14880.71,14888.71,1305
2026-07-13T14:00:00+00:00,14888.71,14894.73,14874.21,14882.71,1158
2026-07-13T14:15:00+00:00,14882.71,14887.71,14848.71,14886.21,2488
2026-07-13T14:30:00+00:00,14886.21,14886.73,14869.71,14872.72,702
2026-07-13T14:45:00+00:00,14872.72,14881.72,14868.71,14880.73,571
2026-07-13T15:00:00+00:00,14880.73,14884.73,14872.71,14876.73,419
2026-07-13T15:15:00+00:00,14876.73,14880.72,14872.71,14878.21,377
2026-07-13T15:30:00+00:00,14878.21,14884.72,14873.21,14874.71,450
2026-07-13T15:45:00+00:00,14874.71,14875.73,14869.71,14872.22,371
2026-07-13T16:00:00+00:00,14872.22,14877.23,14869.21,14873.21,297
2026-07-13T16:15:00+00:00,14873.21,14873.71,14859.71,14863.21,579
2026-07-13T16:30:00+00:00,14863.21,14867.71,14846.72,14866.22,896
2026-07-13T16:45:00+00:00,14866.22,14868.73,14851.71,14861.71,558
2026-07-13T17:00:00+00:00,14861.71,14872.73,14860.73,14867.73,431
2026-07-13T17:15:00+00:00,14867.73,14871.73,14862.21,14865.72,388
2026-07-13T17:30:00+00:00,14865.72,14869.73,14861.71,14867.72,354
2026-07-13T17:45:00+00:00,14867.72,14868.73,14854.71,14854.71,407
2026-07-13T18:00:00+00:00,14854.71,14863.21,14853.71,14858.71,378
2026-07-13T18:15:00+00:00,14858.71,14859.72,14851.71,14853.21,337
2026-07-13T18:30:00+00:00,14853.21,14855.73,14849.72,14852.71,364
2026-07-13T18:45:00+00:00,14852.71,14859.72,14850.73,14856.72,338
2026-07-13T19:00:00+00:00,14856.72,14858.73,14850.21,14852.71,225
2026-07-13T19:15:00+00:00,14852.71,14854.73,14841.73,14843.22,311
2026-07-13T19:30:00+00:00,14843.22,14848.72,14841.72,14846.71,290
2026-07-13T19:45:00+00:00,14846.71,14857.73,14845.71,14853.72,332
2026-07-13T20:00:00+00:00,14853.72,14853.73,14849.22,14849.73,72
2026-07-13T20:15:00+00:00,14849.73,14849.73,14843.71,14847.72,106.5686826130708
2026-07-13T20:30:00+00:00,14847.72,14847.73,14845.71,14847.72,37.02198278528537
2026-07-14T01:00:00+00:00,14847.72,14852.48,14815.97,14820.49,1168.7880059970016
2026-07-14T01:15:00+00:00,14820.49,14878.49,14820.49,14873.48,3406
2026-07-14T01:30:00+00:00,14873.48,14914.48,14773.47,14811.48,19754
2026-07-14T01:45:00+00:00,14811.48,14866.49,14780.47,14848.97,12229
2026-07-14T02:00:00+00:00,14848.97,14938.98,14831.48,14938.97,10413
2026-07-14T02:15:00+00:00,14938.97,14979.47,14921.97,14939.49,9843
2026-07-14T02:30:00+00:00,14939.49,14975.48,14892.49,14919.49,8126
2026-07-14T02:45:00+00:00,14919.49,14926.47,14828.49,14834.97,8446
2026-07-14T03:00:00+00:00,14834.97,14859.48,14739.48,14763.98,8064
2026-07-14T03:15:00+00:00,14763.98,14826.99,14737.47,14822.98,8660
2026-07-14T03:30:00+00:00,14822.98,14824.99,14791.47,14804.49,2221
2026-07-14T03:45:00+00:00,14804.49,14833.49,14804.49,14829.98,1557
2026-07-14T04:00:00+00:00,14829.98,14840.99,14818.47,14822.98,671
2026-07-14T04:15:00+00:00,14822.98,14838.49,14813.49,14838.49,872
2026-07-14T04:30:00+00:00,14838.49,14865.47,14836.97,14859.49,426
2026-07-14T04:45:00+00:00,14859.49,14886.48,14850.48,14879.47,713
2026-07-14T05:00:00+00:00,14879.47,15074.49,14878.48,15037.98,15229
2026-07-14T05:15:00+00:00,15037.98,15045.49,14950.98,15006.98,11338
2026-07-14T05:30:00+00:00,15006.98,15069.49,14991.47,15037.99,12935
2026-07-14T05:45:00+00:00,15037.99,15068.47,14990.47,15045.49,9473
2026-07-14T06:00:00+00:00,15045.49,15099.49,15041.97,15097.48,7884
2026-07-14T06:15:00+00:00,15097.48,15104.49,15068.97,15084.48,6021
2026-07-14T06:30:00+00:00,15084.48,15136.48,15080.47,15108.48,6201
2026-07-14T06:45:00+00:00,15108.48,15142.99,15102.47,15118.98,5660
2026-07-14T07:00:00+00:00,15118.98,15164.97,15115.97,15152.47,1854
2026-07-14T07:15:00+00:00,15152.47,15153.99,15131.48,15139.49,837
2026-07-14T07:30:00+00:00,15139.49,15143.49,15132.48,15132.48,450
2026-07-14T07:45:00+00:00,15132.48,15135.49,15128.98,15132.48,447
2026-07-14T08:00:00+00:00,15132.48,15158.49,15132.48,15144.99,1227
2026-07-14T08:15:00+00:00,15144.99,15152.49,15138.48,15152.49,428
2026-07-14T09:00:00+00:00,15152.49,15159.49,15124.47,15156.99,477
2026-07-14T09:15:00+00:00,15156.99,15158.49,15142.99,15143.49,527
2026-07-14T09:30:00+00:00,15143.49,15147.99,15141.47,15144.99,250
2026-07-14T09:45:00+00:00,15144.99,15149.48,15142.47,15146.48,213
2026-07-14T10:00:00+00:00,15146.48,15156.98,15143.49,15153.99,245
2026-07-14T10:15:00+00:00,15153.99,15156.48,15150.47,15152.49,210
2026-07-14T10:30:00+00:00,15152.49,15161.49,15149.49,15155.99,309
2026-07-14T10:45:00+00:00,15155.99,15158.99,15150.98,15154.48,213
2026-07-14T11:00:00+00:00,15154.48,15155.49,15143.97,15152.99,500
2026-07-14T11:15:00+00:00,15152.99,15167.47,15151.47,15159.98,424
2026-07-14T11:30:00+00:00,15159.98,15163.49,15151.98,15154.48,209
2026-07-14T11:45:00+00:00,15154.48,15164.49,15154.47,15163.99,148.48984771573603
2026-07-14T12:00:00+00:00,15163.99,15164.49,15144.47,15148.99,205
2026-07-14T12:15:00+00:00,15148.99,15174.49,15147.99,15174.49,306
2026-07-14T12:30:00+00:00,15174.49,15233.49,15173.97,15223.49,1742
2026-07-14T12:45:00+00:00,15223.49,15227.48,15196.49,15199.47,1070
2026-07-14T13:00:00+00:00,15199.47,15204.49,15195.47,15195.49,591
2026-07-14T13:15:00+00:00,15195.49,15207.47,15189.48,15205.49,383
2026-07-14T13:30:00+00:00,15205.49,15223.49,15194.49,15217.97,1903
2026-07-14T13:45:00+00:00,15217.97,15228.49,15211.48,15213.49,1312
2026-07-14T14:00:00+00:00,15213.49,15218.49,15201.47,15206.99,1506
2026-07-14T14:15:00+00:00,15206.99,15213.48,15189.49,15204.48,1662
2026-07-14T14:30:00+00:00,15204.48,15231.49,15203.47,15215.47,1704
2026-07-14T14:45:00+00:00,15215.47,15223.48,15204.47,15219.49,672
2026-07-14T15:00:00+00:00,15219.49,15229.49,15211.48,15224.47,1278
2026-07-14T15:15:00+00:00,15224.47,15225.49,15212.47,15215.97,579
2026-07-14T15:30:00+00:00,15215.97,15217.98,15196.47,15205.99,659
2026-07-14T15:45:00+00:00,15205.99,15210.49,15196.47,15198.47,590
2026-07-14T16:00:00+00:00,15198.47,15199.49,15190.48,15197.48,634
2026-07-14T16:15:00+00:00,15197.48,15201.49,15192.48,15201.49,449
2026-07-14T16:30:00+00:00,15201.49,15208.49,15200.47,15207.49,262
2026-07-14T16:45:00+00:00,15207.49,15207.99,15202.47,15207.49,201.98719468816694
2026-07-14T17:00:00+00:00,15207.49,15210.49,15199.47,15199.47,210.10568242166755
2026-07-14T17:15:00+00:00,15199.47,15208.48,15197.48,15207.47,170
2026-07-14T17:30:00+00:00,15207.47,15208.47,15201.47,15202.48,151
2026-07-14T17:45:00+00:00,15202.48,15204.49,15199.47,15202.47,160
2026-07-14T18:00:00+00:00,15202.47,15207.47,15200.47,15206.47,158
2026-07-14T18:15:00+00:00,15206.47,15210.49,15204.97,15206.47,150
2026-07-14T18:30:00+00:00,15206.47,15207.48,15198.49,15201.47,278
2026-07-14T18:45:00+00:00,15201.47,15203.49,15198.47,15199.48,213
2026-07-14T19:00:00+00:00,15199.48,15200.49,15194.47,15196.98,158
2026-07-14T19:15:00+00:00,15196.98,15201.49,15194.47,15194.99,171
2026-07-14T19:30:00+00:00,15194.99,15205.49,15190.47,15201.97,463
2026-07-14T19:45:00+00:00,15201.97,15220.98,15201.47,15219.47,443
2026-07-14T20:00:00+00:00,15219.47,15219.47,15212.98,15214.97,64.94103145516387
2026-07-14T20:15:00+00:00,15214.97,15214.99,15211.97,15211.97,49.509536784741144
2026-07-14T20:30:00+00:00,15211.97,15211.99,15206.48,15207.99,62.95194085027727
2026-07-15T01:00:00+00:00,15207.99,15214.05,15192.05,15203.539999999999,509.67934782608694
2026-07-15T01:15:00+00:00,15203.539999999999,15240.05,15148.039999999999,15162.55,3173
2026-07-15T01:30:00+00:00,15162.55,15210.05,15099.53,15208.539999999999,17434
2026-07-15T01:45:00+00:00,15208.539999999999,15311.05,15199.55,15306.05,11424
2026-07-15T02:00:00+00:00,15306.05,15371.55,15289.53,15319.55,8118
2026-07-15T02:15:00+00:00,15319.55,15356.039999999999,15292.039999999999,15356.03,7702
2026-07-15T02:30:00+00:00,15356.03,15404.05,15353.05,15374.53,7197
2026-07-15T02:45:00+00:00,15374.53,15388.539999999999,15315.53,15325.53,5601
2026-07-15T03:00:00+00:00,15325.53,15332.039999999999,15290.039999999999,15332.039999999999,5271
2026-07-15T03:15:00+00:00,15332.039999999999,15334.05,15267.53,15306.05,5918
2026-07-15T03:30:00+00:00,15306.05,15307.03,15285.05,15288.55,878
2026-07-15T03:45:00+00:00,15288.55,15298.55,15283.03,15290.039999999999,580
2026-07-15T04:00:00+00:00,15290.039999999999,15296.039999999999,15288.03,15291.55,216
2026-07-15T04:15:00+00:00,15291.55,15296.55,15290.53,15292.539999999999,182
2026-07-15T04:30:00+00:00,15292.539999999999,15292.539999999999,15280.53,15285.53,308
2026-07-15T04:45:00+00:00,15285.53,15294.55,15284.53,15292.55,243.57278829776575
2026-07-15T05:00:00+00:00,15292.55,15304.05,15246.53,15261.03,7232
2026-07-15T05:15:00+00:00,15261.03,15359.55,15257.53,15351.53,6436
2026-07-15T05:30:00+00:00,15351.53,15391.53,15328.03,15384.039999999999,5754
2026-07-15T05:45:00+00:00,15384.039999999999,15384.55,15330.539999999999,15343.539999999999,4820
2026-07-15T06:00:00+00:00,15343.539999999999,15346.55,15305.03,15320.53,4296
2026-07-15T06:15:00+00:00,15320.53,15352.539999999999,15299.039999999999,15334.039999999999,3834
2026-07-15T06:30:00+00:00,15334.039999999999,15335.539999999999,15284.53,15318.039999999999,4278
2026-07-15T06:45:00+00:00,15318.039999999999,15327.55,15291.05,15308.05,3642
2026-07-15T07:00:00+00:00,15308.05,15312.539999999999,15265.55,15281.53,974
2026-07-15T07:15:00+00:00,15281.53,15296.53,15278.039999999999,15285.039999999999,496
2026-07-15T07:30:00+00:00,15285.039999999999,15290.55,15280.039999999999,15288.05,575
2026-07-15T07:45:00+00:00,15288.05,15298.53,15287.53,15295.039999999999,906
2026-07-15T08:00:00+00:00,15295.039999999999,15300.539999999999,15284.039999999999,15287.039999999999,282
2026-07-15T08:15:00+00:00,15287.039999999999,15291.55,15281.539999999999,15291.03,331
2026-07-15T09:00:00+00:00,15291.03,15304.05,15286.05,15295.53,321
2026-07-15T09:15:00+00:00,15295.53,15300.039999999999,15288.039999999999,15291.05,192
2026-07-15T09:30:00+00:00,15291.05,15293.05,15280.55,15289.53,149
2026-07-15T09:45:00+00:00,15289.53,15294.03,15286.55,15289.53,146
2026-07-15T10:00:00+00:00,15289.53,15293.039999999999,15286.53,15292.03,184
2026-07-15T10:15:00+00:00,15292.03,15292.039999999999,15271.03,15273.539999999999,307
2026-07-15T10:30:00+00:00,15273.539999999999,15280.539999999999,15273.03,15278.05,175
2026-07-15T10:45:00+00:00,15278.05,15280.55,15273.53,15273.53,188
2026-07-15T11:00:00+00:00,15273.53,15277.55,15266.539999999999,15270.53,240
2026-07-15T11:15:00+00:00,15270.53,15275.55,15270.03,15272.039999999999,132
2026-07-15T11:30:00+00:00,15272.039999999999,15278.53,15271.53,15274.53,137.06991260923846
2026-07-15T11:45:00+00:00,15274.53,15276.539999999999,15271.53,15275.05,153
2026-07-15T12:00:00+00:00,15275.05,15278.05,15266.53,15274.53,153.5978480161399
2026-07-15T12:15:00+00:00,15274.53,15282.039999999999,15272.539999999999,15282.039999999999,188
2026-07-15T12:30:00+00:00,15282.039999999999,15305.039999999999,15282.039999999999,15294.039999999999,533
2026-07-15T12:45:00+00:00,15294.039999999999,15298.55,15290.53,15296.55,216
2026-07-15T13:00:00+00:00,15296.55,15315.039999999999,15296.539999999999,15306.039999999999,413
2026-07-15T13:15:00+00:00,15306.039999999999,15312.55,15300.53,15311.539999999999,222
2026-07-15T13:30:00+00:00,15311.539999999999,15327.05,15306.55,15317.039999999999,1489
2026-07-15T13:45:00+00:00,15317.039999999999,15326.55,15303.039999999999,15323.539999999999,1124
2026-07-15T14:00:00+00:00,15323.539999999999,15329.53,15322.03,15324.539999999999,850
2026-07-15T14:15:00+00:00,15324.539999999999,15328.539999999999,15314.039999999999,15318.539999999999,928
2026-07-15T14:30:00+00:00,15318.539999999999,15325.55,15309.53,15313.03,1002
2026-07-15T14:45:00+00:00,15313.03,15318.55,15305.039999999999,15315.05,714
2026-07-15T15:00:00+00:00,15315.05,15323.55,15307.53,15307.55,567
2026-07-15T15:15:00+00:00,15307.55,15310.539999999999,15294.53,15306.05,733
2026-07-15T15:30:00+00:00,15306.05,15312.539999999999,15300.53,15303.539999999999,581
2026-07-15T15:45:00+00:00,15303.539999999999,15304.55,15292.039999999999,15295.039999999999,414
2026-07-15T16:00:00+00:00,15295.039999999999,15297.539999999999,15274.539999999999,15275.03,437
2026-07-15T16:15:00+00:00,15275.03,15278.55,15265.53,15270.55,485
2026-07-15T16:30:00+00:00,15270.55,15273.55,15258.039999999999,15266.539999999999,409
2026-07-15T16:45:00+00:00,15266.539999999999,15281.55,15265.53,15275.03,582
2026-07-15T17:00:00+00:00,15275.03,15287.539999999999,15275.03,15281.539999999999,316
2026-07-15T17:15:00+00:00,15281.539999999999,15296.55,15281.53,15295.55,262
2026-07-15T17:30:00+00:00,15295.55,15306.55,15295.53,15305.539999999999,256
2026-07-15T17:45:00+00:00,15305.539999999999,15316.55,15303.53,15313.53,334
2026-07-15T18:00:00+00:00,15313.53,15319.539999999999,15312.55,15317.55,240
2026-07-15T18:15:00+00:00,15317.55,15320.039999999999,15315.53,15318.539999999999,192
2026-07-15T18:30:00+00:00,15318.539999999999,15321.539999999999,15310.05,15310.05,167.39915966386553
2026-07-15T18:45:00+00:00,15310.05,15311.539999999999,15298.03,15300.03,372
2026-07-15T19:00:00+00:00,15300.03,15310.039999999999,15299.03,15306.53,163
2026-07-15T19:15:00+00:00,15306.53,15307.03,15300.03,15306.039999999999,156
2026-07-15T19:30:00+00:00,15306.039999999999,15311.039999999999,15299.03,15309.039999999999,257
2026-07-15T19:45:00+00:00,15309.039999999999,15310.05,15305.03,15309.05,247
2026-07-15T20:00:00+00:00,15309.05,15310.039999999999,15300.05,15302.53,90.982874617737
2026-07-15T20:15:00+00:00,15302.53,15304.55,15302.039999999999,15304.05,31.88645218166581
2026-07-15T20:30:00+00:00,15304.05,15304.53,15302.03,15303.039999999999,35.10693205474317
2026-07-16T01:00:00+00:00,15303.039999999999,15303.039999999999,15235.41,15238.91,1001.9660839160839
2026-07-16T01:15:00+00:00,15238.91,15240.91,15148.39,15175.39,3989
2026-07-16T01:30:00+00:00,15175.39,15237.9,15109.89,15169.89,17085
2026-07-16T01:45:00+00:00,15169.89,15216.91,15156.89,15179.39,10355
2026-07-16T02:00:00+00:00,15179.39,15185.39,15110.4,15154.4,7991
2026-07-16T02:15:00+00:00,15154.4,15199.4,15148.89,15190.41,6329
2026-07-16T02:30:00+00:00,15190.41,15228.41,15177.41,15215.41,6954
2026-07-16T02:45:00+00:00,15215.41,15220.91,15178.89,15194.4,5476
2026-07-16T03:00:00+00:00,15194.4,15198.89,15152.89,15157.39,4395
2026-07-16T03:15:00+00:00,15157.39,15168.41,15095.89,15138.41,4982
2026-07-16T03:30:00+00:00,15138.41,15160.91,15137.39,15155.41,986
2026-07-16T03:45:00+00:00,15155.41,15163.91,15152.89,15160.89,544
2026-07-16T04:00:00+00:00,15160.89,15169.91,15158.89,15169.91,216
2026-07-16T04:15:00+00:00,15169.91,15169.91,15154.39,15155.89,183
2026-07-16T04:30:00+00:00,15155.89,15155.91,15143.4,15144.91,223
2026-07-16T04:45:00+00:00,15144.91,15146.9,15138.89,15146.41,205
2026-07-16T05:00:00+00:00,15146.41,15162.9,15114.89,15153.41,6831
2026-07-16T05:15:00+00:00,15153.41,15171.9,15125.41,15125.41,5469
2026-07-16T05:30:00+00:00,15125.41,15139.9,15079.89,15093.9,4882
2026-07-16T05:45:00+00:00,15093.9,15096.91,15024.41,15031.41,5171
2026-07-16T06:00:00+00:00,15031.41,15048.41,14991.4,15000.41,5239
2026-07-16T06:15:00+00:00,15000.41,15001.9,14950.4,14957.91,3991
2026-07-16T06:30:00+00:00,14957.91,14971.9,14903.91,14923.91,5242
2026-07-16T06:45:00+00:00,14923.91,14956.41,14879.89,14951.41,6090
2026-07-16T07:00:00+00:00,14951.41,14963.89,14940.89,14943.91,1156
2026-07-16T07:15:00+00:00,14943.91,14954.9,14943.89,14952.41,505
2026-07-16T07:30:00+00:00,14952.41,14953.41,14943.9,14944.91,414
2026-07-16T07:45:00+00:00,14944.91,14948.41,14941.91,14944.89,466
2026-07-16T08:00:00+00:00,14944.89,14945.4,14925.4,14930.89,1157
2026-07-16T08:15:00+00:00,14930.89,14945.89,14928.89,14945.39,704
2026-07-16T09:00:00+00:00,14945.39,14950.39,14934.9,14947.89,364
2026-07-16T09:15:00+00:00,14947.89,14951.89,14940.4,14940.89,195
2026-07-16T09:30:00+00:00,14940.89,14943.9,14931.41,14935.39,188
2026-07-16T09:45:00+00:00,14935.39,14936.91,14926.91,14932.9,218
2026-07-16T10:00:00+00:00,14932.9,14935.91,14928.89,14929.9,206
2026-07-16T10:15:00+00:00,14929.9,14933.39,14924.89,14933.39,213
2026-07-16T10:30:00+00:00,14933.39,14934.41,14927.9,14929.41,215
2026-07-16T10:45:00+00:00,14929.41,14931.91,14925.39,14925.4,189
2026-07-16T11:00:00+00:00,14925.4,14926.91,14920.89,14924.91,242
2026-07-16T11:15:00+00:00,14924.91,14938.91,14914.39,14931.9,275
2026-07-16T11:30:00+00:00,14931.9,14939.89,14928.89,14933.91,226
2026-07-16T11:45:00+00:00,14933.91,14938.91,14915.89,14938.9,553
2026-07-16T12:00:00+00:00,14938.9,14944.91,14927.9,14932.9,235
2026-07-16T12:15:00+00:00,14932.9,14935.91,14919.9,14928.89,338
2026-07-16T12:30:00+00:00,14928.89,14930.9,14914.9,14915.9,523
2026-07-16T12:45:00+00:00,14915.9,14921.91,14911.89,14921.89,277
2026-07-16T13:00:00+00:00,14921.89,14935.91,14920.9,14933.9,236
2026-07-16T13:15:00+00:00,14933.9,14939.4,14931.39,14932.41,238
2026-07-16T13:30:00+00:00,14932.41,14936.41,14907.9,14909.4,1254
2026-07-16T13:45:00+00:00,14909.4,14930.91,14907.89,14920.39,1112
2026-07-16T14:00:00+00:00,14920.39,14928.41,14917.91,14924.89,695
2026-07-16T14:15:00+00:00,14924.89,14933.9,14919.89,14930.89,654
2026-07-16T14:30:00+00:00,14930.89,14931.9,14923.9,14930.39,407
2026-07-16T14:45:00+00:00,14930.39,14933.4,14926.9,14932.89,508
2026-07-16T15:00:00+00:00,14932.89,14938.89,14926.91,14933.89,439
2026-07-16T15:15:00+00:00,14933.89,14948.41,14932.4,14942.9,669
2026-07-16T15:30:00+00:00,14942.9,14959.39,14940.4,14947.91,338
2026-07-16T15:45:00+00:00,14947.91,14947.91,14936.39,14940.89,278
2026-07-16T16:00:00+00:00,14940.89,14940.89,14923.9,14924.41,357
2026-07-16T16:15:00+00:00,14924.41,14926.4,14916.89,14920.91,544
2026-07-16T16:30:00+00:00,14920.91,14925.91,14916.39,14917.39,442
2026-07-16T16:45:00+00:00,14917.39,14922.9,14914.89,14922.4,330
2026-07-16T17:00:00+00:00,14922.4,14922.91,14911.4,14911.9,277
2026-07-16T17:15:00+00:00,14911.9,14914.41,14907.89,14913.9,246
2026-07-16T17:30:00+00:00,14913.9,14914.91,14900.89,14903.41,227
2026-07-16T17:45:00+00:00,14903.41,14907.4,14899.89,14900.4,234
2026-07-16T18:00:00+00:00,14900.4,14904.4,14892.89,14897.9,345
2026-07-16T18:15:00+00:00,14897.9,14910.89,14894.89,14903.89,341
2026-07-16T18:30:00+00:00,14903.89,14903.89,14891.89,14892.9,245
2026-07-16T18:45:00+00:00,14892.9,14896.91,14891.89,14892.91,191
2026-07-16T19:00:00+00:00,14892.91,14901.91,14892.41,14896.39,208
2026-07-16T19:15:00+00:00,14896.39,14896.41,14884.89,14890.39,271
2026-07-16T19:30:00+00:00,14890.39,14891.91,14881.91,14881.91,339
2026-07-16T19:45:00+00:00,14881.91,14898.91,14875.91,14897.41,451
2026-07-16T20:00:00+00:00,14897.41,14898.41,14893.91,14894.91,61
2026-07-16T20:15:00+00:00,14894.91,14898.9,14894.89,14896.4,52
2026-07-16T20:30:00+00:00,14896.4,14898.91,14896.39,14897.89,42.643146796431466
2026-07-17T01:00:00+00:00,14897.89,14903.89,14868.93,14885.93,1038.2367092367092
2026-07-17T01:15:00+00:00,14885.93,14914.949999999999,14861.93,14895.93,3231
2026-07-17T01:30:00+00:00,14895.93,14898.44,14694.449999999999,14728.93,20701
2026-07-17T01:45:00+00:00,14728.93,14734.93,14634.43,14645.949999999999,12473
2026-07-17T02:00:00+00:00,14645.949999999999,14662.93,14584.93,14589.93,9075
2026-07-17T02:15:00+00:00,14589.93,14605.94,14539.93,14547.93,8071
2026-07-17T02:30:00+00:00,14547.93,14562.94,14504.93,14504.93,8181
2026-07-17T02:45:00+00:00,14504.93,14517.93,14462.949999999999,14497.43,7727
2026-07-17T03:00:00+00:00,14497.43,14579.94,14487.449999999999,14547.93,8455
2026-07-17T03:15:00+00:00,14547.93,14573.44,14535.94,14556.949999999999,6817
2026-07-17T03:30:00+00:00,14556.949999999999,14566.44,14546.94,14551.94,949
2026-07-17T03:45:00+00:00,14551.94,14553.94,14541.43,14543.43,557
2026-07-17T04:00:00+00:00,14543.43,14545.93,14528.44,14531.94,429
2026-07-17T04:15:00+00:00,14531.94,14538.449999999999,14525.93,14528.949999999999,505
2026-07-17T04:30:00+00:00,14528.949999999999,14530.449999999999,14516.43,14527.44,332
2026-07-17T04:45:00+00:00,14527.44,14539.44,14527.44,14534.44,340
2026-07-17T05:00:00+00:00,14534.44,14562.94,14497.94,14521.43,9252
2026-07-17T05:15:00+00:00,14521.43,14531.449999999999,14482.44,14498.94,6686
2026-07-17T05:30:00+00:00,14498.94,14506.44,14370.449999999999,14378.94,8973
2026-07-17T05:45:00+00:00,14378.94,14470.949999999999,14347.43,14469.93,12247
2026-07-17T06:00:00+00:00,14469.93,14582.43,14446.94,14578.44,10570
2026-07-17T06:15:00+00:00,14578.44,14598.949999999999,14533.43,14546.94,8264
2026-07-17T06:30:00+00:00,14546.94,14557.949999999999,14458.93,14460.94,7643
2026-07-17T06:45:00+00:00,14460.94,14474.94,14384.44,14421.43,6617
2026-07-17T07:00:00+00:00,14421.43,14435.449999999999,14393.949999999999,14414.43,2284
2026-07-17T07:15:00+00:00,14414.43,14420.43,14396.949999999999,14416.93,823
2026-07-17T07:30:00+00:00,14416.93,14423.94,14409.94,14418.449999999999,757
2026-07-17T07:45:00+00:00,14418.449999999999,14423.449999999999,14393.94,14421.449999999999,684
2026-07-17T08:00:00+00:00,14421.449999999999,14421.94,14407.93,14414.43,558
2026-07-17T08:15:00+00:00,14414.43,14415.44,14400.93,14407.43,671
2026-07-17T09:00:00+00:00,14407.43,14426.93,14388.43,14426.449999999999,575
2026-07-17T09:15:00+00:00,14426.449999999999,14441.949999999999,14419.44,14439.449999999999,446
2026-07-17T09:30:00+00:00,14439.449999999999,14443.949999999999,14430.43,14438.449999999999,404
2026-07-17T09:45:00+00:00,14438.449999999999,14444.949999999999,14437.94,14439.44,373
2026-07-17T10:00:00+00:00,14439.44,14450.93,14428.93,14450.93,335
2026-07-17T10:15:00+00:00,14450.93,14451.949999999999,14445.93,14448.94,289
2026-07-17T10:30:00+00:00,14448.94,14449.449999999999,14440.93,14440.94,222
2026-07-17T10:45:00+00:00,14440.94,14443.94,14433.44,14434.94,271
2026-07-17T11:00:00+00:00,14434.94,14441.949999999999,14422.949999999999,14425.949999999999,296
2026-07-17T11:15:00+00:00,14425.949999999999,14438.44,14425.949999999999,14434.94,206
2026-07-17T11:30:00+00:00,14434.94,14437.949999999999,14429.93,14433.44,170
2026-07-17T11:45:00+00:00,14433.44,14444.94,14431.93,14443.949999999999,154
2026-07-17T12:00:00+00:00,14443.949999999999,14444.949999999999,14430.93,14434.949999999999,216
2026-07-17T12:15:00+00:00,14434.949999999999,14437.449999999999,14431.93,14437.43,199
2026-07-17T12:30:00+00:00,14437.43,14443.94,14434.93,14440.44,299
2026-07-17T12:45:00+00:00,14440.44,14443.949999999999,14434.93,14439.949999999999,256
2026-07-17T13:00:00+00:00,14439.949999999999,14439.949999999999,14426.93,14429.449999999999,415
2026-07-17T13:15:00+00:00,14429.449999999999,14433.94,14422.93,14425.93,506
2026-07-17T13:30:00+00:00,14425.93,14441.93,14417.949999999999,14421.44,1732
2026-07-17T13:45:00+00:00,14421.44,14461.949999999999,14418.43,14461.949999999999,1250
2026-07-17T14:00:00+00:00,14461.949999999999,14469.949999999999,14458.93,14468.93,1352
2026-07-17T14:15:00+00:00,14468.93,14480.949999999999,14466.949999999999,14475.949999999999,731
2026-07-17T14:30:00+00:00,14475.949999999999,14481.94,14467.93,14468.93,649
2026-07-17T14:45:00+00:00,14468.93,14470.94,14458.93,14461.949999999999,677
2026-07-17T15:00:00+00:00,14461.949999999999,14462.44,14450.93,14458.43,815
2026-07-17T15:15:00+00:00,14458.43,14476.94,14452.93,14474.949999999999,691
2026-07-17T15:30:00+00:00,14474.949999999999,14480.949999999999,14467.449999999999,14473.949999999999,622
2026-07-17T15:45:00+00:00,14473.949999999999,14494.949999999999,14473.93,14491.949999999999,406
2026-07-17T16:00:00+00:00,14491.949999999999,14504.94,14483.93,14503.93,555
2026-07-17T16:15:00+00:00,14503.93,14507.949999999999,14491.44,14496.949999999999,430
2026-07-17T16:30:00+00:00,14496.949999999999,14503.949999999999,14492.949999999999,14503.949999999999,331
2026-07-17T16:45:00+00:00,14503.949999999999,14507.949999999999,14500.43,14503.44,297
2026-07-17T17:00:00+00:00,14503.44,14512.449999999999,14501.949999999999,14507.93,289
2026-07-17T17:15:00+00:00,14507.93,14512.449999999999,14503.43,14508.449999999999,206.8283261802575
2026-07-17T17:30:00+00:00,14508.449999999999,14508.949999999999,14491.94,14493.94,217
2026-07-17T17:45:00+00:00,14493.94,14496.949999999999,14486.949999999999,14489.949999999999,231
2026-07-17T18:00:00+00:00,14489.949999999999,14492.43,14484.93,14485.93,326
2026-07-17T18:15:00+00:00,14485.93,14503.449999999999,14484.93,14502.94,400
2026-07-17T18:30:00+00:00,14502.94,14509.44,14496.94,14498.94,329
2026-07-17T18:45:00+00:00,14498.94,14510.44,14497.94,14507.43,269
2026-07-17T19:00:00+00:00,14507.43,14508.93,14492.93,14493.94,231
2026-07-17T19:15:00+00:00,14493.94,14494.949999999999,14484.43,14494.449999999999,279
2026-07-17T19:30:00+00:00,14494.449999999999,14504.43,14492.93,14502.449999999999,428
2026-07-17T19:45:00+00:00,14502.449999999999,14511.449999999999,14499.93,14501.44,424
2026-07-17T20:00:00+00:00,14501.44,14503.949999999999,14490.94,14496.44,110
2026-07-17T20:15:00+00:00,14496.44,14496.44,14480.93,14481.449999999999,96.65077720207253
2026-07-17T20:30:00+00:00,14481.449999999999,14487.449999999999,14479.93,14485.43,67
2026-07-20T01:00:00+00:00,14485.43,14502.93,14463.42,14469.93,1065.1465940054495
2026-07-20T01:15:00+00:00,14469.93,14595.93,14464.91,14589.43,4938
2026-07-20T01:30:00+00:00,14589.43,14714.92,14554.92,14704.41,19427
2026-07-20T01:45:00+00:00,14704.41,14802.93,14688.93,14798.93,13404
2026-07-20T02:00:00+00:00,14798.93,14852.42,14757.91,14793.42,11727
2026-07-20T02:15:00+00:00,14793.42,14805.91,14700.42,14700.43,9946
2026-07-20T02:30:00+00:00,14700.43,14806.92,14688.41,14802.43,10623
2026-07-20T02:45:00+00:00,14802.43,14852.91,14801.93,14839.93,8010
2026-07-20T03:00:00+00:00,14839.93,14860.43,14815.91,14831.41,8309
2026-07-20T03:15:00+00:00,14831.41,14852.93,14797.41,14834.41,6809
2026-07-20T03:30:00+00:00,14834.41,14850.43,14811.92,14814.41,1668
2026-07-20T03:45:00+00:00,14814.41,14814.93,14796.91,14805.91,1032
2026-07-20T04:00:00+00:00,14805.91,14813.42,14796.42,14800.42,506
2026-07-20T04:15:00+00:00,14800.42,14811.43,14796.93,14809.41,443
2026-07-20T04:30:00+00:00,14809.41,14839.93,14809.41,14834.91,560
2026-07-20T04:45:00+00:00,14834.91,14854.42,14832.43,14832.92,571
2026-07-20T05:00:00+00:00,14832.92,14853.43,14758.91,14780.92,9263
2026-07-20T05:15:00+00:00,14780.92,14786.92,14726.92,14729.92,7050
2026-07-20T05:30:00+00:00,14729.92,14748.43,14676.41,14678.42,8846
2026-07-20T05:45:00+00:00,14678.42,14735.42,14643.92,14663.43,11529
2026-07-20T06:00:00+00:00,14663.43,14744.43,14638.92,14656.42,13180
2026-07-20T06:15:00+00:00,14656.42,14690.93,14581.93,14650.93,11266
2026-07-20T06:30:00+00:00,14650.93,14765.93,14605.92,14765.93,13602
2026-07-20T06:45:00+00:00,14765.93,14836.41,14755.91,14790.42,9936
2026-07-20T07:00:00+00:00,14790.42,14801.41,14762.91,14779.41,2719
2026-07-20T07:15:00+00:00,14779.41,14801.41,14777.91,14795.91,943
2026-07-20T07:30:00+00:00,14795.91,14808.91,14795.91,14798.93,670
2026-07-20T07:45:00+00:00,14798.93,14804.43,14790.91,14800.92,652
2026-07-20T08:00:00+00:00,14800.92,14810.42,14789.91,14797.41,725
2026-07-20T08:15:00+00:00,14797.41,14814.42,14795.93,14810.91,537
2026-07-20T09:00:00+00:00,14810.91,14810.91,14774.42,14781.42,580
2026-07-20T09:15:00+00:00,14781.42,14792.42,14781.41,14785.93,239
2026-07-20T09:30:00+00:00,14785.93,14820.92,14784.93,14819.43,321
2026-07-20T09:45:00+00:00,14819.43,14826.41,14797.42,14800.93,215
2026-07-20T10:00:00+00:00,14800.93,14801.43,14789.92,14792.93,170
2026-07-20T10:15:00+00:00,14792.93,14799.43,14790.91,14795.91,192
2026-07-20T10:30:00+00:00,14795.91,14797.42,14787.92,14791.91,232
2026-07-20T10:45:00+00:00,14791.91,14794.43,14788.91,14788.92,157
2026-07-20T11:00:00+00:00,14788.92,14798.42,14788.92,14796.91,252
2026-07-20T11:15:00+00:00,14796.91,14797.92,14790.41,14791.42,114
2026-07-20T11:30:00+00:00,14791.42,14828.93,14790.92,14808.92,1552
2026-07-20T11:45:00+00:00,14808.92,14809.43,14798.42,14802.92,291
2026-07-20T12:00:00+00:00,14802.92,14803.42,14780.91,14788.93,862
2026-07-20T12:15:00+00:00,14788.93,14789.91,14782.41,14789.91,253
2026-07-20T12:30:00+00:00,14789.91,14791.93,14785.41,14785.92,236
2026-07-20T12:45:00+00:00,14785.92,14793.93,14784.91,14787.93,246
2026-07-20T13:00:00+00:00,14787.93,14790.93,14784.42,14784.93,227
2026-07-20T13:15:00+00:00,14784.93,14799.92,14783.91,14799.92,204
2026-07-20T13:30:00+00:00,14799.92,14815.92,14798.91,14812.92,869
2026-07-20T13:45:00+00:00,14812.92,14828.43,14809.92,14821.93,805
2026-07-20T14:00:00+00:00,14821.93,14829.92,14811.91,14820.42,903
2026-07-20T14:15:00+00:00,14820.42,14837.93,14816.92,14837.91,722
2026-07-20T14:30:00+00:00,14837.91,14839.43,14826.92,14833.92,789
2026-07-20T14:45:00+00:00,14833.92,14838.91,14821.91,14826.43,723
2026-07-20T15:00:00+00:00,14826.43,14843.92,14820.91,14838.43,822
2026-07-20T15:15:00+00:00,14838.43,14849.93,14837.91,14848.92,497
2026-07-20T15:30:00+00:00,14848.92,14851.92,14846.41,14851.41,493
2026-07-20T15:45:00+00:00,14851.41,14866.91,14848.93,14863.91,411
2026-07-20T16:00:00+00:00,14863.91,14866.93,14858.91,14860.93,357
2026-07-20T16:15:00+00:00,14860.93,14863.93,14857.91,14862.43,303
2026-07-20T16:30:00+00:00,14862.43,14863.42,14842.41,14846.91,717
2026-07-20T16:45:00+00:00,14846.91,14854.91,14845.43,14847.93,458
2026-07-20T17:00:00+00:00,14847.93,14848.92,14836.91,14838.92,420
2026-07-20T17:15:00+00:00,14838.92,14841.93,14833.91,14835.42,336
2026-07-20T17:30:00+00:00,14835.42,14838.42,14829.42,14830.92,298
2026-07-20T17:45:00+00:00,14830.92,14842.93,14829.91,14837.92,250
2026-07-20T18:00:00+00:00,14837.92,14845.93,14836.92,14842.92,259
2026-07-20T18:15:00+00:00,14842.92,14846.91,14829.91,14833.42,357
2026-07-20T18:30:00+00:00,14833.42,14833.93,14821.91,14821.93,444
2026-07-20T18:45:00+00:00,14821.93,14825.93,14819.93,14820.43,416
2026-07-20T19:00:00+00:00,14820.43,14824.93,14807.91,14807.91,312
2026-07-20T19:15:00+00:00,14807.91,14822.41,14806.93,14819.93,376
2026-07-20T19:30:00+00:00,14819.93,14822.93,14813.91,14818.92,539
2026-07-20T19:45:00+00:00,14818.92,14821.91,14803.92,14807.41,383
2026-07-20T20:00:00+00:00,14807.41,14811.92,14800.92,14803.41,70.9369191220091
2026-07-20T20:15:00+00:00,14803.41,14804.43,14800.91,14801.42,42.84677819451886
2026-07-20T20:30:00+00:00,14801.42,14803.43,14800.91,14802.42,31.119272044945888
2026-07-21T01:00:00+00:00,14802.42,14845.41,14802.42,14841.41,1317.6197822141562
2026-07-21T01:15:00+00:00,14841.41,14946.42,14834.92,14886.42,4214
2026-07-21T01:30:00+00:00,14886.42,14958.41,14848.41,14951.93,17932
2026-07-21T01:45:00+00:00,14951.93,14964.91,14903.91,14924.93,12617
2026-07-21T02:00:00+00:00,14924.93,14929.43,14852.42,14898.42,13982
2026-07-21T02:15:00+00:00,14898.42,15006.93,14882.42,14989.93,12475
2026-07-21T02:30:00+00:00,14989.93,15029.41,14972.41,14992.92,11276
2026-07-21T02:45:00+00:00,14992.92,15039.42,14974.41,15023.91,8990
2026-07-21T03:00:00+00:00,15023.91,15072.43,15021.41,15028.93,9466
2026-07-21T03:15:00+00:00,15028.93,15051.91,14958.41,15012.93,8498
2026-07-21T03:30:00+00:00,15012.93,15041.43,14999.43,15031.43,921
2026-07-21T03:45:00+00:00,15031.43,15044.41,15031.42,15036.92,480
2026-07-21T04:00:00+00:00,15036.92,15036.92,15024.41,15024.92,324
2026-07-21T04:15:00+00:00,15024.92,15031.43,15023.92,15024.41,313
2026-07-21T04:30:00+00:00,15024.41,15033.43,15024.41,15030.41,412
2026-07-21T04:45:00+00:00,15030.41,15034.91,15022.42,15023.41,292
2026-07-21T05:00:00+00:00,15023.41,15092.43,15023.41,15039.42,8281
2026-07-21T05:15:00+00:00,15039.42,15078.43,14999.41,15061.43,6913
2026-07-21T05:30:00+00:00,15061.43,15126.42,15052.91,15115.42,5316
2026-07-21T05:45:00+00:00,15115.42,15162.42,15098.41,15137.43,4655
2026-07-21T06:00:00+00:00,15137.43,15188.93,15135.42,15182.42,3957
2026-07-21T06:15:00+00:00,15182.42,15185.93,15154.41,15162.93,3563
2026-07-21T06:30:00+00:00,15162.93,15184.93,15153.41,15173.43,4171
2026-07-21T06:45:00+00:00,15173.43,15187.93,15126.91,15165.43,4478
2026-07-21T07:00:00+00:00,15165.43,15174.92,15158.43,15163.91,1183
2026-07-21T07:15:00+00:00,15163.91,15167.43,15154.42,15156.42,646
2026-07-21T07:30:00+00:00,15156.42,15156.42,15140.42,15141.43,474
2026-07-21T07:45:00+00:00,15141.43,15143.41,15131.43,15139.93,500
2026-07-21T08:00:00+00:00,15139.93,15143.41,15131.41,15139.42,710
2026-07-21T08:15:00+00:00,15139.42,15146.42,15136.42,15146.42,413
2026-07-21T09:00:00+00:00,15146.42,15152.91,15120.93,15141.41,392
2026-07-21T09:15:00+00:00,15141.41,15148.91,15131.91,15133.41,152
2026-07-21T09:30:00+00:00,15133.41,15139.42,15127.93,15130.43,229
2026-07-21T09:45:00+00:00,15130.43,15136.92,15128.92,15131.93,168
2026-07-21T10:00:00+00:00,15131.93,15138.43,15122.41,15132.41,381
2026-07-21T10:15:00+00:00,15132.41,15133.42,15121.43,15123.93,218
2026-07-21T10:30:00+00:00,15123.93,15131.91,15122.91,15127.43,157
2026-07-21T10:45:00+00:00,15127.43,15129.43,15120.41,15122.41,214
2026-07-21T11:00:00+00:00,15122.41,15124.92,15115.93,15118.91,216
2026-07-21T11:15:00+00:00,15118.91,15125.93,15116.92,15124.41,224
2026-07-21T11:30:00+00:00,15124.41,15128.93,15121.42,15124.93,183
2026-07-21T11:45:00+00:00,15124.93,15125.93,15112.43,15117.93,240
2026-07-21T12:00:00+00:00,15117.93,15128.93,15117.93,15122.42,337
2026-07-21T12:15:00+00:00,15122.42,15123.42,15113.43,15115.41,423
2026-07-21T12:30:00+00:00,15115.41,15120.92,15106.92,15112.42,259
2026-07-21T12:45:00+00:00,15112.42,15129.42,15112.41,15125.41,272
2026-07-21T13:00:00+00:00,15125.41,15132.91,15122.42,15127.43,249
2026-07-21T13:15:00+00:00,15127.43,15129.93,15124.43,15127.41,217
2026-07-21T13:30:00+00:00,15127.41,15140.43,15105.43,15108.91,1249
2026-07-21T13:45:00+00:00,15108.91,15133.42,15106.41,15130.42,1157
2026-07-21T14:00:00+00:00,15130.42,15140.43,15127.41,15139.42,686
2026-07-21T14:15:00+00:00,15139.42,15154.43,15131.91,15151.41,659
2026-07-21T14:30:00+00:00,15151.41,15157.43,15143.41,15148.43,410
2026-07-21T14:45:00+00:00,15148.43,15159.43,15146.41,15151.43,449
2026-07-21T15:00:00+00:00,15151.43,15156.42,15149.91,15154.42,348
2026-07-21T15:15:00+00:00,15154.42,15162.43,15153.41,15162.42,324
2026-07-21T15:30:00+00:00,15162.42,15163.43,15156.41,15156.41,359
2026-07-21T15:45:00+00:00,15156.41,15162.43,15151.41,15152.93,248
2026-07-21T16:00:00+00:00,15152.93,15161.42,15151.41,15160.43,136
2026-07-21T16:15:00+00:00,15160.43,15163.92,15159.41,15161.43,105
2026-07-21T16:30:00+00:00,15161.43,15162.43,15158.41,15161.43,148
2026-07-21T16:45:00+00:00,15161.43,15164.42,15158.42,15159.41,143
2026-07-21T17:00:00+00:00,15159.41,15163.43,15158.42,15159.41,132
2026-07-21T17:15:00+00:00,15159.41,15160.91,15154.41,15154.93,124
2026-07-21T17:30:00+00:00,15154.93,15156.43,15153.41,15156.43,148
2026-07-21T17:45:00+00:00,15156.43,15158.43,15155.41,15157.41,107.45366079703429
2026-07-21T18:00:00+00:00,15157.41,15161.43,15156.41,15157.92,132
2026-07-21T18:15:00+00:00,15157.92,15159.92,15156.42,15158.92,118
2026-07-21T18:30:00+00:00,15158.92,15161.43,15156.41,15159.41,129
2026-07-21T18:45:00+00:00,15159.41,15162.43,15158.41,15162.43,118
2026-07-21T19:00:00+00:00,15162.43,15163.43,15159.42,15162.92,102.34206695778748
2026-07-21T19:15:00+00:00,15162.92,15165.43,15160.41,15161.92,102
2026-07-21T19:30:00+00:00,15161.92,15165.43,15160.92,15161.42,75.25479662317728
2026-07-21T19:45:00+00:00,15161.42,15167.41,15160.41,15165.93,191
2026-07-21T20:00:00+00:00,15165.93,15166.42,15148.41,15156.42,86.25563909774436
2026-07-21T20:15:00+00:00,15156.42,15158.92,15154.42,15156.92,41
2026-07-21T20:30:00+00:00,15156.92,15159.43,15156.41,15159.42,34.23319502074689
2026-07-22T01:00:00+00:00,15159.42,15181.97,15149.95,15163.46,453.0776160776161
2026-07-22T01:15:00+00:00,15163.46,15189.47,15106.45,15137.47,2451
2026-07-22T01:30:00+00:00,15137.47,15216.45,15135.47,15192.46,16301
2026-07-22T01:45:00+00:00,15192.46,15255.46,15189.47,15243.45,8877
2026-07-22T02:00:00+00:00,15243.45,15265.96,15211.47,15249.47,7561
2026-07-22T02:15:00+00:00,15249.47,15273.96,15228.96,15262.95,5577
2026-07-22T02:30:00+00:00,15262.95,15274.46,15223.47,15243.95,6567
2026-07-22T02:45:00+00:00,15243.95,15312.47,15242.95,15298.97,5059
2026-07-22T03:00:00+00:00,15298.97,15302.47,15245.95,15266.46,4453
2026-07-22T03:15:00+00:00,15266.46,15332.47,15251.46,15327.95,3943
2026-07-22T03:30:00+00:00,15327.95,15327.95,15301.45,15305.47,817
2026-07-22T03:45:00+00:00,15305.47,15309.45,15271.96,15284.95,836
2026-07-22T04:00:00+00:00,15284.95,15305.47,15284.45,15300.46,298
2026-07-22T04:15:00+00:00,15300.46,15301.96,15293.45,15293.45,186.59611366485584
2026-07-22T04:30:00+00:00,15293.45,15298.95,15291.45,15296.47,224
2026-07-22T04:45:00+00:00,15296.47,15296.97,15281.45,15284.96,270
2026-07-22T05:00:00+00:00,15284.96,15284.96,15229.46,15250.47,6035
2026-07-22T05:15:00+00:00,15250.47,15250.47,15194.95,15196.47,5878
2026-07-22T05:30:00+00:00,15196.47,15227.47,15164.47,15203.45,6349
2026-07-22T05:45:00+00:00,15203.45,15209.97,15154.95,15164.45,5056
2026-07-22T06:00:00+00:00,15164.45,15182.46,15087.45,15104.47,5345
2026-07-22T06:15:00+00:00,15104.47,15157.47,15092.47,15116.45,5318
2026-07-22T06:30:00+00:00,15116.45,15155.47,15099.46,15130.46,5456
2026-07-22T06:45:00+00:00,15130.46,15141.46,15115.97,15132.47,4109
2026-07-22T07:00:00+00:00,15132.47,15138.97,15119.45,15134.45,817
2026-07-22T07:15:00+00:00,15134.45,15135.47,15129.45,15132.45,336
2026-07-22T07:30:00+00:00,15132.45,15134.47,15116.47,15119.96,366
2026-07-22T07:45:00+00:00,15119.96,15128.45,15119.45,15125.45,401
2026-07-22T08:00:00+00:00,15125.45,15132.97,15112.45,15123.45,946
2026-07-22T08:15:00+00:00,15123.45,15136.97,15123.45,15135.95,364
2026-07-22T09:00:00+00:00,15135.95,15151.46,15124.45,15145.95,448
2026-07-22T09:15:00+00:00,15145.95,15165.46,15144.46,15162.45,300
2026-07-22T09:30:00+00:00,15162.45,15173.47,15139.45,15144.46,416
2026-07-22T09:45:00+00:00,15144.46,15145.97,15136.45,15144.95,192
2026-07-22T10:00:00+00:00,15144.95,15151.97,15144.95,15148.95,137
2026-07-22T10:15:00+00:00,15148.95,15159.47,15147.47,15158.46,281
2026-07-22T10:30:00+00:00,15158.46,15158.47,15149.45,15149.96,180
2026-07-22T10:45:00+00:00,15149.96,15158.97,15149.47,15156.47,153
2026-07-22T11:00:00+00:00,15156.47,15159.45,15147.46,15147.47,170
2026-07-22T11:15:00+00:00,15147.47,15153.47,15146.45,15150.45,135.16031667491342
2026-07-22T11:30:00+00:00,15150.45,15153.46,15135.45,15143.95,427
2026-07-22T11:45:00+00:00,15143.95,15150.47,15140.96,15142.97,208
2026-07-22T12:00:00+00:00,15142.97,15149.97,15142.46,15147.47,207
2026-07-22T12:15:00+00:00,15147.47,15149.47,15140.47,15145.95,174
2026-07-22T12:30:00+00:00,15145.95,15149.46,15135.95,15139.46,293
2026-07-22T12:45:00+00:00,15139.46,15139.96,15120.95,15130.45,504
2026-07-22T13:00:00+00:00,15130.45,15139.45,15129.97,15138.46,327
2026-07-22T13:15:00+00:00,15138.46,15150.97,15138.46,15148.46,175
2026-07-22T13:30:00+00:00,15148.46,15175.97,15147.45,15175.47,921
2026-07-22T13:45:00+00:00,15175.47,15186.46,15170.45,15184.46,468
2026-07-22T14:00:00+00:00,15184.46,15189.45,15179.45,15183.95,428
2026-07-22T14:15:00+00:00,15183.95,15185.47,15169.45,15172.46,467
2026-07-22T14:30:00+00:00,15172.46,15177.47,15164.45,15165.47,413
2026-07-22T14:45:00+00:00,15165.47,15171.46,15164.45,15171.46,356
2026-07-22T15:00:00+00:00,15171.46,15184.47,15170.45,15184.46,238
2026-07-22T15:15:00+00:00,15184.46,15188.45,15178.45,15185.46,227
2026-07-22T15:30:00+00:00,15185.46,15190.47,15182.45,15187.45,203
2026-07-22T15:45:00+00:00,15187.45,15191.47,15186.95,15191.45,176
2026-07-22T16:00:00+00:00,15191.45,15191.45,15186.96,15189.47,170
2026-07-22T16:15:00+00:00,15189.47,15193.47,15186.45,15187.46,138
2026-07-22T16:30:00+00:00,15187.46,15191.45,15186.95,15190.47,133
2026-07-22T16:45:00+00:00,15190.47,15192.47,15188.45,15191.45,93
2026-07-22T17:00:00+00:00,15191.45,15192.47,15187.45,15190.46,140
2026-07-22T17:15:00+00:00,15190.46,15194.47,15189.46,15193.46,117
2026-07-22T17:30:00+00:00,15193.46,15195.45,15184.45,15185.45,125
2026-07-22T17:45:00+00:00,15185.45,15187.47,15182.45,15184.46,144
2026-07-22T18:00:00+00:00,15184.46,15185.47,15177.45,15178.45,159
2026-07-22T18:15:00+00:00,15178.45,15181.97,15177.45,15180.45,155
2026-07-22T18:30:00+00:00,15180.45,15180.47,15175.45,15179.45,140.90922844175492
2026-07-22T18:45:00+00:00,15179.45,15183.97,15178.95,15182.96,115
2026-07-22T19:00:00+00:00,15182.96,15183.95,15177.95,15178.96,107
2026-07-22T19:15:00+00:00,15178.96,15182.47,15177.95,15180.96,90
2026-07-22T19:30:00+00:00,15180.96,15180.97,15174.95,15176.96,159
2026-07-22T19:45:00+00:00,15176.96,15178.96,15172.97,15174.96,189
2026-07-22T20:00:00+00:00,15174.96,15184.95,15171.45,15181.95,660
2026-07-22T20:15:00+00:00,15181.95,15186.97,15181.46,15183.97,134
2026-07-22T20:30:00+00:00,15183.97,15183.97,15178.96,15181.95,104
2026-07-23T01:00:00+00:00,15181.95,15201.66,15173.15,15190.65,537.1272487933304
2026-07-23T01:15:00+00:00,15190.65,15216.17,15142.15,15202.17,2291
2026-07-23T01:30:00+00:00,15202.17,15223.17,15125.67,15171.67,14013
2026-07-23T01:45:00+00:00,15171.67,15239.66,15165.65,15191.17,8161
2026-07-23T02:00:00+00:00,15191.17,15226.16,15181.65,15202.15,7673
2026-07-23T02:15:00+00:00,15202.15,15224.15,15155.16,15178.66,6821
2026-07-23T02:30:00+00:00,15178.66,15208.16,15175.15,15184.65,5923
2026-07-23T02:45:00+00:00,15184.65,15210.17,15164.66,15178.67,5372
2026-07-23T03:00:00+00:00,15178.67,15189.66,15137.18,15183.17,5342
2026-07-23T03:15:00+00:00,15183.17,15202.68,15143.68,15171.17,5165
2026-07-23T03:30:00+00:00,15171.17,15186.66,15170.18,15185.16,851
2026-07-23T03:45:00+00:00,15185.16,15188.68,15181.68,15184.17,393
2026-07-23T04:00:00+00:00,15184.17,15187.68,15174.17,15187.18,258
2026-07-23T04:15:00+00:00,15187.18,15194.16,15183.68,15191.67,307
2026-07-23T04:30:00+00:00,15191.67,15192.66,15183.68,15186.67,176
2026-07-23T04:45:00+00:00,15186.67,15189.66,15183.16,15187.66,189
2026-07-23T05:00:00+00:00,15187.66,15260.18,15187.66,15219.66,7694
2026-07-23T05:15:00+00:00,15219.66,15240.68,15191.16,15230.68,5286
2026-07-23T05:30:00+00:00,15230.68,15248.18,15213.17,15218.67,5438
2026-07-23T05:45:00+00:00,15218.67,15231.16,15188.67,15195.68,3478
2026-07-23T06:00:00+00:00,15195.68,15201.17,15177.67,15184.17,2278
2026-07-23T06:15:00+00:00,15184.17,15195.68,15166.67,15194.67,1933
2026-07-23T06:30:00+00:00,15194.67,15222.68,15182.66,15217.16,2683
2026-07-23T06:45:00+00:00,15217.16,15220.18,15201.66,15213.67,2104
2026-07-23T07:00:00+00:00,15213.67,15213.67,15188.67,15199.68,603
2026-07-23T07:15:00+00:00,15199.68,15210.18,15198.67,15202.67,243
2026-07-23T07:30:00+00:00,15202.67,15202.67,15190.17,15190.67,255
2026-07-23T07:45:00+00:00,15190.67,15205.68,15186.16,15205.68,341
2026-07-23T08:00:00+00:00,15205.68,15212.68,15197.66,15209.68,631
2026-07-23T08:15:00+00:00,15209.68,15211.67,15204.66,15210.67,363
2026-07-23T09:00:00+00:00,15210.67,15220.18,15202.16,15213.67,368
2026-07-23T09:15:00+00:00,15213.67,15220.68,15209.66,15209.67,223
2026-07-23T09:30:00+00:00,15209.67,15214.68,15208.66,15214.67,124
2026-07-23T09:45:00+00:00,15214.67,15215.68,15201.66,15203.16,136
2026-07-23T10:00:00+00:00,15203.16,15205.68,15196.66,15198.68,179
2026-07-23T10:15:00+00:00,15198.68,15203.66,15198.16,15199.18,159
2026-07-23T10:30:00+00:00,15199.18,15216.17,15198.68,15214.67,245
2026-07-23T10:45:00+00:00,15214.67,15222.68,15214.67,15218.67,165
2026-07-23T11:00:00+00:00,15218.67,15222.66,15211.66,15216.17,180
2026-07-23T11:15:00+00:00,15216.17,15216.68,15197.66,15198.17,161
2026-07-23T11:30:00+00:00,15198.17,15201.68,15179.66,15185.66,426
2026-07-23T11:45:00+00:00,15185.66,15203.17,15184.67,15199.66,344
2026-07-23T12:00:00+00:00,15199.66,15200.17,15185.66,15185.67,169
2026-07-23T12:15:00+00:00,15185.67,15189.17,15169.66,15172.18,501
2026-07-23T12:30:00+00:00,15172.18,15172.18,15154.68,15157.66,625
2026-07-23T12:45:00+00:00,15157.66,15160.17,15152.17,15154.68,532
2026-07-23T13:00:00+00:00,15154.68,15156.66,15138.66,15140.17,527
2026-07-23T13:15:00+00:00,15140.17,15144.66,15136.17,15142.67,455
2026-07-23T13:30:00+00:00,15142.67,15167.68,15140.68,15163.68,1105
2026-07-23T13:45:00+00:00,15163.68,15164.67,15137.67,15142.66,1086
2026-07-23T14:00:00+00:00,15142.66,15155.67,15136.68,15150.66,1382
2026-07-23T14:15:00+00:00,15150.66,15154.66,15140.67,15153.66,1180
2026-07-23T14:30:00+00:00,15153.66,15156.18,15137.68,15139.67,1196
2026-07-23T14:45:00+00:00,15139.67,15145.68,15122.66,15138.67,792
2026-07-23T15:00:00+00:00,15138.67,15141.67,15121.66,15124.17,505
2026-07-23T15:15:00+00:00,15124.17,15128.18,15112.66,15113.68,734
2026-07-23T15:30:00+00:00,15113.68,15124.68,15111.16,15118.68,839
2026-07-23T15:45:00+00:00,15118.68,15127.66,15116.16,15125.67,512
2026-07-23T16:00:00+00:00,15125.67,15140.17,15123.66,15133.66,372
2026-07-23T16:15:00+00:00,15133.66,15147.68,15132.68,15146.67,288
2026-07-23T16:30:00+00:00,15146.67,15148.68,15142.66,15144.67,306
2026-07-23T16:45:00+00:00,15144.67,15144.68,15136.16,15143.66,340
2026-07-23T17:00:00+00:00,15143.66,15145.66,15137.68,15141.68,352
2026-07-23T17:15:00+00:00,15141.68,15147.68,15139.66,15144.66,395
2026-07-23T17:30:00+00:00,15144.66,15146.17,15128.66,15133.68,420
2026-07-23T17:45:00+00:00,15133.68,15138.68,15123.66,15123.68,422
2026-07-23T18:00:00+00:00,15123.68,15130.16,15120.17,15126.17,339
2026-07-23T18:15:00+00:00,15126.17,15129.68,15122.68,15129.66,335
2026-07-23T18:30:00+00:00,15129.66,15132.68,15126.66,15127.68,267
2026-07-23T18:45:00+00:00,15127.68,15133.18,15127.17,15130.67,186
2026-07-23T19:00:00+00:00,15130.67,15133.67,15119.68,15119.68,131
2026-07-23T19:15:00+00:00,15119.68,15135.67,15119.67,15133.67,194
2026-07-23T19:30:00+00:00,15133.67,15138.68,15128.68,15128.68,212
2026-07-23T19:45:00+00:00,15128.68,15140.16,15121.66,15135.68,415
2026-07-23T20:00:00+00:00,15135.68,15143.67,15135.67,15142.66,235
2026-07-23T20:15:00+00:00,15142.66,15147.68,15141.66,15144.66,92
2026-07-23T20:30:00+00:00,15144.66,15148.68,15142.66,15145.16,52.663090128755364
2026-07-24T01:00:00+00:00,15145.16,15166.37,15120.37,15156.35,571.9536026200874
2026-07-24T01:15:00+00:00,15156.35,15195.36,15104.86,15170.37,2968
2026-07-24T01:30:00+00:00,15170.37,15170.37,15090.37,15144.87,15147
2026-07-24T01:45:00+00:00,15144.87,15167.86,15109.85,15128.87,8129
2026-07-24T02:00:00+00:00,15128.87,15181.87,15121.37,15159.35,6609
2026-07-24T02:15:00+00:00,15159.35,15178.86,15141.37,15164.86,5361
2026-07-24T02:30:00+00:00,15164.86,15168.36,15100.85,15107.87,4531
2026-07-24T02:45:00+00:00,15107.87,15126.36,15095.87,15100.36,3902
2026-07-24T03:00:00+00:00,15100.36,15101.87,15071.85,15089.35,3619
2026-07-24T03:15:00+00:00,15089.35,15107.87,15076.35,15101.35,3527
2026-07-24T03:30:00+00:00,15101.35,15111.86,15092.87,15108.36,551
2026-07-24T03:45:00+00:00,15108.36,15112.37,15099.36,15102.35,324
2026-07-24T04:00:00+00:00,15102.35,15115.87,15096.86,15110.86,202
2026-07-24T04:15:00+00:00,15110.86,15130.86,15108.35,15129.86,295
2026-07-24T04:30:00+00:00,15129.86,15129.86,15117.85,15121.35,250
2026-07-24T04:45:00+00:00,15121.35,15124.37,15115.37,15122.85,309
2026-07-24T05:00:00+00:00,15122.85,15176.36,15099.86,15137.86,6500
2026-07-24T05:15:00+00:00,15137.86,15141.37,15100.85,15114.85,4345
2026-07-24T05:30:00+00:00,15114.85,15115.35,15052.35,15053.36,3987
2026-07-24T05:45:00+00:00,15053.36,15066.87,15022.87,15029.36,4246
2026-07-24T06:00:00+00:00,15029.36,15057.35,15001.36,15056.37,4601
2026-07-24T06:15:00+00:00,15056.37,15075.87,15037.85,15063.87,4425
2026-07-24T06:30:00+00:00,15063.87,15074.87,14993.85,14999.36,3628
2026-07-24T06:45:00+00:00,14999.36,14999.37,14969.36,14985.85,3385
2026-07-24T07:00:00+00:00,14985.85,15026.37,14979.86,15024.36,1138
2026-07-24T07:15:00+00:00,15024.36,15046.87,15023.85,15037.36,482
2026-07-24T07:30:00+00:00,15037.36,15038.86,15021.35,15026.86,582
2026-07-24T07:45:00+00:00,15026.86,15026.87,15019.86,15024.85,319
2026-07-24T08:00:00+00:00,15024.85,15024.85,15005.86,15011.85,501
2026-07-24T08:15:00+00:00,15011.85,15022.36,15009.85,15020.36,406
2026-07-24T09:00:00+00:00,15020.36,15043.87,15016.35,15040.36,308
2026-07-24T09:15:00+00:00,15040.36,15049.37,15039.37,15042.86,229
2026-07-24T09:30:00+00:00,15042.86,15047.87,15040.36,15041.35,158
2026-07-24T09:45:00+00:00,15041.35,15042.87,15039.86,15040.37,101
2026-07-24T10:00:00+00:00,15040.37,15043.85,15038.86,15039.36,123.75339896858884
2026-07-24T10:15:00+00:00,15039.36,15039.36,15028.85,15036.87,159
2026-07-24T10:30:00+00:00,15036.87,15044.36,15031.87,15034.86,142
2026-07-24T10:45:00+00:00,15034.86,15035.35,15024.86,15031.85,111
2026-07-24T11:00:00+00:00,15031.85,15048.86,15031.37,15041.85,171.4128622469234
2026-07-24T11:15:00+00:00,15041.85,15047.86,15040.85,15041.85,113
2026-07-24T11:30:00+00:00,15041.85,15052.37,15041.37,15049.36,193
2026-07-24T11:45:00+00:00,15049.36,15065.85,15045.85,15058.36,375
2026-07-24T12:00:00+00:00,15058.36,15063.87,15055.85,15060.87,342
2026-07-24T12:15:00+00:00,15060.87,15060.87,15044.85,15051.35,205
2026-07-24T12:30:00+00:00,15051.35,15051.35,15042.36,15043.85,146
2026-07-24T12:45:00+00:00,15043.85,15050.87,15041.85,15044.37,173
2026-07-24T13:00:00+00:00,15044.37,15047.86,15042.35,15043.85,144.29124668435014
2026-07-24T13:15:00+00:00,15043.85,15051.37,15043.85,15049.87,172
2026-07-24T13:30:00+00:00,15049.87,15057.87,15045.86,15053.85,1102
2026-07-24T13:45:00+00:00,15053.85,15056.36,15027.85,15028.87,941
2026-07-24T14:00:00+00:00,15028.87,15042.85,15026.86,15036.36,1028
2026-07-24T14:15:00+00:00,15036.36,15038.87,15019.85,15028.37,1023
2026-07-24T14:30:00+00:00,15028.37,15028.87,15013.87,15017.37,726
2026-07-24T14:45:00+00:00,15017.37,15046.85,15013.85,15044.87,680
2026-07-24T15:00:00+00:00,15044.87,15066.85,15038.85,15063.85,1148
2026-07-24T15:15:00+00:00,15063.85,15075.87,15058.87,15066.37,1095
2026-07-24T15:30:00+00:00,15066.37,15072.87,15060.86,15063.85,668
2026-07-24T15:45:00+00:00,15063.85,15074.87,15063.85,15072.87,418
2026-07-24T16:00:00+00:00,15072.87,15078.87,15070.85,15074.37,304
2026-07-24T16:15:00+00:00,15074.37,15076.86,15069.86,15069.86,257
2026-07-24T16:30:00+00:00,15069.86,15069.86,15052.85,15053.37,400
2026-07-24T16:45:00+00:00,15053.37,15054.87,15044.85,15050.86,339
2026-07-24T17:00:00+00:00,15050.86,15051.37,15032.85,15035.87,449
2026-07-24T17:15:00+00:00,15035.87,15040.87,15033.85,15040.85,397
2026-07-24T17:30:00+00:00,15040.85,15042.87,15033.36,15033.36,268
2026-07-24T17:45:00+00:00,15033.36,15037.87,15031.85,15033.87,301
2026-07-24T18:00:00+00:00,15033.87,15036.87,15030.37,15030.86,236
2026-07-24T18:15:00+00:00,15030.86,15032.86,15021.36,15022.86,302
2026-07-24T18:30:00+00:00,15022.86,15023.85,15006.36,15009.86,468
2026-07-24T18:45:00+00:00,15009.86,15019.87,15008.85,15015.86,362
2026-07-24T19:00:00+00:00,15015.86,15018.86,15006.85,15008.36,269
2026-07-24T19:15:00+00:00,15008.36,15014.36,15005.85,15010.35,295
2026-07-24T19:30:00+00:00,15010.35,15015.86,15009.36,15013.85,306
2026-07-24T19:45:00+00:00,15013.85,15024.86,15012.85,15021.87,348
2026-07-24T20:00:00+00:00,15021.87,15022.37,15016.86,15017.86,65
2026-07-24T20:15:00+00:00,15017.86,15022.87,15017.86,15019.36,50.71813031161473
2026-07-24T20:30:00+00:00,15019.36,15022.37,15018.35,15022.36,33.34807301130327
2026-07-27T01:00:00+00:00,15022.36,15070.2,15022.36,15066.18,511.00539772727274
2026-07-27T01:15:00+00:00,15066.18,15117.7,15054.19,15070.7,2239
2026-07-27T01:30:00+00:00,15070.7,15091.2,14991.18,15058.2,7611
2026-07-27T01:45:00+00:00,15058.2,15100.7,15029.18,15094.19,6175
2026-07-27T02:00:00+00:00,15094.19,15124.2,15077.2,15079.7,4824
2026-07-27T02:15:00+00:00,15079.7,15113.2,15069.18,15096.2,3336
2026-07-27T02:30:00+00:00,15096.2,15108.2,15086.18,15094.19,3162
2026-07-27T02:45:00+00:00,15094.19,15108.2,15082.19,15089.2,2379
2026-07-27T03:00:00+00:00,15089.2,15107.2,15084.18,15098.18,2100
2026-07-27T03:15:00+00:00,15098.18,15116.68,15086.18,15094.19,1827
2026-07-27T03:30:00+00:00,15094.19,15102.7,15089.69,15090.2,400
2026-07-27T03:45:00+00:00,15090.2,15090.2,15079.68,15088.69,284
2026-07-27T04:00:00+00:00,15088.69,15099.18,15088.69,15097.18,152
2026-07-27T04:15:00+00:00,15097.18,15110.69,15096.2,15110.2,267
2026-07-27T04:30:00+00:00,15110.2,15120.19,15105.18,15118.69,343
2026-07-27T04:45:00+00:00,15118.69,15132.2,15118.18,15130.2,279
2026-07-27T05:00:00+00:00,15130.2,15130.2,15099.7,15117.18,3390
2026-07-27T05:15:00+00:00,15117.18,15122.18,15084.19,15089.2,1980
2026-07-27T05:30:00+00:00,15089.2,15092.19,15057.18,15085.19,2103
2026-07-27T05:45:00+00:00,15085.19,15120.18,15073.2,15109.19,1654
2026-07-27T06:00:00+00:00,15109.19,15150.19,15103.69,15137.18,1795
2026-07-27T06:15:00+00:00,15137.18,15154.18,15127.7,15151.19,1379
2026-07-27T06:30:00+00:00,15151.19,15209.2,15151.19,15192.18,2034
2026-07-27T06:45:00+00:00,15192.18,15217.2,15186.18,15211.69,1688
2026-07-27T07:00:00+00:00,15211.69,15231.7,15209.18,15217.18,724
2026-07-27T07:15:00+00:00,15217.18,15221.19,15212.18,15214.19,266
2026-07-27T07:30:00+00:00,15214.19,15214.2,15203.18,15209.18,200
2026-07-27T07:45:00+00:00,15209.18,15209.19,15196.18,15198.2,159
2026-07-27T08:00:00+00:00,15198.2,15199.19,15188.18,15194.2,515
2026-07-27T08:15:00+00:00,15194.2,15198.69,15188.2,15198.69,327
2026-07-27T09:00:00+00:00,15198.69,15207.7,15196.18,15196.18,217.36862321450008
2026-07-27T09:15:00+00:00,15196.18,15202.2,15194.19,15201.2,134
2026-07-27T09:30:00+00:00,15201.2,15202.19,15196.19,15199.68,107
2026-07-27T09:45:00+00:00,15199.68,15200.2,15194.19,15194.19,95
2026-07-27T10:00:00+00:00,15194.19,15195.18,15188.18,15192.19,112
2026-07-27T10:15:00+00:00,15192.19,15192.7,15189.18,15190.69,109
2026-07-27T10:30:00+00:00,15190.69,15194.2,15188.2,15192.18,86
2026-07-27T10:45:00+00:00,15192.18,15195.7,15190.18,15191.2,92
2026-07-27T11:00:00+00:00,15191.2,15193.19,15184.18,15189.7,94
2026-07-27T11:15:00+00:00,15189.7,15190.18,15180.19,15180.19,153
2026-07-27T11:30:00+00:00,15180.19,15188.2,15177.18,15183.19,266
2026-07-27T11:45:00+00:00,15183.19,15186.18,15182.68,15185.2,60
2026-07-27T12:00:00+00:00,15185.2,15195.2,15185.2,15187.18,184
2026-07-27T12:15:00+00:00,15187.18,15188.69,15183.18,15185.69,108.8663017982799
2026-07-27T12:30:00+00:00,15185.69,15190.69,15181.7,15189.18,137
2026-07-27T12:45:00+00:00,15189.18,15196.2,15189.18,15195.68,143
2026-07-27T13:00:00+00:00,15195.68,15203.7,15190.68,15201.19,141
2026-07-27T13:15:00+00:00,15201.19,15202.2,15197.18,15197.69,123
2026-07-27T13:30:00+00:00,15197.69,15205.2,15186.19,15191.19,672
2026-07-27T13:45:00+00:00,15191.19,15199.18,15175.19,15176.2,683
2026-07-27T14:00:00+00:00,15176.2,15184.2,15168.19,15172.68,638
2026-07-27T14:15:00+00:00,15172.68,15181.69,15155.7,15155.7,636
2026-07-27T14:30:00+00:00,15155.7,15159.19,15147.18,15148.18,800
2026-07-27T14:45:00+00:00,15148.18,15181.2,15148.18,15180.19,672
2026-07-27T15:00:00+00:00,15180.19,15191.2,15176.68,15188.2,682
2026-07-27T15:15:00+00:00,15188.2,15199.2,15177.18,15193.19,619
2026-07-27T15:30:00+00:00,15193.19,15193.19,15173.19,15175.2,473
2026-07-27T15:45:00+00:00,15175.2,15177.19,15167.18,15172.2,604
2026-07-27T16:00:00+00:00,15172.2,15177.2,15167.18,15169.18,633
2026-07-27T16:15:00+00:00,15169.18,15189.19,15166.18,15185.2,950
2026-07-27T16:30:00+00:00,15185.2,15190.19,15174.19,15174.2,562
2026-07-27T16:45:00+00:00,15174.2,15179.7,15166.18,15168.18,616
2026-07-27T17:00:00+00:00,15168.18,15168.18,15155.19,15159.2,415
2026-07-27T17:15:00+00:00,15159.2,15162.2,15152.18,15156.18,410
2026-07-27T17:30:00+00:00,15156.18,15166.2,15155.19,15162.18,372
2026-07-27T17:45:00+00:00,15162.18,15167.68,15159.19,15166.18,328
2026-07-27T18:00:00+00:00,15166.18,15167.2,15162.18,15163.18,373
2026-07-27T18:15:00+00:00,15163.18,15164.2,15156.7,15163.19,324
2026-07-27T18:30:00+00:00,15163.19,15165.7,15155.18,15162.2,452
2026-07-27T18:45:00+00:00,15162.2,15176.2,15161.7,15174.2,431
2026-07-27T19:00:00+00:00,15174.2,15183.2,15172.18,15179.18,214
2026-07-27T19:15:00+00:00,15179.18,15185.2,15178.69,15183.19,167
2026-07-27T19:30:00+00:00,15183.19,15187.2,15182.18,15185.19,185
2026-07-27T19:45:00+00:00,15185.19,15192.2,15183.2,15190.19,263
2026-07-27T20:00:00+00:00,15190.19,15193.18,15185.18,15188.19,72
2026-07-27T20:15:00+00:00,15188.19,15190.7,15187.68,15190.7,34.82489351632749
2026-07-27T20:30:00+00:00,15190.7,15194.7,15190.69,15193.69,36.62680193559761
2026-07-28T01:00:00+00:00,15193.69,15193.69,15075.710000000001,15084.23,1176.947576099211
2026-07-28T01:15:00+00:00,15084.23,15087.73,15009.22,15016.72,3355
2026-07-28T01:30:00+00:00,15016.72,15034.23,14952.23,14966.710000000001,13685
2026-07-28T01:45:00+00:00,14966.710000000001,15005.710000000001,14940.72,14975.710000000001,9360
2026-07-28T02:00:00+00:00,14975.710000000001,14993.710000000001,14941.72,14953.72,7415
2026-07-28T02:15:00+00:00,14953.72,14954.22,14841.22,14856.73,6358
2026-07-28T02:30:00+00:00,14856.73,14861.72,14802.710000000001,14810.72,5266
2026-07-28T02:45:00+00:00,14810.72,14826.23,14782.710000000001,14798.710000000001,5954
2026-07-28T03:00:00+00:00,14798.710000000001,14832.73,14761.210000000001,14831.210000000001,5605
2026-07-28T03:15:00+00:00,14831.210000000001,14903.22,14817.710000000001,14863.210000000001,6481
2026-07-28T03:30:00+00:00,14863.210000000001,14899.710000000001,14863.210000000001,14894.23,1520
2026-07-28T03:45:00+00:00,14894.23,14900.22,14887.210000000001,14892.72,710
2026-07-28T04:00:00+00:00,14892.72,14899.23,14879.73,14881.22,391
2026-07-28T04:15:00+00:00,14881.22,14894.22,14880.72,14893.210000000001,303
2026-07-28T04:30:00+00:00,14893.210000000001,14897.73,14888.210000000001,14897.73,298
2026-07-28T04:45:00+00:00,14897.73,14902.210000000001,14889.23,14890.710000000001,286
2026-07-28T05:00:00+00:00,14890.710000000001,14890.710000000001,14820.210000000001,14847.710000000001,8164
2026-07-28T05:15:00+00:00,14847.710000000001,14863.23,14801.210000000001,14812.73,4935
2026-07-28T05:30:00+00:00,14812.73,14827.23,14770.710000000001,14819.73,5428
2026-07-28T05:45:00+00:00,14819.73,14826.22,14756.210000000001,14774.710000000001,4540
2026-07-28T06:00:00+00:00,14774.710000000001,14792.73,14756.72,14764.73,4114
2026-07-28T06:15:00+00:00,14764.73,14785.22,14741.210000000001,14773.23,4604
2026-07-28T06:30:00+00:00,14773.23,14774.72,14717.23,14728.210000000001,5599
2026-07-28T06:45:00+00:00,14728.210000000001,14797.23,14723.210000000001,14796.210000000001,5247
2026-07-28T07:00:00+00:00,14796.210000000001,14800.73,14778.710000000001,14779.210000000001,1146
2026-07-28T07:15:00+00:00,14779.210000000001,14790.210000000001,14774.73,14786.210000000001,418
2026-07-28T07:30:00+00:00,14786.210000000001,14796.23,14786.210000000001,14796.22,345
2026-07-28T07:45:00+00:00,14796.22,14797.23,14789.210000000001,14794.210000000001,275
2026-07-28T08:00:00+00:00,14794.210000000001,14795.73,14777.72,14783.73,904
2026-07-28T08:15:00+00:00,14783.73,14802.23,14783.22,14801.72,487
2026-07-28T09:00:00+00:00,14801.72,14810.210000000001,14798.210000000001,14806.72,250
2026-07-28T09:15:00+00:00,14806.72,14822.73,14806.72,14817.23,193
2026-07-28T09:30:00+00:00,14817.23,14817.23,14806.72,14807.23,138
2026-07-28T09:45:00+00:00,14807.23,14809.22,14794.23,14797.22,100
2026-07-28T10:00:00+00:00,14797.22,14806.23,14793.23,14802.23,143
2026-07-28T10:15:00+00:00,14802.23,14806.22,14798.210000000001,14806.22,164
2026-07-28T10:30:00+00:00,14806.22,14807.23,14785.73,14788.22,308
2026-07-28T10:45:00+00:00,14788.22,14796.23,14786.23,14795.22,184
2026-07-28T11:00:00+00:00,14795.22,14796.23,14778.22,14779.22,262
2026-07-28T11:15:00+00:00,14779.22,14802.23,14778.73,14791.710000000001,523
2026-07-28T11:30:00+00:00,14791.710000000001,14801.72,14781.210000000001,14787.22,264
2026-07-28T11:45:00+00:00,14787.22,14803.22,14785.210000000001,14800.73,266
2026-07-28T12:00:00+00:00,14800.73,14807.23,14799.210000000001,14802.72,335
2026-07-28T12:15:00+00:00,14802.72,14806.72,14799.710000000001,14805.72,303
2026-07-28T12:30:00+00:00,14805.72,14808.210000000001,14798.210000000001,14805.73,438
2026-07-28T12:45:00+00:00,14805.73,14810.710000000001,14804.23,14804.73,301
2026-07-28T13:00:00+00:00,14804.73,14805.73,14799.710000000001,14802.23,283
2026-07-28T13:15:00+00:00,14802.23,14812.23,14802.23,14808.710000000001,279
2026-07-28T13:30:00+00:00,14808.710000000001,14814.23,14781.73,14788.23,994
2026-07-28T13:45:00+00:00,14788.23,14797.23,14771.210000000001,14793.710000000001,1252
2026-07-28T14:00:00+00:00,14793.710000000001,14815.23,14793.710000000001,14799.23,1137
2026-07-28T14:15:00+00:00,14799.23,14822.23,14796.23,14821.210000000001,1352
2026-07-28T14:30:00+00:00,14821.210000000001,14839.23,14819.210000000001,14836.22,1127
2026-07-28T14:45:00+00:00,14836.22,14843.23,14832.710000000001,14833.210000000001,663
2026-07-28T15:00:00+00:00,14833.210000000001,14838.22,14819.22,14832.22,783
2026-07-28T15:15:00+00:00,14832.22,14847.210000000001,14827.22,14840.210000000001,609
2026-07-28T15:30:00+00:00,14840.210000000001,14849.73,14836.210000000001,14849.23,363
2026-07-28T15:45:00+00:00,14849.23,14859.22,14848.23,14856.72,255
2026-07-28T16:00:00+00:00,14856.72,14860.23,14849.22,14850.72,205
2026-07-28T16:15:00+00:00,14850.72,14854.23,14847.210000000001,14850.22,224
2026-07-28T16:30:00+00:00,14850.22,14856.23,14847.210000000001,14850.23,255
2026-07-28T16:45:00+00:00,14850.23,14856.73,14845.72,14855.22,201
2026-07-28T17:00:00+00:00,14855.22,14856.23,14845.210000000001,14847.22,318
2026-07-28T17:15:00+00:00,14847.22,14857.22,14846.210000000001,14847.72,326
2026-07-28T17:30:00+00:00,14847.72,14850.710000000001,14840.210000000001,14840.710000000001,227
2026-07-28T17:45:00+00:00,14840.710000000001,14842.210000000001,14833.22,14839.23,273
2026-07-28T18:00:00+00:00,14839.23,14842.22,14832.210000000001,14833.210000000001,232
2026-07-28T18:15:00+00:00,14833.210000000001,14837.210000000001,14826.22,14827.710000000001,228
2026-07-28T18:30:00+00:00,14827.710000000001,14833.73,14827.710000000001,14833.210000000001,218
2026-07-28T18:45:00+00:00,14833.210000000001,14836.23,14830.210000000001,14832.210000000001,222
2026-07-28T19:00:00+00:00,14832.210000000001,14840.210000000001,14832.210000000001,14837.210000000001,214
2026-07-28T19:15:00+00:00,14837.210000000001,14845.22,14835.23,14844.22,185
2026-07-28T19:30:00+00:00,14844.22,14845.23,14833.710000000001,14836.210000000001,173
2026-07-28T19:45:00+00:00,14836.210000000001,14837.72,14830.23,14832.210000000001,189
2026-07-28T20:00:00+00:00,14832.210000000001,14833.22,14826.73,14829.23,109
2026-07-28T20:15:00+00:00,14829.23,14839.23,14825.210000000001,14838.73,52
2026-07-28T20:30:00+00:00,14838.73,14838.73,14833.73,14834.72,45.08360902899469
2026-07-29T01:00:00+00:00,14834.72,14859.65,14795.630000000001,14796.14,1096.8680164979378
2026-07-29T01:15:00+00:00,14796.14,14830.130000000001,14740.130000000001,14828.64,3899
2026-07-29T01:30:00+00:00,14828.64,14852.130000000001,14719.14,14736.64,15929
2026-07-29T01:45:00+00:00,14736.64,14744.15,14667.630000000001,14669.64,10076
2026-07-29T02:00:00+00:00,14669.64,14754.14,14636.14,14730.15,8943
2026-07-29T02:15:00+00:00,14730.15,14792.64,14699.15,14791.130000000001,9152
2026-07-29T02:30:00+00:00,14791.130000000001,14816.65,14761.130000000001,14781.130000000001,8685
2026-07-29T02:45:00+00:00,14781.130000000001,14781.65,14720.65,14758.130000000001,5122
2026-07-29T03:00:00+00:00,14758.130000000001,14851.130000000001,14756.65,14814.14,6569
2026-07-29T03:15:00+00:00,14814.14,14832.65,14759.15,14766.15,4994
2026-07-29T03:30:00+00:00,14766.15,14766.15,14739.130000000001,14743.64,728
2026-07-29T03:45:00+00:00,14743.64,14748.130000000001,14732.14,14735.14,366
2026-07-29T04:00:00+00:00,14735.14,14737.630000000001,14710.14,14714.15,476
2026-07-29T04:15:00+00:00,14714.15,14716.15,14692.130000000001,14695.15,886
2026-07-29T04:30:00+00:00,14695.15,14707.15,14693.130000000001,14693.130000000001,772
2026-07-29T04:45:00+00:00,14693.130000000001,14723.14,14688.130000000001,14719.15,830
2026-07-29T05:00:00+00:00,14719.15,14850.15,14703.14,14845.14,9599
2026-07-29T05:15:00+00:00,14845.14,14872.630000000001,14810.15,14860.65,8135
2026-07-29T05:30:00+00:00,14860.65,14939.130000000001,14851.630000000001,14930.65,7810
2026-07-29T05:45:00+00:00,14930.65,14937.14,14840.130000000001,14852.64,6224
2026-07-29T06:00:00+00:00,14852.64,14871.15,14819.130000000001,14851.64,3948
2026-07-29T06:15:00+00:00,14851.64,14872.65,14836.65,14865.130000000001,3484
2026-07-29T06:30:00+00:00,14865.130000000001,14875.65,14833.14,14863.130000000001,2799
2026-07-29T06:45:00+00:00,14863.130000000001,14902.630000000001,14861.14,14898.130000000001,2589
2026-07-29T07:00:00+00:00,14898.130000000001,14899.65,14880.130000000001,14885.15,832
2026-07-29T07:15:00+00:00,14885.15,14889.65,14881.14,14887.630000000001,238
2026-07-29T07:30:00+00:00,14887.630000000001,14894.14,14885.14,14891.630000000001,173
2026-07-29T07:45:00+00:00,14891.630000000001,14894.130000000001,14888.130000000001,14890.15,281
2026-07-29T08:00:00+00:00,14890.15,14893.15,14883.64,14884.14,469
2026-07-29T08:15:00+00:00,14884.14,14887.64,14875.130000000001,14881.630000000001,607
2026-07-29T09:00:00+00:00,14881.630000000001,14881.630000000001,14842.130000000001,14863.130000000001,386
2026-07-29T09:15:00+00:00,14863.130000000001,14866.65,14857.14,14861.64,132
2026-07-29T09:30:00+00:00,14861.64,14872.15,14855.630000000001,14869.630000000001,180
2026-07-29T09:45:00+00:00,14869.630000000001,14875.14,14866.630000000001,14866.630000000001,158
2026-07-29T10:00:00+00:00,14866.630000000001,14875.65,14864.14,14873.15,235
2026-07-29T10:15:00+00:00,14873.15,14874.15,14863.630000000001,14868.15,147
2026-07-29T10:30:00+00:00,14868.15,14869.65,14859.14,14861.64,206
2026-07-29T10:45:00+00:00,14861.64,14861.64,14851.65,14854.15,222
2026-07-29T11:00:00+00:00,14854.15,14861.630000000001,14851.130000000001,14860.130000000001,267
2026-07-29T11:15:00+00:00,14860.130000000001,14866.15,14858.64,14862.130000000001,185
2026-07-29T11:30:00+00:00,14862.130000000001,14864.630000000001,14857.14,14860.130000000001,158
2026-07-29T11:45:00+00:00,14860.130000000001,14871.14,14859.15,14871.14,243
2026-07-29T12:00:00+00:00,14871.14,14872.64,14858.64,14859.15,238
2026-07-29T12:15:00+00:00,14859.15,14861.15,14833.14,14835.65,835
2026-07-29T12:30:00+00:00,14835.65,14844.15,14828.130000000001,14843.15,310
2026-07-29T12:45:00+00:00,14843.15,14848.15,14841.14,14847.130000000001,167
2026-07-29T13:00:00+00:00,14847.130000000001,14848.15,14835.15,14835.65,218
2026-07-29T13:15:00+00:00,14835.65,14844.15,14834.130000000001,14838.130000000001,297
2026-07-29T13:30:00+00:00,14838.130000000001,14851.64,14835.630000000001,14845.15,1303
2026-07-29T13:45:00+00:00,14845.15,14848.15,14819.130000000001,14829.130000000001,903
2026-07-29T14:00:00+00:00,14829.130000000001,14841.14,14801.15,14804.130000000001,1134
2026-07-29T14:15:00+00:00,14804.130000000001,14816.130000000001,14795.130000000001,14800.15,1010
2026-07-29T14:30:00+00:00,14800.15,14816.14,14784.130000000001,14788.64,759
2026-07-29T14:45:00+00:00,14788.64,14798.15,14784.15,14796.14,735
2026-07-29T15:00:00+00:00,14796.14,14804.630000000001,14793.130000000001,14803.630000000001,520
2026-07-29T15:15:00+00:00,14803.630000000001,14810.15,14801.14,14808.15,540
2026-07-29T15:30:00+00:00,14808.15,14813.15,14797.15,14799.130000000001,557
2026-07-29T15:45:00+00:00,14799.130000000001,14806.15,14791.130000000001,14797.15,566
2026-07-29T16:00:00+00:00,14797.15,14799.14,14780.64,14781.130000000001,446
2026-07-29T16:15:00+00:00,14781.130000000001,14792.15,14779.130000000001,14791.130000000001,425
2026-07-29T16:30:00+00:00,14791.130000000001,14794.15,14781.15,14784.14,309
2026-07-29T16:45:00+00:00,14784.14,14798.130000000001,14782.130000000001,14798.130000000001,374
2026-07-29T17:00:00+00:00,14798.130000000001,14820.15,14798.130000000001,14820.15,450
2026-07-29T17:15:00+00:00,14820.15,14826.15,14808.130000000001,14808.630000000001,422
2026-07-29T17:30:00+00:00,14808.630000000001,14815.14,14806.130000000001,14809.130000000001,373
2026-07-29T17:45:00+00:00,14809.130000000001,14816.14,14806.130000000001,14815.65,256
2026-07-29T18:00:00+00:00,14815.65,14870.64,14815.14,14849.14,1906
2026-07-29T18:15:00+00:00,14849.14,14855.14,14836.130000000001,14840.64,909
2026-07-29T18:30:00+00:00,14840.64,14881.15,14829.130000000001,14880.15,1914
2026-07-29T18:45:00+00:00,14880.15,14907.15,14878.630000000001,14907.130000000001,1402.9914730334683
2026-07-29T19:00:00+00:00,14907.130000000001,14917.15,14864.64,14875.14,1815
2026-07-29T19:15:00+00:00,14875.14,14883.15,14828.14,14838.14,1725
2026-07-29T19:30:00+00:00,14838.14,14846.15,14788.64,14791.130000000001,1974
2026-07-29T19:45:00+00:00,14791.130000000001,14795.14,14770.130000000001,14780.14,1675
2026-07-29T20:00:00+00:00,14780.14,14788.15,14764.130000000001,14775.15,1357
2026-07-29T20:15:00+00:00,14775.15,14782.65,14766.630000000001,14774.15,415
2026-07-29T20:30:00+00:00,14774.15,14790.15,14765.130000000001,14787.64,312
2026-07-30T01:00:00+00:00,14787.64,14823.52,14754,14795.02,1015.9719679633868
2026-07-30T01:15:00+00:00,14795.02,14811.51,14743.02,14793.01,3302
2026-07-30T01:30:00+00:00,14793.01,14836.52,14747,14753,12922
2026-07-30T01:45:00+00:00,14753,14782.01,14719.01,14728.01,8185
2026-07-30T02:00:00+00:00,14728.01,14755.02,14629.51,14633.51,7522
2026-07-30T02:15:00+00:00,14633.51,14676.52,14625.5,14663.5,7622
2026-07-30T02:30:00+00:00,14663.5,14674.51,14602.01,14617.51,7306
2026-07-30T02:45:00+00:00,14617.51,14634.51,14540.01,14552.01,6262
2026-07-30T03:00:00+00:00,14552.01,14624.52,14534,14554.5,6627
2026-07-30T03:15:00+00:00,14554.5,14566.52,14521.51,14536.02,5608
2026-07-30T03:30:00+00:00,14536.02,14562.02,14518.51,14556.52,1273
2026-07-30T03:45:00+00:00,14556.52,14565.52,14552,14554.51,739
2026-07-30T04:00:00+00:00,14554.51,14564.02,14546,14552.51,719
2026-07-30T04:15:00+00:00,14552.51,14566.52,14551.01,14566,379
2026-07-30T04:30:00+00:00,14566,14570.52,14547.01,14548.01,520
2026-07-30T04:45:00+00:00,14548.01,14562.01,14538.51,14538.52,532
2026-07-30T05:00:00+00:00,14538.52,14563.5,14454.52,14557.02,11475
2026-07-30T05:15:00+00:00,14557.02,14663.52,14510.02,14649,11542
2026-07-30T05:30:00+00:00,14649,14659.52,14589.01,14656.5,9995
2026-07-30T05:45:00+00:00,14656.5,14731.51,14651.52,14717.51,9956
2026-07-30T06:00:00+00:00,14717.51,14787.02,14703.02,14735.01,8802
2026-07-30T06:15:00+00:00,14735.01,14807.02,14722.02,14798,7229
2026-07-30T06:30:00+00:00,14798,14820.51,14720,14736.02,7792
2026-07-30T06:45:00+00:00,14736.02,14746.51,14713.01,14735.01,6154
2026-07-30T07:00:00+00:00,14735.01,14735.01,14709.02,14722.52,1770
2026-07-30T07:15:00+00:00,14722.52,14723.02,14712.5,14717.02,625
2026-07-30T07:30:00+00:00,14717.02,14739.01,14715.51,14736.02,403
2026-07-30T07:45:00+00:00,14736.02,14740.52,14728.5,14731.51,613
2026-07-30T08:00:00+00:00,14731.51,14752.02,14730.5,14743,908
2026-07-30T08:15:00+00:00,14743,14747.54,14737.5,14743.52,380
2026-07-30T09:00:00+00:00,14743.52,14749.54,14729.03,14742.54,434
2026-07-30T09:15:00+00:00,14742.54,14758.03,14738.04,14753.53,233
2026-07-30T09:30:00+00:00,14753.53,14766.54,14745.03,14760.04,193
2026-07-30T09:45:00+00:00,14760.04,14764.53,14743.04,14743.52,128
2026-07-30T10:00:00+00:00,14743.52,14755.02,14741.53,14747.04,152
2026-07-30T10:15:00+00:00,14747.04,14765.54,14747.04,14760.53,321
2026-07-30T10:30:00+00:00,14760.53,14773.54,14759.53,14765.02,381
2026-07-30T10:45:00+00:00,14765.02,14768.54,14743.54,14743.54,346
2026-07-30T11:00:00+00:00,14743.54,14758.04,14743.54,14749.53,372
2026-07-30T11:15:00+00:00,14749.53,14758.53,14741.54,14750.03,300
2026-07-30T11:30:00+00:00,14750.03,14757.04,14746.53,14753.03,238
2026-07-30T11:45:00+00:00,14753.03,14763.54,14751.53,14758.53,269
2026-07-30T12:00:00+00:00,14758.53,14768.03,14756.52,14766.53,314
2026-07-30T12:15:00+00:00,14766.53,14780.03,14762.52,14774.52,281
2026-07-30T12:30:00+00:00,14774.52,14780.52,14757.53,14759.52,784
2026-07-30T12:45:00+00:00,14759.52,14762.54,14753.54,14758.02,483
2026-07-30T13:00:00+00:00,14758.02,14773.04,14757.52,14763.54,492
2026-07-30T13:15:00+00:00,14763.54,14783.04,14761.53,14781.54,410
2026-07-30T13:30:00+00:00,14781.54,14801.53,14768.52,14798.53,1598
2026-07-30T13:45:00+00:00,14798.53,14840.54,14796.54,14836.52,930
2026-07-30T14:00:00+00:00,14836.52,14855.52,14833.54,14850.53,1032
2026-07-30T14:15:00+00:00,14850.53,14861.52,14842.53,14859.54,937
2026-07-30T14:30:00+00:00,14859.54,14877.53,14857.52,14864.54,746
2026-07-30T14:45:00+00:00,14864.54,14865.53,14829.52,14838.04,851
2026-07-30T15:00:00+00:00,14838.04,14850.54,14827.52,14837.53,933
2026-07-30T15:15:00+00:00,14837.53,14854.04,14834.52,14850.02,814
2026-07-30T15:30:00+00:00,14850.02,14867.02,14847.02,14866.53,550
2026-07-30T15:45:00+00:00,14866.53,14877.52,14864.03,14871.54,478
2026-07-30T16:00:00+00:00,14871.54,14882.54,14869.52,14879.53,391
2026-07-30T16:15:00+00:00,14879.53,14886.54,14878.52,14886.02,311
2026-07-30T16:30:00+00:00,14886.02,14891.53,14875.53,14876.54,376
2026-07-30T16:45:00+00:00,14876.54,14887.54,14876.54,14887.04,320
2026-07-30T17:00:00+00:00,14887.04,14895.54,14887.04,14890.53,310
2026-07-30T17:15:00+00:00,14890.53,14894.54,14889.53,14890.53,202
2026-07-30T17:30:00+00:00,14890.53,14893.54,14884.53,14893.54,259
2026-07-30T17:45:00+00:00,14893.54,14897.52,14889.52,14892.53,234
2026-07-30T18:00:00+00:00,14892.53,14895.53,14888.54,14892.02,224
2026-07-30T18:15:00+00:00,14892.02,14893.53,14889.52,14891.52,157
2026-07-30T18:30:00+00:00,14891.52,14893.54,14889.52,14893.53,166
2026-07-30T18:45:00+00:00,14893.53,14898.54,14891.53,14898.04,145
2026-07-30T19:00:00+00:00,14898.04,14909.53,14897.52,14904.54,203.36532507739938
2026-07-30T19:15:00+00:00,14904.54,14911.53,14902.02,14906.54,134
2026-07-30T19:30:00+00:00,14906.54,14907.03,14901.52,14905.02,181
2026-07-30T19:45:00+00:00,14905.02,14913.52,14904.52,14912.02,210
2026-07-30T20:00:00+00:00,14912.02,14930.54,14912.02,14929.53,451
2026-07-30T20:15:00+00:00,14929.53,14932.04,14927.03,14927.52,173
2026-07-30T20:30:00+00:00,14927.52,14929.03,14917.53,14920.52,240
2026-07-31T01:00:00+00:00,14920.52,15054.53,14920.52,15053.53,1657.9947534102832
2026-07-31T01:15:00+00:00,15053.53,15061.03,14988.53,15025.550000000001,4308
2026-07-31T01:30:00+00:00,15025.550000000001,15025.550000000001,14879.03,14922.050000000001,17606
2026-07-31T01:45:00+00:00,14922.050000000001,14976.050000000001,14913.04,14962.53,7915
2026-07-31T02:00:00+00:00,14962.53,14971.050000000001,14924.03,14929.050000000001,6820
2026-07-31T02:15:00+00:00,14929.050000000001,14938.050000000001,14882.050000000001,14891.03,6080
2026-07-31T02:30:00+00:00,14891.03,14899.53,14837.53,14875.550000000001,5074
2026-07-31T02:45:00+00:00,14875.550000000001,14882.050000000001,14824.53,14854.03,4582
2026-07-31T03:00:00+00:00,14854.03,14862.050000000001,14795.550000000001,14803.03,4630
2026-07-31T03:15:00+00:00,14803.03,14840.54,14798.03,14832.04,4047
2026-07-31T03:30:00+00:00,14832.04,14843.050000000001,14826.53,14837.050000000001,601
2026-07-31T03:45:00+00:00,14837.050000000001,14847.050000000001,14832.54,14841.050000000001,349
2026-07-31T04:00:00+00:00,14841.050000000001,14851.050000000001,14834.550000000001,14850.04,243
2026-07-31T04:15:00+00:00,14850.04,14864.550000000001,14849.04,14864.050000000001,201
2026-07-31T04:30:00+00:00,14864.050000000001,14884.050000000001,14860.04,14884.03,337
2026-07-31T04:45:00+00:00,14884.03,14898.54,14883.53,14898.54,333
2026-07-31T05:00:00+00:00,14898.54,14907.050000000001,14805.03,14821.53,5736
2026-07-31T05:15:00+00:00,14821.53,14862.050000000001,14818.03,14826.03,4211
2026-07-31T05:30:00+00:00,14826.03,14847.550000000001,14812.54,14844.050000000001,3361
2026-07-31T05:45:00+00:00,14844.050000000001,14859.050000000001,14830.03,14854.03,2803
2026-07-31T06:00:00+00:00,14854.03,14856.050000000001,14835.04,14840.54,2693
2026-07-31T06:15:00+00:00,14840.54,14894.050000000001,14829.03,14884.550000000001,2334
2026-07-31T06:30:00+00:00,14884.550000000001,14887.54,14839.53,14853.54,2858
2026-07-31T06:45:00+00:00,14853.54,14871.050000000001,14836.54,14870.03,3175
2026-07-31T07:00:00+00:00,14870.03,14871.53,14840.54,14855.050000000001,1027
2026-07-31T07:15:00+00:00,14855.050000000001,14862.050000000001,14851.03,14854.050000000001,249
2026-07-31T07:30:00+00:00,14854.050000000001,14859.53,14850.050000000001,14855.54,683
2026-07-31T07:45:00+00:00,14855.54,14859.54,14848.550000000001,14851.53,745
2026-07-31T08:00:00+00:00,14851.53,14853.050000000001,14830.03,14840.03,1071
2026-07-31T08:15:00+00:00,14840.03,14851.04,14835.04,14851.04,629
2026-07-31T09:00:00+00:00,14851.04,14869.550000000001,14851.04,14864.04,477
2026-07-31T09:15:00+00:00,14864.04,14868.050000000001,14858.03,14861.050000000001,250
2026-07-31T09:30:00+00:00,14861.050000000001,14868.53,14858.54,14864.53,324
2026-07-31T09:45:00+00:00,14864.53,14869.050000000001,14860.03,14860.04,231
2026-07-31T10:00:00+00:00,14860.04,14869.04,14858.04,14867.53,255
2026-07-31T10:15:00+00:00,14867.53,14872.03,14867.03,14868.04,167
2026-07-31T10:30:00+00:00,14868.04,14871.03,14865.03,14869.03,159
2026-07-31T10:45:00+00:00,14869.03,14870.54,14862.53,14864.04,162
2026-07-31T11:00:00+00:00,14864.04,14866.550000000001,14862.03,14863.050000000001,219
2026-07-31T11:15:00+00:00,14863.050000000001,14863.050000000001,14854.54,14857.04,298
2026-07-31T11:30:00+00:00,14857.04,14857.04,14850.03,14850.03,273
2026-07-31T11:45:00+00:00,14850.03,14860.050000000001,14849.04,14857.050000000001,217
2026-07-31T12:00:00+00:00,14857.050000000001,14858.04,14846.54,14848.050000000001,242
2026-07-31T12:15:00+00:00,14848.050000000001,14852.03,14843.04,14844.53,371
2026-07-31T12:30:00+00:00,14844.53,14848.050000000001,14832.550000000001,14840.04,438
2026-07-31T12:45:00+00:00,14840.04,14847.050000000001,14837.03,14843.03,232
2026-07-31T13:00:00+00:00,14843.03,14850.53,14840.54,14846.03,237
2026-07-31T13:15:00+00:00,14846.03,14865.04,14844.550000000001,14853.550000000001,365
2026-07-31T13:30:00+00:00,14853.550000000001,14857.550000000001,14821.54,14825.550000000001,1528
2026-07-31T13:45:00+00:00,14825.550000000001,14830.04,14800.03,14800.050000000001,1800
2026-07-31T14:00:00+00:00,14800.050000000001,14806.050000000001,14770.54,14777.550000000001,1766
2026-07-31T14:15:00+00:00,14777.550000000001,14804.550000000001,14770.050000000001,14804.550000000001,1423
2026-07-31T14:30:00+00:00,14804.550000000001,14815.550000000001,14802.550000000001,14812.04,1026
2026-07-31T14:45:00+00:00,14812.04,14827.04,14810.050000000001,14823.04,900
2026-07-31T15:00:00+00:00,14823.04,14825.03,14806.03,14812.050000000001,827
2026-07-31T15:15:00+00:00,14812.050000000001,14821.550000000001,14792.04,14799.03,943
2026-07-31T15:30:00+00:00,14799.03,14810.050000000001,14786.04,14799.53,798
2026-07-31T15:45:00+00:00,14799.53,14809.050000000001,14792.050000000001,14806.03,606
2026-07-31T16:00:00+00:00,14806.03,14814.050000000001,14799.03,14810.53,590
2026-07-31T16:15:00+00:00,14810.53,14819.04,14808.050000000001,14818.050000000001,461
2026-07-31T16:30:00+00:00,14818.050000000001,14824.04,14798.03,14798.550000000001,494
2026-07-31T16:45:00+00:00,14798.550000000001,14802.550000000001,14794.550000000001,14794.550000000001,494
2026-07-31T17:00:00+00:00,14794.550000000001,14800.050000000001,14787.03,14791.04,329
2026-07-31T17:15:00+00:00,14791.04,14806.050000000001,14791.03,14805.04,299
2026-07-31T17:30:00+00:00,14805.04,14806.050000000001,14790.54,14792.03,344
2026-07-31T17:45:00+00:00,14792.03,14794.550000000001,14782.03,14793.03,481
2026-07-31T18:00:00+00:00,14793.03,14815.050000000001,14793.03,14805.04,382
2026-07-31T18:15:00+00:00,14805.04,14815.54,14804.03,14814.03,313
2026-07-31T18:30:00+00:00,14814.03,14817.04,14812.03,14813.050000000001,256
2026-07-31T18:45:00+00:00,14813.050000000001,14817.04,14809.53,14817.04,152
2026-07-31T19:00:00+00:00,14817.04,14819.03,14812.04,14816.03,163
2026-07-31T19:15:00+00:00,14816.03,14822.050000000001,14815.03,14816.550000000001,179
2026-07-31T19:30:00+00:00,14816.550000000001,14826.050000000001,14815.03,14825.03,226
2026-07-31T19:45:00+00:00,14825.03,14837.550000000001,14824.050000000001,14828.050000000001,406
2026-07-31T20:00:00+00:00,14828.050000000001,14828.53,14817.04,14819.03,192
2026-07-31T20:15:00+00:00,14819.03,14820.04,14811.04,14812.04,87
2026-07-31T20:30:00+00:00,14812.04,14821.050000000001,14811.03,14819.03,136
